Copyright 1986-2022 Xilinx, Inc. All Rights Reserved. Copyright 2022-2024 Advanced Micro Devices, Inc. All Rights Reserved.
------------------------------------------------------------------------------------------------------------------------------------------------------------------------------------------------------------------------------------------
| Tool Version : Vivado v.2024.1 (lin64) Build 5076996 Wed May 22 18:36:09 MDT 2024
| Date         : Fri Mar 13 12:35:59 2026
| Host         : Younes running 64-bit Ubuntu 24.04.3 LTS
| Command      : report_timing_summary -max_paths 10 -report_unconstrained -file cva6_zybo_z7_20_timing_summary_routed.rpt -pb cva6_zybo_z7_20_timing_summary_routed.pb -rpx cva6_zybo_z7_20_timing_summary_routed.rpx -warn_on_violation
| Design       : cva6_zybo_z7_20
| Device       : 7z020-clg400
| Speed File   : -1  PRODUCTION 1.12 2019-11-22
| Design State : Routed
------------------------------------------------------------------------------------------------------------------------------------------------------------------------------------------------------------------------------------------

Timing Summary Report

------------------------------------------------------------------------------------------------
| Timer Settings
| --------------
------------------------------------------------------------------------------------------------

  Enable Multi Corner Analysis               :  Yes
  Enable Pessimism Removal                   :  Yes
  Pessimism Removal Resolution               :  Nearest Common Node
  Enable Input Delay Default Clock           :  No
  Enable Preset / Clear Arcs                 :  No
  Disable Flight Delays                      :  No
  Ignore I/O Paths                           :  No
  Timing Early Launch at Borrowing Latches   :  No
  Borrow Time for Max Delay Exceptions       :  Yes
  Merge Timing Exceptions                    :  Yes
  Inter-SLR Compensation                     :  Conservative

  Corner  Analyze    Analyze    
  Name    Max Paths  Min Paths  
  ------  ---------  ---------  
  Slow    Yes        Yes        
  Fast    Yes        Yes        


------------------------------------------------------------------------------------------------
| Report Methodology
| ------------------
------------------------------------------------------------------------------------------------

Rule       Severity          Description                                     Violations  
---------  ----------------  ----------------------------------------------  ----------  
TIMING-6   Critical Warning  No common primary clock between related clocks  1           
TIMING-7   Critical Warning  No common node between related clocks           1           
DPIR-1     Warning           Asynchronous driver check                       504         
LUTAR-1    Warning           LUT drives async reset alert                    4           
SYNTH-10   Warning           Wide multiplier                                 4           
TIMING-10  Warning           Missing property on synchronizer                1           
TIMING-18  Warning           Missing input or output delay                   3           
ULMTCS-1   Warning           Control Sets use limits recommend reduction     1           
XDCH-2     Warning           Same min and max delay values on IO port        3           

Note: This report is based on the most recent report_methodology run and may not be up-to-date. Run report_methodology on the current design for the latest report.



check_timing report

Table of Contents
-----------------
1. checking no_clock (0)
2. checking constant_clock (0)
3. checking pulse_width_clock (0)
4. checking unconstrained_internal_endpoints (0)
5. checking no_input_delay (2)
6. checking no_output_delay (1)
7. checking multiple_clock (0)
8. checking generated_clocks (0)
9. checking loops (0)
10. checking partial_input_delay (3)
11. checking partial_output_delay (0)
12. checking latch_loops (0)

1. checking no_clock (0)
------------------------
 There are 0 register/latch pins with no clock.


2. checking constant_clock (0)
------------------------------
 There are 0 register/latch pins with constant_clock.


3. checking pulse_width_clock (0)
---------------------------------
 There are 0 register/latch pins which need pulse_width check


4. checking unconstrained_internal_endpoints (0)
------------------------------------------------
 There are 0 pins that are not constrained for maximum delay.

 There are 0 pins that are not constrained for maximum delay due to constant clock.


5. checking no_input_delay (2)
------------------------------
 There are 2 input ports with no input delay specified. (HIGH)

 There are 0 input ports with no input delay but user has a false path constraint.


6. checking no_output_delay (1)
-------------------------------
 There is 1 port with no output delay specified. (HIGH)

 There are 0 ports with no output delay but user has a false path constraint

 There are 0 ports with no output delay but with a timing clock defined on it or propagating through it


7. checking multiple_clock (0)
------------------------------
 There are 0 register/latch pins with multiple clocks.


8. checking generated_clocks (0)
--------------------------------
 There are 0 generated clocks that are not connected to a clock source.


9. checking loops (0)
---------------------
 There are 0 combinational loops in the design.


10. checking partial_input_delay (3)
------------------------------------
 There are 3 input ports with partial input delay specified. (HIGH)


11. checking partial_output_delay (0)
-------------------------------------
 There are 0 ports with partial output delay specified.


12. checking latch_loops (0)
----------------------------
 There are 0 combinational latch loops in the design through latch input



------------------------------------------------------------------------------------------------
| Design Timing Summary
| ---------------------
------------------------------------------------------------------------------------------------

    WNS(ns)      TNS(ns)  TNS Failing Endpoints  TNS Total Endpoints      WHS(ns)      THS(ns)  THS Failing Endpoints  THS Total Endpoints     WPWS(ns)     TPWS(ns)  TPWS Failing Endpoints  TPWS Total Endpoints  
    -------      -------  ---------------------  -------------------      -------      -------  ---------------------  -------------------     --------     --------  ----------------------  --------------------  
      0.874        0.000                      0                78712        0.020        0.000                      0                78676        2.000        0.000                       0                 32085  


All user specified timing constraints are met.


------------------------------------------------------------------------------------------------
| Clock Summary
| -------------
------------------------------------------------------------------------------------------------

Clock                    Waveform(ns)         Period(ns)      Frequency(MHz)
-----                    ------------         ----------      --------------
clk_sys                  {0.000 4.000}        8.000           125.000         
  clk_out1_xlnx_clk_gen  {0.000 12.500}       25.000          40.000          
  clkfbout_xlnx_clk_gen  {0.000 4.000}        8.000           125.000         
tck                      {0.000 50.000}       100.000         10.000          


------------------------------------------------------------------------------------------------
| Intra Clock Table
| -----------------
------------------------------------------------------------------------------------------------

Clock                        WNS(ns)      TNS(ns)  TNS Failing Endpoints  TNS Total Endpoints      WHS(ns)      THS(ns)  THS Failing Endpoints  THS Total Endpoints     WPWS(ns)     TPWS(ns)  TPWS Failing Endpoints  TPWS Total Endpoints  
-----                        -------      -------  ---------------------  -------------------      -------      -------  ---------------------  -------------------     --------     --------  ----------------------  --------------------  
clk_sys                                                                                                                                                                    2.000        0.000                       0                     1  
  clk_out1_xlnx_clk_gen        0.874        0.000                      0                66327        0.020        0.000                      0                66327       11.250        0.000                       0                 31822  
  clkfbout_xlnx_clk_gen                                                                                                                                                    5.845        0.000                       0                     3  
tck                            1.491        0.000                      0                  453        0.046        0.000                      0                  453       49.500        0.000                       0                   259  


------------------------------------------------------------------------------------------------
| Inter Clock Table
| -----------------
------------------------------------------------------------------------------------------------

From Clock             To Clock                   WNS(ns)      TNS(ns)  TNS Failing Endpoints  TNS Total Endpoints      WHS(ns)      THS(ns)  THS Failing Endpoints  THS Total Endpoints  
----------             --------                   -------      -------  ---------------------  -------------------      -------      -------  ---------------------  -------------------  
tck                    clk_out1_xlnx_clk_gen       13.675        0.000                      0                   43        2.835        0.000                      0                   43  
clk_out1_xlnx_clk_gen  tck                         18.478        0.000                      0                   36                                                                        


------------------------------------------------------------------------------------------------
| Other Path Groups Table
| -----------------------
------------------------------------------------------------------------------------------------

Path Group             From Clock             To Clock                   WNS(ns)      TNS(ns)  TNS Failing Endpoints  TNS Total Endpoints      WHS(ns)      THS(ns)  THS Failing Endpoints  THS Total Endpoints  
----------             ----------             --------                   -------      -------  ---------------------  -------------------      -------      -------  ---------------------  -------------------  
**async_default**      clk_out1_xlnx_clk_gen  clk_out1_xlnx_clk_gen       21.216        0.000                      0                11853        0.537        0.000                      0                11853  


------------------------------------------------------------------------------------------------
| User Ignored Path Table
| -----------------------
------------------------------------------------------------------------------------------------

Path Group             From Clock             To Clock             
----------             ----------             --------             
(none)                 clk_out1_xlnx_clk_gen  clk_out1_xlnx_clk_gen  
(none)                                        tck                    
(none)                 clk_out1_xlnx_clk_gen  tck                    


------------------------------------------------------------------------------------------------
| Unconstrained Path Table
| ------------------------
------------------------------------------------------------------------------------------------

Path Group             From Clock             To Clock             
----------             ----------             --------             
(none)                 clk_out1_xlnx_clk_gen                         
(none)                 clkfbout_xlnx_clk_gen                         
(none)                                        clk_out1_xlnx_clk_gen  


------------------------------------------------------------------------------------------------
| Timing Details
| --------------
------------------------------------------------------------------------------------------------


---------------------------------------------------------------------------------------------------
From Clock:  clk_sys
  To Clock:  clk_sys

Setup :           NA  Failing Endpoints,  Worst Slack           NA  ,  Total Violation           NA
Hold  :           NA  Failing Endpoints,  Worst Slack           NA  ,  Total Violation           NA
PW    :            0  Failing Endpoints,  Worst Slack        2.000ns,  Total Violation        0.000ns
---------------------------------------------------------------------------------------------------


Pulse Width Checks
--------------------------------------------------------------------------------------
Clock Name:         clk_sys
Waveform(ns):       { 0.000 4.000 }
Period(ns):         8.000
Sources:            { clk_sys }

Check Type        Corner  Lib Pin            Reference Pin  Required(ns)  Actual(ns)  Slack(ns)  Location         Pin
Min Period        n/a     MMCME2_ADV/CLKIN1  n/a            1.249         8.000       6.751      MMCME2_ADV_X1Y2  i_xlnx_clk_gen/inst/mmcm_adv_inst/CLKIN1
Max Period        n/a     MMCME2_ADV/CLKIN1  n/a            100.000       8.000       92.000     MMCME2_ADV_X1Y2  i_xlnx_clk_gen/inst/mmcm_adv_inst/CLKIN1
Low Pulse Width   Slow    MMCME2_ADV/CLKIN1  n/a            2.000         4.000       2.000      MMCME2_ADV_X1Y2  i_xlnx_clk_gen/inst/mmcm_adv_inst/CLKIN1
Low Pulse Width   Fast    MMCME2_ADV/CLKIN1  n/a            2.000         4.000       2.000      MMCME2_ADV_X1Y2  i_xlnx_clk_gen/inst/mmcm_adv_inst/CLKIN1
High Pulse Width  Slow    MMCME2_ADV/CLKIN1  n/a            2.000         4.000       2.000      MMCME2_ADV_X1Y2  i_xlnx_clk_gen/inst/mmcm_adv_inst/CLKIN1
High Pulse Width  Fast    MMCME2_ADV/CLKIN1  n/a            2.000         4.000       2.000      MMCME2_ADV_X1Y2  i_xlnx_clk_gen/inst/mmcm_adv_inst/CLKIN1



---------------------------------------------------------------------------------------------------
From Clock:  clk_out1_xlnx_clk_gen
  To Clock:  clk_out1_xlnx_clk_gen

Setup :            0  Failing Endpoints,  Worst Slack        0.874ns,  Total Violation        0.000ns
Hold  :            0  Failing Endpoints,  Worst Slack        0.020ns,  Total Violation        0.000ns
PW    :            0  Failing Endpoints,  Worst Slack       11.250ns,  Total Violation        0.000ns
---------------------------------------------------------------------------------------------------


Max Delay Paths
--------------------------------------------------------------------------------------
Slack (MET) :             0.874ns  (required time - arrival time)
  Source:                 i_ariane/i_cva6/issue_stage_i/i_issue_read_operands/fu_data_q_reg[0][imm][1]/C
                            (rising edge-triggered cell FDCE clocked by clk_out1_xlnx_clk_gen  {rise@0.000ns fall@12.500ns period=25.000ns})
  Destination:            i_ariane/i_cva6/ex_stage_i/i_mult/bfy4_o2_q_reg[29]/D
                            (rising edge-triggered cell FDCE clocked by clk_out1_xlnx_clk_gen  {rise@0.000ns fall@12.500ns period=25.000ns})
  Path Group:             clk_out1_xlnx_clk_gen
  Path Type:              Setup (Max at Slow Process Corner)
  Requirement:            25.000ns  (clk_out1_xlnx_clk_gen rise@25.000ns - clk_out1_xlnx_clk_gen rise@0.000ns)
  Data Path Delay:        23.923ns  (logic 11.009ns (46.018%)  route 12.914ns (53.982%))
  Logic Levels:           19  (CARRY4=6 DSP48E1=2 LUT2=2 LUT3=1 LUT4=1 LUT5=1 LUT6=2 MUXF7=2 MUXF8=2)
  Clock Path Skew:        -0.229ns (DCD - SCD + CPR)
    Destination Clock Delay (DCD):    -1.676ns = ( 23.324 - 25.000 ) 
    Source Clock Delay      (SCD):    -0.980ns
    Clock Pessimism Removal (CPR):    0.467ns
  Clock Uncertainty:      0.082ns  ((TSJ^2 + DJ^2)^1/2) / 2 + PE
    Total System Jitter     (TSJ):    0.071ns
    Discrete Jitter          (DJ):    0.149ns
    Phase Error              (PE):    0.000ns

    Location             Delay type                Incr(ns)  Path(ns)    Netlist Resource(s)
  -------------------------------------------------------------------    -------------------
                         (clock clk_out1_xlnx_clk_gen rise edge)
                                                      0.000     0.000 r  
    K17                                               0.000     0.000 r  clk_sys (IN)
                         net (fo=0)                   0.000     0.000    i_xlnx_clk_gen/inst/clk_in1
    K17                  IBUF (Prop_ibuf_I_O)         1.475     1.475 r  i_xlnx_clk_gen/inst/clkin1_ibufg/O
                         net (fo=1, routed)           1.285     2.760    i_xlnx_clk_gen/inst/clk_in1_xlnx_clk_gen
    MMCME2_ADV_X1Y2      MMCME2_ADV (Prop_mmcme2_adv_CLKIN1_CLKOUT0)
                                                     -7.759    -4.999 r  i_xlnx_clk_gen/inst/mmcm_adv_inst/CLKOUT0
                         net (fo=1, routed)           2.206    -2.793    i_xlnx_clk_gen/inst/clk_out1_xlnx_clk_gen
    BUFGCTRL_X0Y16       BUFG (Prop_bufg_I_O)         0.101    -2.692 r  i_xlnx_clk_gen/inst/clkout1_buf/O
                         net (fo=31820, routed)       1.712    -0.980    i_ariane/i_cva6/issue_stage_i/i_issue_read_operands/clk_out1
    SLICE_X61Y89         FDCE                                         r  i_ariane/i_cva6/issue_stage_i/i_issue_read_operands/fu_data_q_reg[0][imm][1]/C
  -------------------------------------------------------------------    -------------------
    SLICE_X61Y89         FDCE (Prop_fdce_C_Q)         0.456    -0.524 r  i_ariane/i_cva6/issue_stage_i/i_issue_read_operands/fu_data_q_reg[0][imm][1]/Q
                         net (fo=72, routed)          1.990     1.466    i_ariane/i_cva6/issue_stage_i/i_issue_read_operands/fu_data_q_reg[0][imm][30]_0[1]
    SLICE_X64Y132        LUT2 (Prop_lut2_I1_O)        0.124     1.590 r  i_ariane/i_cva6/issue_stage_i/i_issue_read_operands/x0__1_i_3907/O
                         net (fo=64, routed)          1.787     3.377    i_ariane/i_cva6/ex_stage_i/i_mult/x0__1_i_1904_0
    SLICE_X89Y138        LUT6 (Prop_lut6_I2_O)        0.124     3.501 r  i_ariane/i_cva6/ex_stage_i/i_mult/x0__1_i_3809/O
                         net (fo=1, routed)           0.000     3.501    i_ariane/i_cva6/ex_stage_i/i_mult/x0__1_i_3809_n_0
    SLICE_X89Y138        MUXF7 (Prop_muxf7_I0_O)      0.238     3.739 r  i_ariane/i_cva6/ex_stage_i/i_mult/x0__1_i_1891/O
                         net (fo=1, routed)           0.000     3.739    i_ariane/i_cva6/ex_stage_i/i_mult/x0__1_i_1891_n_0
    SLICE_X89Y138        MUXF8 (Prop_muxf8_I0_O)      0.104     3.843 r  i_ariane/i_cva6/ex_stage_i/i_mult/x0__1_i_809/O
                         net (fo=1, routed)           1.608     5.451    i_ariane/i_cva6/ex_stage_i/i_mult/x0__1_i_809_n_0
    SLICE_X52Y137        LUT6 (Prop_lut6_I3_O)        0.316     5.767 r  i_ariane/i_cva6/ex_stage_i/i_mult/x0__1_i_270/O
                         net (fo=1, routed)           0.000     5.767    i_ariane/i_cva6/ex_stage_i/i_mult/x0__1_i_270_n_0
    SLICE_X52Y137        MUXF7 (Prop_muxf7_I1_O)      0.245     6.012 r  i_ariane/i_cva6/ex_stage_i/i_mult/x0__1_i_117/O
                         net (fo=1, routed)           0.000     6.012    i_ariane/i_cva6/ex_stage_i/i_mult/x0__1_i_117_n_0
    SLICE_X52Y137        MUXF8 (Prop_muxf8_I0_O)      0.104     6.116 r  i_ariane/i_cva6/ex_stage_i/i_mult/x0__1_i_50/O
                         net (fo=1, routed)           2.131     8.246    i_ariane/i_cva6/ex_stage_i/i_mult/x0__1_i_50_n_0
    SLICE_X30Y87         LUT5 (Prop_lut5_I2_O)        0.316     8.562 r  i_ariane/i_cva6/ex_stage_i/i_mult/x0__1_i_16/O
                         net (fo=4, routed)           0.940     9.502    i_ariane/i_cva6/ex_stage_i/i_mult/x0__1_i_16_n_0
    DSP48_X2Y36          DSP48E1 (Prop_dsp48e1_B[0]_P[30])
                                                      3.656    13.158 r  i_ariane/i_cva6/ex_stage_i/i_mult/x0__6/P[30]
                         net (fo=18, routed)          1.167    14.325    i_ariane/i_cva6/ex_stage_i/i_mult/x0__6_n_75
    DSP48_X2Y35          DSP48E1 (Prop_dsp48e1_C[31]_P[13])
                                                      1.820    16.145 r  i_ariane/i_cva6/ex_stage_i/i_mult/q15_round0_return0__6/P[13]
                         net (fo=1, routed)           1.005    17.150    i_ariane/i_cva6/ex_stage_i/i_mult/q15_round0_return0__6_n_92
    SLICE_X36Y84         CARRY4 (Prop_carry4_S[0]_CO[3])
                                                      0.637    17.787 r  i_ariane/i_cva6/ex_stage_i/i_mult/bfy4_o1_q_reg[3]_i_9/CO[3]
                         net (fo=1, routed)           0.000    17.787    i_ariane/i_cva6/ex_stage_i/i_mult/bfy4_o1_q_reg[3]_i_9_n_0
    SLICE_X36Y85         CARRY4 (Prop_carry4_CI_O[3])
                                                      0.315    18.102 r  i_ariane/i_cva6/ex_stage_i/i_mult/bfy4_o1_q_reg[7]_i_12/O[3]
                         net (fo=5, routed)           0.611    18.714    i_ariane/i_cva6/ex_stage_i/i_mult/bfy4_o1_q_reg[7]_i_12_n_4
    SLICE_X37Y86         LUT2 (Prop_lut2_I1_O)        0.307    19.021 r  i_ariane/i_cva6/ex_stage_i/i_mult/bfy4_o0_q[27]_i_14/O
                         net (fo=1, routed)           0.000    19.021    i_ariane/i_cva6/ex_stage_i/i_mult/bfy4_o0_q[27]_i_14_n_0
    SLICE_X37Y86         CARRY4 (Prop_carry4_S[1]_CO[3])
                                                      0.550    19.571 r  i_ariane/i_cva6/ex_stage_i/i_mult/bfy4_o0_q_reg[27]_i_11/CO[3]
                         net (fo=1, routed)           0.000    19.571    i_ariane/i_cva6/ex_stage_i/i_mult/bfy4_o0_q_reg[27]_i_11_n_0
    SLICE_X37Y87         CARRY4 (Prop_carry4_CI_O[0])
                                                      0.222    19.793 f  i_ariane/i_cva6/ex_stage_i/i_mult/bfy4_o0_q_reg[31]_i_11/O[0]
                         net (fo=4, routed)           0.789    20.581    i_ariane/i_cva6/ex_stage_i/i_mult/p_0_in[8]
    SLICE_X36Y80         LUT3 (Prop_lut3_I0_O)        0.291    20.872 r  i_ariane/i_cva6/ex_stage_i/i_mult/bfy4_o2_q[27]_i_4/O
                         net (fo=2, routed)           0.887    21.759    i_ariane/i_cva6/ex_stage_i/i_mult/bfy4_o2_q[27]_i_4_n_0
    SLICE_X36Y80         LUT4 (Prop_lut4_I3_O)        0.328    22.087 r  i_ariane/i_cva6/ex_stage_i/i_mult/bfy4_o2_q[27]_i_8/O
                         net (fo=1, routed)           0.000    22.087    i_ariane/i_cva6/ex_stage_i/i_mult/bfy4_o2_q[27]_i_8_n_0
    SLICE_X36Y80         CARRY4 (Prop_carry4_S[1]_CO[3])
                                                      0.533    22.620 r  i_ariane/i_cva6/ex_stage_i/i_mult/bfy4_o2_q_reg[27]_i_1/CO[3]
                         net (fo=1, routed)           0.000    22.620    i_ariane/i_cva6/ex_stage_i/i_mult/bfy4_o2_q_reg[27]_i_1_n_0
    SLICE_X36Y81         CARRY4 (Prop_carry4_CI_O[1])
                                                      0.323    22.943 r  i_ariane/i_cva6/ex_stage_i/i_mult/bfy4_o2_q_reg[31]_i_1/O[1]
                         net (fo=1, routed)           0.000    22.943    i_ariane/i_cva6/ex_stage_i/i_mult/bfy4_o2_q0[13]
    SLICE_X36Y81         FDCE                                         r  i_ariane/i_cva6/ex_stage_i/i_mult/bfy4_o2_q_reg[29]/D
  -------------------------------------------------------------------    -------------------

                         (clock clk_out1_xlnx_clk_gen rise edge)
                                                     25.000    25.000 r  
    K17                                               0.000    25.000 r  clk_sys (IN)
                         net (fo=0)                   0.000    25.000    i_xlnx_clk_gen/inst/clk_in1
    K17                  IBUF (Prop_ibuf_I_O)         1.404    26.404 r  i_xlnx_clk_gen/inst/clkin1_ibufg/O
                         net (fo=1, routed)           1.162    27.566    i_xlnx_clk_gen/inst/clk_in1_xlnx_clk_gen
    MMCME2_ADV_X1Y2      MMCME2_ADV (Prop_mmcme2_adv_CLKIN1_CLKOUT0)
                                                     -7.814    19.752 r  i_xlnx_clk_gen/inst/mmcm_adv_inst/CLKOUT0
                         net (fo=1, routed)           2.012    21.764    i_xlnx_clk_gen/inst/clk_out1_xlnx_clk_gen
    BUFGCTRL_X0Y16       BUFG (Prop_bufg_I_O)         0.091    21.855 r  i_xlnx_clk_gen/inst/clkout1_buf/O
                         net (fo=31820, routed)       1.469    23.324    i_ariane/i_cva6/ex_stage_i/i_mult/clk_out1
    SLICE_X36Y81         FDCE                                         r  i_ariane/i_cva6/ex_stage_i/i_mult/bfy4_o2_q_reg[29]/C
                         clock pessimism              0.467    23.790    
                         clock uncertainty           -0.082    23.708    
    SLICE_X36Y81         FDCE (Setup_fdce_C_D)        0.109    23.817    i_ariane/i_cva6/ex_stage_i/i_mult/bfy4_o2_q_reg[29]
  -------------------------------------------------------------------
                         required time                         23.817    
                         arrival time                         -22.943    
  -------------------------------------------------------------------
                         slack                                  0.874    

Slack (MET) :             0.882ns  (required time - arrival time)
  Source:                 i_ariane/i_cva6/issue_stage_i/i_issue_read_operands/fu_data_q_reg[0][imm][1]/C
                            (rising edge-triggered cell FDCE clocked by clk_out1_xlnx_clk_gen  {rise@0.000ns fall@12.500ns period=25.000ns})
  Destination:            i_ariane/i_cva6/ex_stage_i/i_mult/bfy4_o2_q_reg[31]/D
                            (rising edge-triggered cell FDCE clocked by clk_out1_xlnx_clk_gen  {rise@0.000ns fall@12.500ns period=25.000ns})
  Path Group:             clk_out1_xlnx_clk_gen
  Path Type:              Setup (Max at Slow Process Corner)
  Requirement:            25.000ns  (clk_out1_xlnx_clk_gen rise@25.000ns - clk_out1_xlnx_clk_gen rise@0.000ns)
  Data Path Delay:        23.915ns  (logic 11.001ns (46.000%)  route 12.914ns (54.000%))
  Logic Levels:           19  (CARRY4=6 DSP48E1=2 LUT2=2 LUT3=1 LUT4=1 LUT5=1 LUT6=2 MUXF7=2 MUXF8=2)
  Clock Path Skew:        -0.229ns (DCD - SCD + CPR)
    Destination Clock Delay (DCD):    -1.676ns = ( 23.324 - 25.000 ) 
    Source Clock Delay      (SCD):    -0.980ns
    Clock Pessimism Removal (CPR):    0.467ns
  Clock Uncertainty:      0.082ns  ((TSJ^2 + DJ^2)^1/2) / 2 + PE
    Total System Jitter     (TSJ):    0.071ns
    Discrete Jitter          (DJ):    0.149ns
    Phase Error              (PE):    0.000ns

    Location             Delay type                Incr(ns)  Path(ns)    Netlist Resource(s)
  -------------------------------------------------------------------    -------------------
                         (clock clk_out1_xlnx_clk_gen rise edge)
                                                      0.000     0.000 r  
    K17                                               0.000     0.000 r  clk_sys (IN)
                         net (fo=0)                   0.000     0.000    i_xlnx_clk_gen/inst/clk_in1
    K17                  IBUF (Prop_ibuf_I_O)         1.475     1.475 r  i_xlnx_clk_gen/inst/clkin1_ibufg/O
                         net (fo=1, routed)           1.285     2.760    i_xlnx_clk_gen/inst/clk_in1_xlnx_clk_gen
    MMCME2_ADV_X1Y2      MMCME2_ADV (Prop_mmcme2_adv_CLKIN1_CLKOUT0)
                                                     -7.759    -4.999 r  i_xlnx_clk_gen/inst/mmcm_adv_inst/CLKOUT0
                         net (fo=1, routed)           2.206    -2.793    i_xlnx_clk_gen/inst/clk_out1_xlnx_clk_gen
    BUFGCTRL_X0Y16       BUFG (Prop_bufg_I_O)         0.101    -2.692 r  i_xlnx_clk_gen/inst/clkout1_buf/O
                         net (fo=31820, routed)       1.712    -0.980    i_ariane/i_cva6/issue_stage_i/i_issue_read_operands/clk_out1
    SLICE_X61Y89         FDCE                                         r  i_ariane/i_cva6/issue_stage_i/i_issue_read_operands/fu_data_q_reg[0][imm][1]/C
  -------------------------------------------------------------------    -------------------
    SLICE_X61Y89         FDCE (Prop_fdce_C_Q)         0.456    -0.524 r  i_ariane/i_cva6/issue_stage_i/i_issue_read_operands/fu_data_q_reg[0][imm][1]/Q
                         net (fo=72, routed)          1.990     1.466    i_ariane/i_cva6/issue_stage_i/i_issue_read_operands/fu_data_q_reg[0][imm][30]_0[1]
    SLICE_X64Y132        LUT2 (Prop_lut2_I1_O)        0.124     1.590 r  i_ariane/i_cva6/issue_stage_i/i_issue_read_operands/x0__1_i_3907/O
                         net (fo=64, routed)          1.787     3.377    i_ariane/i_cva6/ex_stage_i/i_mult/x0__1_i_1904_0
    SLICE_X89Y138        LUT6 (Prop_lut6_I2_O)        0.124     3.501 r  i_ariane/i_cva6/ex_stage_i/i_mult/x0__1_i_3809/O
                         net (fo=1, routed)           0.000     3.501    i_ariane/i_cva6/ex_stage_i/i_mult/x0__1_i_3809_n_0
    SLICE_X89Y138        MUXF7 (Prop_muxf7_I0_O)      0.238     3.739 r  i_ariane/i_cva6/ex_stage_i/i_mult/x0__1_i_1891/O
                         net (fo=1, routed)           0.000     3.739    i_ariane/i_cva6/ex_stage_i/i_mult/x0__1_i_1891_n_0
    SLICE_X89Y138        MUXF8 (Prop_muxf8_I0_O)      0.104     3.843 r  i_ariane/i_cva6/ex_stage_i/i_mult/x0__1_i_809/O
                         net (fo=1, routed)           1.608     5.451    i_ariane/i_cva6/ex_stage_i/i_mult/x0__1_i_809_n_0
    SLICE_X52Y137        LUT6 (Prop_lut6_I3_O)        0.316     5.767 r  i_ariane/i_cva6/ex_stage_i/i_mult/x0__1_i_270/O
                         net (fo=1, routed)           0.000     5.767    i_ariane/i_cva6/ex_stage_i/i_mult/x0__1_i_270_n_0
    SLICE_X52Y137        MUXF7 (Prop_muxf7_I1_O)      0.245     6.012 r  i_ariane/i_cva6/ex_stage_i/i_mult/x0__1_i_117/O
                         net (fo=1, routed)           0.000     6.012    i_ariane/i_cva6/ex_stage_i/i_mult/x0__1_i_117_n_0
    SLICE_X52Y137        MUXF8 (Prop_muxf8_I0_O)      0.104     6.116 r  i_ariane/i_cva6/ex_stage_i/i_mult/x0__1_i_50/O
                         net (fo=1, routed)           2.131     8.246    i_ariane/i_cva6/ex_stage_i/i_mult/x0__1_i_50_n_0
    SLICE_X30Y87         LUT5 (Prop_lut5_I2_O)        0.316     8.562 r  i_ariane/i_cva6/ex_stage_i/i_mult/x0__1_i_16/O
                         net (fo=4, routed)           0.940     9.502    i_ariane/i_cva6/ex_stage_i/i_mult/x0__1_i_16_n_0
    DSP48_X2Y36          DSP48E1 (Prop_dsp48e1_B[0]_P[30])
                                                      3.656    13.158 r  i_ariane/i_cva6/ex_stage_i/i_mult/x0__6/P[30]
                         net (fo=18, routed)          1.167    14.325    i_ariane/i_cva6/ex_stage_i/i_mult/x0__6_n_75
    DSP48_X2Y35          DSP48E1 (Prop_dsp48e1_C[31]_P[13])
                                                      1.820    16.145 r  i_ariane/i_cva6/ex_stage_i/i_mult/q15_round0_return0__6/P[13]
                         net (fo=1, routed)           1.005    17.150    i_ariane/i_cva6/ex_stage_i/i_mult/q15_round0_return0__6_n_92
    SLICE_X36Y84         CARRY4 (Prop_carry4_S[0]_CO[3])
                                                      0.637    17.787 r  i_ariane/i_cva6/ex_stage_i/i_mult/bfy4_o1_q_reg[3]_i_9/CO[3]
                         net (fo=1, routed)           0.000    17.787    i_ariane/i_cva6/ex_stage_i/i_mult/bfy4_o1_q_reg[3]_i_9_n_0
    SLICE_X36Y85         CARRY4 (Prop_carry4_CI_O[3])
                                                      0.315    18.102 r  i_ariane/i_cva6/ex_stage_i/i_mult/bfy4_o1_q_reg[7]_i_12/O[3]
                         net (fo=5, routed)           0.611    18.714    i_ariane/i_cva6/ex_stage_i/i_mult/bfy4_o1_q_reg[7]_i_12_n_4
    SLICE_X37Y86         LUT2 (Prop_lut2_I1_O)        0.307    19.021 r  i_ariane/i_cva6/ex_stage_i/i_mult/bfy4_o0_q[27]_i_14/O
                         net (fo=1, routed)           0.000    19.021    i_ariane/i_cva6/ex_stage_i/i_mult/bfy4_o0_q[27]_i_14_n_0
    SLICE_X37Y86         CARRY4 (Prop_carry4_S[1]_CO[3])
                                                      0.550    19.571 r  i_ariane/i_cva6/ex_stage_i/i_mult/bfy4_o0_q_reg[27]_i_11/CO[3]
                         net (fo=1, routed)           0.000    19.571    i_ariane/i_cva6/ex_stage_i/i_mult/bfy4_o0_q_reg[27]_i_11_n_0
    SLICE_X37Y87         CARRY4 (Prop_carry4_CI_O[0])
                                                      0.222    19.793 f  i_ariane/i_cva6/ex_stage_i/i_mult/bfy4_o0_q_reg[31]_i_11/O[0]
                         net (fo=4, routed)           0.789    20.581    i_ariane/i_cva6/ex_stage_i/i_mult/p_0_in[8]
    SLICE_X36Y80         LUT3 (Prop_lut3_I0_O)        0.291    20.872 r  i_ariane/i_cva6/ex_stage_i/i_mult/bfy4_o2_q[27]_i_4/O
                         net (fo=2, routed)           0.887    21.759    i_ariane/i_cva6/ex_stage_i/i_mult/bfy4_o2_q[27]_i_4_n_0
    SLICE_X36Y80         LUT4 (Prop_lut4_I3_O)        0.328    22.087 r  i_ariane/i_cva6/ex_stage_i/i_mult/bfy4_o2_q[27]_i_8/O
                         net (fo=1, routed)           0.000    22.087    i_ariane/i_cva6/ex_stage_i/i_mult/bfy4_o2_q[27]_i_8_n_0
    SLICE_X36Y80         CARRY4 (Prop_carry4_S[1]_CO[3])
                                                      0.533    22.620 r  i_ariane/i_cva6/ex_stage_i/i_mult/bfy4_o2_q_reg[27]_i_1/CO[3]
                         net (fo=1, routed)           0.000    22.620    i_ariane/i_cva6/ex_stage_i/i_mult/bfy4_o2_q_reg[27]_i_1_n_0
    SLICE_X36Y81         CARRY4 (Prop_carry4_CI_O[3])
                                                      0.315    22.935 r  i_ariane/i_cva6/ex_stage_i/i_mult/bfy4_o2_q_reg[31]_i_1/O[3]
                         net (fo=1, routed)           0.000    22.935    i_ariane/i_cva6/ex_stage_i/i_mult/bfy4_o2_q0[15]
    SLICE_X36Y81         FDCE                                         r  i_ariane/i_cva6/ex_stage_i/i_mult/bfy4_o2_q_reg[31]/D
  -------------------------------------------------------------------    -------------------

                         (clock clk_out1_xlnx_clk_gen rise edge)
                                                     25.000    25.000 r  
    K17                                               0.000    25.000 r  clk_sys (IN)
                         net (fo=0)                   0.000    25.000    i_xlnx_clk_gen/inst/clk_in1
    K17                  IBUF (Prop_ibuf_I_O)         1.404    26.404 r  i_xlnx_clk_gen/inst/clkin1_ibufg/O
                         net (fo=1, routed)           1.162    27.566    i_xlnx_clk_gen/inst/clk_in1_xlnx_clk_gen
    MMCME2_ADV_X1Y2      MMCME2_ADV (Prop_mmcme2_adv_CLKIN1_CLKOUT0)
                                                     -7.814    19.752 r  i_xlnx_clk_gen/inst/mmcm_adv_inst/CLKOUT0
                         net (fo=1, routed)           2.012    21.764    i_xlnx_clk_gen/inst/clk_out1_xlnx_clk_gen
    BUFGCTRL_X0Y16       BUFG (Prop_bufg_I_O)         0.091    21.855 r  i_xlnx_clk_gen/inst/clkout1_buf/O
                         net (fo=31820, routed)       1.469    23.324    i_ariane/i_cva6/ex_stage_i/i_mult/clk_out1
    SLICE_X36Y81         FDCE                                         r  i_ariane/i_cva6/ex_stage_i/i_mult/bfy4_o2_q_reg[31]/C
                         clock pessimism              0.467    23.790    
                         clock uncertainty           -0.082    23.708    
    SLICE_X36Y81         FDCE (Setup_fdce_C_D)        0.109    23.817    i_ariane/i_cva6/ex_stage_i/i_mult/bfy4_o2_q_reg[31]
  -------------------------------------------------------------------
                         required time                         23.817    
                         arrival time                         -22.935    
  -------------------------------------------------------------------
                         slack                                  0.882    

Slack (MET) :             0.889ns  (required time - arrival time)
  Source:                 i_ariane/i_cva6/issue_stage_i/i_issue_read_operands/fu_data_q_reg[0][imm][1]/C
                            (rising edge-triggered cell FDCE clocked by clk_out1_xlnx_clk_gen  {rise@0.000ns fall@12.500ns period=25.000ns})
  Destination:            i_ariane/i_cva6/ex_stage_i/i_mult/bfy4_o0_q_reg[29]/D
                            (rising edge-triggered cell FDCE clocked by clk_out1_xlnx_clk_gen  {rise@0.000ns fall@12.500ns period=25.000ns})
  Path Group:             clk_out1_xlnx_clk_gen
  Path Type:              Setup (Max at Slow Process Corner)
  Requirement:            25.000ns  (clk_out1_xlnx_clk_gen rise@25.000ns - clk_out1_xlnx_clk_gen rise@0.000ns)
  Data Path Delay:        23.861ns  (logic 10.931ns (45.811%)  route 12.930ns (54.189%))
  Logic Levels:           19  (CARRY4=6 DSP48E1=2 LUT2=2 LUT3=1 LUT4=1 LUT5=1 LUT6=2 MUXF7=2 MUXF8=2)
  Clock Path Skew:        -0.230ns (DCD - SCD + CPR)
    Destination Clock Delay (DCD):    -1.677ns = ( 23.323 - 25.000 ) 
    Source Clock Delay      (SCD):    -0.980ns
    Clock Pessimism Removal (CPR):    0.467ns
  Clock Uncertainty:      0.082ns  ((TSJ^2 + DJ^2)^1/2) / 2 + PE
    Total System Jitter     (TSJ):    0.071ns
    Discrete Jitter          (DJ):    0.149ns
    Phase Error              (PE):    0.000ns

    Location             Delay type                Incr(ns)  Path(ns)    Netlist Resource(s)
  -------------------------------------------------------------------    -------------------
                         (clock clk_out1_xlnx_clk_gen rise edge)
                                                      0.000     0.000 r  
    K17                                               0.000     0.000 r  clk_sys (IN)
                         net (fo=0)                   0.000     0.000    i_xlnx_clk_gen/inst/clk_in1
    K17                  IBUF (Prop_ibuf_I_O)         1.475     1.475 r  i_xlnx_clk_gen/inst/clkin1_ibufg/O
                         net (fo=1, routed)           1.285     2.760    i_xlnx_clk_gen/inst/clk_in1_xlnx_clk_gen
    MMCME2_ADV_X1Y2      MMCME2_ADV (Prop_mmcme2_adv_CLKIN1_CLKOUT0)
                                                     -7.759    -4.999 r  i_xlnx_clk_gen/inst/mmcm_adv_inst/CLKOUT0
                         net (fo=1, routed)           2.206    -2.793    i_xlnx_clk_gen/inst/clk_out1_xlnx_clk_gen
    BUFGCTRL_X0Y16       BUFG (Prop_bufg_I_O)         0.101    -2.692 r  i_xlnx_clk_gen/inst/clkout1_buf/O
                         net (fo=31820, routed)       1.712    -0.980    i_ariane/i_cva6/issue_stage_i/i_issue_read_operands/clk_out1
    SLICE_X61Y89         FDCE                                         r  i_ariane/i_cva6/issue_stage_i/i_issue_read_operands/fu_data_q_reg[0][imm][1]/C
  -------------------------------------------------------------------    -------------------
    SLICE_X61Y89         FDCE (Prop_fdce_C_Q)         0.456    -0.524 r  i_ariane/i_cva6/issue_stage_i/i_issue_read_operands/fu_data_q_reg[0][imm][1]/Q
                         net (fo=72, routed)          1.990     1.466    i_ariane/i_cva6/issue_stage_i/i_issue_read_operands/fu_data_q_reg[0][imm][30]_0[1]
    SLICE_X64Y132        LUT2 (Prop_lut2_I1_O)        0.124     1.590 r  i_ariane/i_cva6/issue_stage_i/i_issue_read_operands/x0__1_i_3907/O
                         net (fo=64, routed)          1.787     3.377    i_ariane/i_cva6/ex_stage_i/i_mult/x0__1_i_1904_0
    SLICE_X89Y138        LUT6 (Prop_lut6_I2_O)        0.124     3.501 r  i_ariane/i_cva6/ex_stage_i/i_mult/x0__1_i_3809/O
                         net (fo=1, routed)           0.000     3.501    i_ariane/i_cva6/ex_stage_i/i_mult/x0__1_i_3809_n_0
    SLICE_X89Y138        MUXF7 (Prop_muxf7_I0_O)      0.238     3.739 r  i_ariane/i_cva6/ex_stage_i/i_mult/x0__1_i_1891/O
                         net (fo=1, routed)           0.000     3.739    i_ariane/i_cva6/ex_stage_i/i_mult/x0__1_i_1891_n_0
    SLICE_X89Y138        MUXF8 (Prop_muxf8_I0_O)      0.104     3.843 r  i_ariane/i_cva6/ex_stage_i/i_mult/x0__1_i_809/O
                         net (fo=1, routed)           1.608     5.451    i_ariane/i_cva6/ex_stage_i/i_mult/x0__1_i_809_n_0
    SLICE_X52Y137        LUT6 (Prop_lut6_I3_O)        0.316     5.767 r  i_ariane/i_cva6/ex_stage_i/i_mult/x0__1_i_270/O
                         net (fo=1, routed)           0.000     5.767    i_ariane/i_cva6/ex_stage_i/i_mult/x0__1_i_270_n_0
    SLICE_X52Y137        MUXF7 (Prop_muxf7_I1_O)      0.245     6.012 r  i_ariane/i_cva6/ex_stage_i/i_mult/x0__1_i_117/O
                         net (fo=1, routed)           0.000     6.012    i_ariane/i_cva6/ex_stage_i/i_mult/x0__1_i_117_n_0
    SLICE_X52Y137        MUXF8 (Prop_muxf8_I0_O)      0.104     6.116 r  i_ariane/i_cva6/ex_stage_i/i_mult/x0__1_i_50/O
                         net (fo=1, routed)           2.131     8.246    i_ariane/i_cva6/ex_stage_i/i_mult/x0__1_i_50_n_0
    SLICE_X30Y87         LUT5 (Prop_lut5_I2_O)        0.316     8.562 r  i_ariane/i_cva6/ex_stage_i/i_mult/x0__1_i_16/O
                         net (fo=4, routed)           0.940     9.502    i_ariane/i_cva6/ex_stage_i/i_mult/x0__1_i_16_n_0
    DSP48_X2Y36          DSP48E1 (Prop_dsp48e1_B[0]_P[30])
                                                      3.656    13.158 r  i_ariane/i_cva6/ex_stage_i/i_mult/x0__6/P[30]
                         net (fo=18, routed)          1.167    14.325    i_ariane/i_cva6/ex_stage_i/i_mult/x0__6_n_75
    DSP48_X2Y35          DSP48E1 (Prop_dsp48e1_C[31]_P[13])
                                                      1.820    16.145 r  i_ariane/i_cva6/ex_stage_i/i_mult/q15_round0_return0__6/P[13]
                         net (fo=1, routed)           1.005    17.150    i_ariane/i_cva6/ex_stage_i/i_mult/q15_round0_return0__6_n_92
    SLICE_X36Y84         CARRY4 (Prop_carry4_S[0]_O[3])
                                                      0.732    17.882 r  i_ariane/i_cva6/ex_stage_i/i_mult/bfy4_o1_q_reg[3]_i_9/O[3]
                         net (fo=7, routed)           0.643    18.525    i_ariane/i_cva6/ex_stage_i/i_mult/bfy4_o1_q_reg[3]_i_9_n_4
    SLICE_X37Y85         LUT2 (Prop_lut2_I1_O)        0.307    18.832 r  i_ariane/i_cva6/ex_stage_i/i_mult/bfy4_o0_q[23]_i_14/O
                         net (fo=1, routed)           0.000    18.832    i_ariane/i_cva6/ex_stage_i/i_mult/bfy4_o0_q[23]_i_14_n_0
    SLICE_X37Y85         CARRY4 (Prop_carry4_S[1]_CO[3])
                                                      0.550    19.382 r  i_ariane/i_cva6/ex_stage_i/i_mult/bfy4_o0_q_reg[23]_i_11/CO[3]
                         net (fo=1, routed)           0.000    19.382    i_ariane/i_cva6/ex_stage_i/i_mult/bfy4_o0_q_reg[23]_i_11_n_0
    SLICE_X37Y86         CARRY4 (Prop_carry4_CI_O[0])
                                                      0.222    19.604 r  i_ariane/i_cva6/ex_stage_i/i_mult/bfy4_o0_q_reg[27]_i_11/O[0]
                         net (fo=4, routed)           0.814    20.419    i_ariane/i_cva6/ex_stage_i/i_mult/p_0_in[4]
    SLICE_X37Y78         LUT3 (Prop_lut3_I1_O)        0.293    20.712 r  i_ariane/i_cva6/ex_stage_i/i_mult/bfy4_o0_q[23]_i_4/O
                         net (fo=2, routed)           0.845    21.557    i_ariane/i_cva6/ex_stage_i/i_mult/bfy4_o0_q[23]_i_4_n_0
    SLICE_X37Y78         LUT4 (Prop_lut4_I3_O)        0.326    21.883 r  i_ariane/i_cva6/ex_stage_i/i_mult/bfy4_o0_q[23]_i_8/O
                         net (fo=1, routed)           0.000    21.883    i_ariane/i_cva6/ex_stage_i/i_mult/bfy4_o0_q[23]_i_8_n_0
    SLICE_X37Y78         CARRY4 (Prop_carry4_S[1]_CO[3])
                                                      0.550    22.433 r  i_ariane/i_cva6/ex_stage_i/i_mult/bfy4_o0_q_reg[23]_i_1/CO[3]
                         net (fo=1, routed)           0.000    22.433    i_ariane/i_cva6/ex_stage_i/i_mult/bfy4_o0_q_reg[23]_i_1_n_0
    SLICE_X37Y79         CARRY4 (Prop_carry4_CI_CO[3])
                                                      0.114    22.547 r  i_ariane/i_cva6/ex_stage_i/i_mult/bfy4_o0_q_reg[27]_i_1/CO[3]
                         net (fo=1, routed)           0.000    22.547    i_ariane/i_cva6/ex_stage_i/i_mult/bfy4_o0_q_reg[27]_i_1_n_0
    SLICE_X37Y80         CARRY4 (Prop_carry4_CI_O[1])
                                                      0.334    22.881 r  i_ariane/i_cva6/ex_stage_i/i_mult/bfy4_o0_q_reg[31]_i_1/O[1]
                         net (fo=1, routed)           0.000    22.881    i_ariane/i_cva6/ex_stage_i/i_mult/bfy4_o0_q0[13]
    SLICE_X37Y80         FDCE                                         r  i_ariane/i_cva6/ex_stage_i/i_mult/bfy4_o0_q_reg[29]/D
  -------------------------------------------------------------------    -------------------

                         (clock clk_out1_xlnx_clk_gen rise edge)
                                                     25.000    25.000 r  
    K17                                               0.000    25.000 r  clk_sys (IN)
                         net (fo=0)                   0.000    25.000    i_xlnx_clk_gen/inst/clk_in1
    K17                  IBUF (Prop_ibuf_I_O)         1.404    26.404 r  i_xlnx_clk_gen/inst/clkin1_ibufg/O
                         net (fo=1, routed)           1.162    27.566    i_xlnx_clk_gen/inst/clk_in1_xlnx_clk_gen
    MMCME2_ADV_X1Y2      MMCME2_ADV (Prop_mmcme2_adv_CLKIN1_CLKOUT0)
                                                     -7.814    19.752 r  i_xlnx_clk_gen/inst/mmcm_adv_inst/CLKOUT0
                         net (fo=1, routed)           2.012    21.764    i_xlnx_clk_gen/inst/clk_out1_xlnx_clk_gen
    BUFGCTRL_X0Y16       BUFG (Prop_bufg_I_O)         0.091    21.855 r  i_xlnx_clk_gen/inst/clkout1_buf/O
                         net (fo=31820, routed)       1.468    23.323    i_ariane/i_cva6/ex_stage_i/i_mult/clk_out1
    SLICE_X37Y80         FDCE                                         r  i_ariane/i_cva6/ex_stage_i/i_mult/bfy4_o0_q_reg[29]/C
                         clock pessimism              0.467    23.789    
                         clock uncertainty           -0.082    23.707    
    SLICE_X37Y80         FDCE (Setup_fdce_C_D)        0.062    23.769    i_ariane/i_cva6/ex_stage_i/i_mult/bfy4_o0_q_reg[29]
  -------------------------------------------------------------------
                         required time                         23.769    
                         arrival time                         -22.881    
  -------------------------------------------------------------------
                         slack                                  0.889    

Slack (MET) :             0.910ns  (required time - arrival time)
  Source:                 i_ariane/i_cva6/issue_stage_i/i_issue_read_operands/fu_data_q_reg[0][imm][1]/C
                            (rising edge-triggered cell FDCE clocked by clk_out1_xlnx_clk_gen  {rise@0.000ns fall@12.500ns period=25.000ns})
  Destination:            i_ariane/i_cva6/ex_stage_i/i_mult/bfy4_o0_q_reg[31]/D
                            (rising edge-triggered cell FDCE clocked by clk_out1_xlnx_clk_gen  {rise@0.000ns fall@12.500ns period=25.000ns})
  Path Group:             clk_out1_xlnx_clk_gen
  Path Type:              Setup (Max at Slow Process Corner)
  Requirement:            25.000ns  (clk_out1_xlnx_clk_gen rise@25.000ns - clk_out1_xlnx_clk_gen rise@0.000ns)
  Data Path Delay:        23.840ns  (logic 10.910ns (45.764%)  route 12.930ns (54.236%))
  Logic Levels:           19  (CARRY4=6 DSP48E1=2 LUT2=2 LUT3=1 LUT4=1 LUT5=1 LUT6=2 MUXF7=2 MUXF8=2)
  Clock Path Skew:        -0.230ns (DCD - SCD + CPR)
    Destination Clock Delay (DCD):    -1.677ns = ( 23.323 - 25.000 ) 
    Source Clock Delay      (SCD):    -0.980ns
    Clock Pessimism Removal (CPR):    0.467ns
  Clock Uncertainty:      0.082ns  ((TSJ^2 + DJ^2)^1/2) / 2 + PE
    Total System Jitter     (TSJ):    0.071ns
    Discrete Jitter          (DJ):    0.149ns
    Phase Error              (PE):    0.000ns

    Location             Delay type                Incr(ns)  Path(ns)    Netlist Resource(s)
  -------------------------------------------------------------------    -------------------
                         (clock clk_out1_xlnx_clk_gen rise edge)
                                                      0.000     0.000 r  
    K17                                               0.000     0.000 r  clk_sys (IN)
                         net (fo=0)                   0.000     0.000    i_xlnx_clk_gen/inst/clk_in1
    K17                  IBUF (Prop_ibuf_I_O)         1.475     1.475 r  i_xlnx_clk_gen/inst/clkin1_ibufg/O
                         net (fo=1, routed)           1.285     2.760    i_xlnx_clk_gen/inst/clk_in1_xlnx_clk_gen
    MMCME2_ADV_X1Y2      MMCME2_ADV (Prop_mmcme2_adv_CLKIN1_CLKOUT0)
                                                     -7.759    -4.999 r  i_xlnx_clk_gen/inst/mmcm_adv_inst/CLKOUT0
                         net (fo=1, routed)           2.206    -2.793    i_xlnx_clk_gen/inst/clk_out1_xlnx_clk_gen
    BUFGCTRL_X0Y16       BUFG (Prop_bufg_I_O)         0.101    -2.692 r  i_xlnx_clk_gen/inst/clkout1_buf/O
                         net (fo=31820, routed)       1.712    -0.980    i_ariane/i_cva6/issue_stage_i/i_issue_read_operands/clk_out1
    SLICE_X61Y89         FDCE                                         r  i_ariane/i_cva6/issue_stage_i/i_issue_read_operands/fu_data_q_reg[0][imm][1]/C
  -------------------------------------------------------------------    -------------------
    SLICE_X61Y89         FDCE (Prop_fdce_C_Q)         0.456    -0.524 r  i_ariane/i_cva6/issue_stage_i/i_issue_read_operands/fu_data_q_reg[0][imm][1]/Q
                         net (fo=72, routed)          1.990     1.466    i_ariane/i_cva6/issue_stage_i/i_issue_read_operands/fu_data_q_reg[0][imm][30]_0[1]
    SLICE_X64Y132        LUT2 (Prop_lut2_I1_O)        0.124     1.590 r  i_ariane/i_cva6/issue_stage_i/i_issue_read_operands/x0__1_i_3907/O
                         net (fo=64, routed)          1.787     3.377    i_ariane/i_cva6/ex_stage_i/i_mult/x0__1_i_1904_0
    SLICE_X89Y138        LUT6 (Prop_lut6_I2_O)        0.124     3.501 r  i_ariane/i_cva6/ex_stage_i/i_mult/x0__1_i_3809/O
                         net (fo=1, routed)           0.000     3.501    i_ariane/i_cva6/ex_stage_i/i_mult/x0__1_i_3809_n_0
    SLICE_X89Y138        MUXF7 (Prop_muxf7_I0_O)      0.238     3.739 r  i_ariane/i_cva6/ex_stage_i/i_mult/x0__1_i_1891/O
                         net (fo=1, routed)           0.000     3.739    i_ariane/i_cva6/ex_stage_i/i_mult/x0__1_i_1891_n_0
    SLICE_X89Y138        MUXF8 (Prop_muxf8_I0_O)      0.104     3.843 r  i_ariane/i_cva6/ex_stage_i/i_mult/x0__1_i_809/O
                         net (fo=1, routed)           1.608     5.451    i_ariane/i_cva6/ex_stage_i/i_mult/x0__1_i_809_n_0
    SLICE_X52Y137        LUT6 (Prop_lut6_I3_O)        0.316     5.767 r  i_ariane/i_cva6/ex_stage_i/i_mult/x0__1_i_270/O
                         net (fo=1, routed)           0.000     5.767    i_ariane/i_cva6/ex_stage_i/i_mult/x0__1_i_270_n_0
    SLICE_X52Y137        MUXF7 (Prop_muxf7_I1_O)      0.245     6.012 r  i_ariane/i_cva6/ex_stage_i/i_mult/x0__1_i_117/O
                         net (fo=1, routed)           0.000     6.012    i_ariane/i_cva6/ex_stage_i/i_mult/x0__1_i_117_n_0
    SLICE_X52Y137        MUXF8 (Prop_muxf8_I0_O)      0.104     6.116 r  i_ariane/i_cva6/ex_stage_i/i_mult/x0__1_i_50/O
                         net (fo=1, routed)           2.131     8.246    i_ariane/i_cva6/ex_stage_i/i_mult/x0__1_i_50_n_0
    SLICE_X30Y87         LUT5 (Prop_lut5_I2_O)        0.316     8.562 r  i_ariane/i_cva6/ex_stage_i/i_mult/x0__1_i_16/O
                         net (fo=4, routed)           0.940     9.502    i_ariane/i_cva6/ex_stage_i/i_mult/x0__1_i_16_n_0
    DSP48_X2Y36          DSP48E1 (Prop_dsp48e1_B[0]_P[30])
                                                      3.656    13.158 r  i_ariane/i_cva6/ex_stage_i/i_mult/x0__6/P[30]
                         net (fo=18, routed)          1.167    14.325    i_ariane/i_cva6/ex_stage_i/i_mult/x0__6_n_75
    DSP48_X2Y35          DSP48E1 (Prop_dsp48e1_C[31]_P[13])
                                                      1.820    16.145 r  i_ariane/i_cva6/ex_stage_i/i_mult/q15_round0_return0__6/P[13]
                         net (fo=1, routed)           1.005    17.150    i_ariane/i_cva6/ex_stage_i/i_mult/q15_round0_return0__6_n_92
    SLICE_X36Y84         CARRY4 (Prop_carry4_S[0]_O[3])
                                                      0.732    17.882 r  i_ariane/i_cva6/ex_stage_i/i_mult/bfy4_o1_q_reg[3]_i_9/O[3]
                         net (fo=7, routed)           0.643    18.525    i_ariane/i_cva6/ex_stage_i/i_mult/bfy4_o1_q_reg[3]_i_9_n_4
    SLICE_X37Y85         LUT2 (Prop_lut2_I1_O)        0.307    18.832 r  i_ariane/i_cva6/ex_stage_i/i_mult/bfy4_o0_q[23]_i_14/O
                         net (fo=1, routed)           0.000    18.832    i_ariane/i_cva6/ex_stage_i/i_mult/bfy4_o0_q[23]_i_14_n_0
    SLICE_X37Y85         CARRY4 (Prop_carry4_S[1]_CO[3])
                                                      0.550    19.382 r  i_ariane/i_cva6/ex_stage_i/i_mult/bfy4_o0_q_reg[23]_i_11/CO[3]
                         net (fo=1, routed)           0.000    19.382    i_ariane/i_cva6/ex_stage_i/i_mult/bfy4_o0_q_reg[23]_i_11_n_0
    SLICE_X37Y86         CARRY4 (Prop_carry4_CI_O[0])
                                                      0.222    19.604 r  i_ariane/i_cva6/ex_stage_i/i_mult/bfy4_o0_q_reg[27]_i_11/O[0]
                         net (fo=4, routed)           0.814    20.419    i_ariane/i_cva6/ex_stage_i/i_mult/p_0_in[4]
    SLICE_X37Y78         LUT3 (Prop_lut3_I1_O)        0.293    20.712 r  i_ariane/i_cva6/ex_stage_i/i_mult/bfy4_o0_q[23]_i_4/O
                         net (fo=2, routed)           0.845    21.557    i_ariane/i_cva6/ex_stage_i/i_mult/bfy4_o0_q[23]_i_4_n_0
    SLICE_X37Y78         LUT4 (Prop_lut4_I3_O)        0.326    21.883 r  i_ariane/i_cva6/ex_stage_i/i_mult/bfy4_o0_q[23]_i_8/O
                         net (fo=1, routed)           0.000    21.883    i_ariane/i_cva6/ex_stage_i/i_mult/bfy4_o0_q[23]_i_8_n_0
    SLICE_X37Y78         CARRY4 (Prop_carry4_S[1]_CO[3])
                                                      0.550    22.433 r  i_ariane/i_cva6/ex_stage_i/i_mult/bfy4_o0_q_reg[23]_i_1/CO[3]
                         net (fo=1, routed)           0.000    22.433    i_ariane/i_cva6/ex_stage_i/i_mult/bfy4_o0_q_reg[23]_i_1_n_0
    SLICE_X37Y79         CARRY4 (Prop_carry4_CI_CO[3])
                                                      0.114    22.547 r  i_ariane/i_cva6/ex_stage_i/i_mult/bfy4_o0_q_reg[27]_i_1/CO[3]
                         net (fo=1, routed)           0.000    22.547    i_ariane/i_cva6/ex_stage_i/i_mult/bfy4_o0_q_reg[27]_i_1_n_0
    SLICE_X37Y80         CARRY4 (Prop_carry4_CI_O[3])
                                                      0.313    22.860 r  i_ariane/i_cva6/ex_stage_i/i_mult/bfy4_o0_q_reg[31]_i_1/O[3]
                         net (fo=1, routed)           0.000    22.860    i_ariane/i_cva6/ex_stage_i/i_mult/bfy4_o0_q0[15]
    SLICE_X37Y80         FDCE                                         r  i_ariane/i_cva6/ex_stage_i/i_mult/bfy4_o0_q_reg[31]/D
  -------------------------------------------------------------------    -------------------

                         (clock clk_out1_xlnx_clk_gen rise edge)
                                                     25.000    25.000 r  
    K17                                               0.000    25.000 r  clk_sys (IN)
                         net (fo=0)                   0.000    25.000    i_xlnx_clk_gen/inst/clk_in1
    K17                  IBUF (Prop_ibuf_I_O)         1.404    26.404 r  i_xlnx_clk_gen/inst/clkin1_ibufg/O
                         net (fo=1, routed)           1.162    27.566    i_xlnx_clk_gen/inst/clk_in1_xlnx_clk_gen
    MMCME2_ADV_X1Y2      MMCME2_ADV (Prop_mmcme2_adv_CLKIN1_CLKOUT0)
                                                     -7.814    19.752 r  i_xlnx_clk_gen/inst/mmcm_adv_inst/CLKOUT0
                         net (fo=1, routed)           2.012    21.764    i_xlnx_clk_gen/inst/clk_out1_xlnx_clk_gen
    BUFGCTRL_X0Y16       BUFG (Prop_bufg_I_O)         0.091    21.855 r  i_xlnx_clk_gen/inst/clkout1_buf/O
                         net (fo=31820, routed)       1.468    23.323    i_ariane/i_cva6/ex_stage_i/i_mult/clk_out1
    SLICE_X37Y80         FDCE                                         r  i_ariane/i_cva6/ex_stage_i/i_mult/bfy4_o0_q_reg[31]/C
                         clock pessimism              0.467    23.789    
                         clock uncertainty           -0.082    23.707    
    SLICE_X37Y80         FDCE (Setup_fdce_C_D)        0.062    23.769    i_ariane/i_cva6/ex_stage_i/i_mult/bfy4_o0_q_reg[31]
  -------------------------------------------------------------------
                         required time                         23.769    
                         arrival time                         -22.860    
  -------------------------------------------------------------------
                         slack                                  0.910    

Slack (MET) :             0.958ns  (required time - arrival time)
  Source:                 i_ariane/i_cva6/issue_stage_i/i_issue_read_operands/fu_data_q_reg[0][imm][1]/C
                            (rising edge-triggered cell FDCE clocked by clk_out1_xlnx_clk_gen  {rise@0.000ns fall@12.500ns period=25.000ns})
  Destination:            i_ariane/i_cva6/ex_stage_i/i_mult/bfy4_o2_q_reg[30]/D
                            (rising edge-triggered cell FDCE clocked by clk_out1_xlnx_clk_gen  {rise@0.000ns fall@12.500ns period=25.000ns})
  Path Group:             clk_out1_xlnx_clk_gen
  Path Type:              Setup (Max at Slow Process Corner)
  Requirement:            25.000ns  (clk_out1_xlnx_clk_gen rise@25.000ns - clk_out1_xlnx_clk_gen rise@0.000ns)
  Data Path Delay:        23.839ns  (logic 10.925ns (45.827%)  route 12.914ns (54.173%))
  Logic Levels:           19  (CARRY4=6 DSP48E1=2 LUT2=2 LUT3=1 LUT4=1 LUT5=1 LUT6=2 MUXF7=2 MUXF8=2)
  Clock Path Skew:        -0.229ns (DCD - SCD + CPR)
    Destination Clock Delay (DCD):    -1.676ns = ( 23.324 - 25.000 ) 
    Source Clock Delay      (SCD):    -0.980ns
    Clock Pessimism Removal (CPR):    0.467ns
  Clock Uncertainty:      0.082ns  ((TSJ^2 + DJ^2)^1/2) / 2 + PE
    Total System Jitter     (TSJ):    0.071ns
    Discrete Jitter          (DJ):    0.149ns
    Phase Error              (PE):    0.000ns

    Location             Delay type                Incr(ns)  Path(ns)    Netlist Resource(s)
  -------------------------------------------------------------------    -------------------
                         (clock clk_out1_xlnx_clk_gen rise edge)
                                                      0.000     0.000 r  
    K17                                               0.000     0.000 r  clk_sys (IN)
                         net (fo=0)                   0.000     0.000    i_xlnx_clk_gen/inst/clk_in1
    K17                  IBUF (Prop_ibuf_I_O)         1.475     1.475 r  i_xlnx_clk_gen/inst/clkin1_ibufg/O
                         net (fo=1, routed)           1.285     2.760    i_xlnx_clk_gen/inst/clk_in1_xlnx_clk_gen
    MMCME2_ADV_X1Y2      MMCME2_ADV (Prop_mmcme2_adv_CLKIN1_CLKOUT0)
                                                     -7.759    -4.999 r  i_xlnx_clk_gen/inst/mmcm_adv_inst/CLKOUT0
                         net (fo=1, routed)           2.206    -2.793    i_xlnx_clk_gen/inst/clk_out1_xlnx_clk_gen
    BUFGCTRL_X0Y16       BUFG (Prop_bufg_I_O)         0.101    -2.692 r  i_xlnx_clk_gen/inst/clkout1_buf/O
                         net (fo=31820, routed)       1.712    -0.980    i_ariane/i_cva6/issue_stage_i/i_issue_read_operands/clk_out1
    SLICE_X61Y89         FDCE                                         r  i_ariane/i_cva6/issue_stage_i/i_issue_read_operands/fu_data_q_reg[0][imm][1]/C
  -------------------------------------------------------------------    -------------------
    SLICE_X61Y89         FDCE (Prop_fdce_C_Q)         0.456    -0.524 r  i_ariane/i_cva6/issue_stage_i/i_issue_read_operands/fu_data_q_reg[0][imm][1]/Q
                         net (fo=72, routed)          1.990     1.466    i_ariane/i_cva6/issue_stage_i/i_issue_read_operands/fu_data_q_reg[0][imm][30]_0[1]
    SLICE_X64Y132        LUT2 (Prop_lut2_I1_O)        0.124     1.590 r  i_ariane/i_cva6/issue_stage_i/i_issue_read_operands/x0__1_i_3907/O
                         net (fo=64, routed)          1.787     3.377    i_ariane/i_cva6/ex_stage_i/i_mult/x0__1_i_1904_0
    SLICE_X89Y138        LUT6 (Prop_lut6_I2_O)        0.124     3.501 r  i_ariane/i_cva6/ex_stage_i/i_mult/x0__1_i_3809/O
                         net (fo=1, routed)           0.000     3.501    i_ariane/i_cva6/ex_stage_i/i_mult/x0__1_i_3809_n_0
    SLICE_X89Y138        MUXF7 (Prop_muxf7_I0_O)      0.238     3.739 r  i_ariane/i_cva6/ex_stage_i/i_mult/x0__1_i_1891/O
                         net (fo=1, routed)           0.000     3.739    i_ariane/i_cva6/ex_stage_i/i_mult/x0__1_i_1891_n_0
    SLICE_X89Y138        MUXF8 (Prop_muxf8_I0_O)      0.104     3.843 r  i_ariane/i_cva6/ex_stage_i/i_mult/x0__1_i_809/O
                         net (fo=1, routed)           1.608     5.451    i_ariane/i_cva6/ex_stage_i/i_mult/x0__1_i_809_n_0
    SLICE_X52Y137        LUT6 (Prop_lut6_I3_O)        0.316     5.767 r  i_ariane/i_cva6/ex_stage_i/i_mult/x0__1_i_270/O
                         net (fo=1, routed)           0.000     5.767    i_ariane/i_cva6/ex_stage_i/i_mult/x0__1_i_270_n_0
    SLICE_X52Y137        MUXF7 (Prop_muxf7_I1_O)      0.245     6.012 r  i_ariane/i_cva6/ex_stage_i/i_mult/x0__1_i_117/O
                         net (fo=1, routed)           0.000     6.012    i_ariane/i_cva6/ex_stage_i/i_mult/x0__1_i_117_n_0
    SLICE_X52Y137        MUXF8 (Prop_muxf8_I0_O)      0.104     6.116 r  i_ariane/i_cva6/ex_stage_i/i_mult/x0__1_i_50/O
                         net (fo=1, routed)           2.131     8.246    i_ariane/i_cva6/ex_stage_i/i_mult/x0__1_i_50_n_0
    SLICE_X30Y87         LUT5 (Prop_lut5_I2_O)        0.316     8.562 r  i_ariane/i_cva6/ex_stage_i/i_mult/x0__1_i_16/O
                         net (fo=4, routed)           0.940     9.502    i_ariane/i_cva6/ex_stage_i/i_mult/x0__1_i_16_n_0
    DSP48_X2Y36          DSP48E1 (Prop_dsp48e1_B[0]_P[30])
                                                      3.656    13.158 r  i_ariane/i_cva6/ex_stage_i/i_mult/x0__6/P[30]
                         net (fo=18, routed)          1.167    14.325    i_ariane/i_cva6/ex_stage_i/i_mult/x0__6_n_75
    DSP48_X2Y35          DSP48E1 (Prop_dsp48e1_C[31]_P[13])
                                                      1.820    16.145 r  i_ariane/i_cva6/ex_stage_i/i_mult/q15_round0_return0__6/P[13]
                         net (fo=1, routed)           1.005    17.150    i_ariane/i_cva6/ex_stage_i/i_mult/q15_round0_return0__6_n_92
    SLICE_X36Y84         CARRY4 (Prop_carry4_S[0]_CO[3])
                                                      0.637    17.787 r  i_ariane/i_cva6/ex_stage_i/i_mult/bfy4_o1_q_reg[3]_i_9/CO[3]
                         net (fo=1, routed)           0.000    17.787    i_ariane/i_cva6/ex_stage_i/i_mult/bfy4_o1_q_reg[3]_i_9_n_0
    SLICE_X36Y85         CARRY4 (Prop_carry4_CI_O[3])
                                                      0.315    18.102 r  i_ariane/i_cva6/ex_stage_i/i_mult/bfy4_o1_q_reg[7]_i_12/O[3]
                         net (fo=5, routed)           0.611    18.714    i_ariane/i_cva6/ex_stage_i/i_mult/bfy4_o1_q_reg[7]_i_12_n_4
    SLICE_X37Y86         LUT2 (Prop_lut2_I1_O)        0.307    19.021 r  i_ariane/i_cva6/ex_stage_i/i_mult/bfy4_o0_q[27]_i_14/O
                         net (fo=1, routed)           0.000    19.021    i_ariane/i_cva6/ex_stage_i/i_mult/bfy4_o0_q[27]_i_14_n_0
    SLICE_X37Y86         CARRY4 (Prop_carry4_S[1]_CO[3])
                                                      0.550    19.571 r  i_ariane/i_cva6/ex_stage_i/i_mult/bfy4_o0_q_reg[27]_i_11/CO[3]
                         net (fo=1, routed)           0.000    19.571    i_ariane/i_cva6/ex_stage_i/i_mult/bfy4_o0_q_reg[27]_i_11_n_0
    SLICE_X37Y87         CARRY4 (Prop_carry4_CI_O[0])
                                                      0.222    19.793 f  i_ariane/i_cva6/ex_stage_i/i_mult/bfy4_o0_q_reg[31]_i_11/O[0]
                         net (fo=4, routed)           0.789    20.581    i_ariane/i_cva6/ex_stage_i/i_mult/p_0_in[8]
    SLICE_X36Y80         LUT3 (Prop_lut3_I0_O)        0.291    20.872 r  i_ariane/i_cva6/ex_stage_i/i_mult/bfy4_o2_q[27]_i_4/O
                         net (fo=2, routed)           0.887    21.759    i_ariane/i_cva6/ex_stage_i/i_mult/bfy4_o2_q[27]_i_4_n_0
    SLICE_X36Y80         LUT4 (Prop_lut4_I3_O)        0.328    22.087 r  i_ariane/i_cva6/ex_stage_i/i_mult/bfy4_o2_q[27]_i_8/O
                         net (fo=1, routed)           0.000    22.087    i_ariane/i_cva6/ex_stage_i/i_mult/bfy4_o2_q[27]_i_8_n_0
    SLICE_X36Y80         CARRY4 (Prop_carry4_S[1]_CO[3])
                                                      0.533    22.620 r  i_ariane/i_cva6/ex_stage_i/i_mult/bfy4_o2_q_reg[27]_i_1/CO[3]
                         net (fo=1, routed)           0.000    22.620    i_ariane/i_cva6/ex_stage_i/i_mult/bfy4_o2_q_reg[27]_i_1_n_0
    SLICE_X36Y81         CARRY4 (Prop_carry4_CI_O[2])
                                                      0.239    22.859 r  i_ariane/i_cva6/ex_stage_i/i_mult/bfy4_o2_q_reg[31]_i_1/O[2]
                         net (fo=1, routed)           0.000    22.859    i_ariane/i_cva6/ex_stage_i/i_mult/bfy4_o2_q0[14]
    SLICE_X36Y81         FDCE                                         r  i_ariane/i_cva6/ex_stage_i/i_mult/bfy4_o2_q_reg[30]/D
  -------------------------------------------------------------------    -------------------

                         (clock clk_out1_xlnx_clk_gen rise edge)
                                                     25.000    25.000 r  
    K17                                               0.000    25.000 r  clk_sys (IN)
                         net (fo=0)                   0.000    25.000    i_xlnx_clk_gen/inst/clk_in1
    K17                  IBUF (Prop_ibuf_I_O)         1.404    26.404 r  i_xlnx_clk_gen/inst/clkin1_ibufg/O
                         net (fo=1, routed)           1.162    27.566    i_xlnx_clk_gen/inst/clk_in1_xlnx_clk_gen
    MMCME2_ADV_X1Y2      MMCME2_ADV (Prop_mmcme2_adv_CLKIN1_CLKOUT0)
                                                     -7.814    19.752 r  i_xlnx_clk_gen/inst/mmcm_adv_inst/CLKOUT0
                         net (fo=1, routed)           2.012    21.764    i_xlnx_clk_gen/inst/clk_out1_xlnx_clk_gen
    BUFGCTRL_X0Y16       BUFG (Prop_bufg_I_O)         0.091    21.855 r  i_xlnx_clk_gen/inst/clkout1_buf/O
                         net (fo=31820, routed)       1.469    23.324    i_ariane/i_cva6/ex_stage_i/i_mult/clk_out1
    SLICE_X36Y81         FDCE                                         r  i_ariane/i_cva6/ex_stage_i/i_mult/bfy4_o2_q_reg[30]/C
                         clock pessimism              0.467    23.790    
                         clock uncertainty           -0.082    23.708    
    SLICE_X36Y81         FDCE (Setup_fdce_C_D)        0.109    23.817    i_ariane/i_cva6/ex_stage_i/i_mult/bfy4_o2_q_reg[30]
  -------------------------------------------------------------------
                         required time                         23.817    
                         arrival time                         -22.859    
  -------------------------------------------------------------------
                         slack                                  0.958    

Slack (MET) :             0.978ns  (required time - arrival time)
  Source:                 i_ariane/i_cva6/issue_stage_i/i_issue_read_operands/fu_data_q_reg[0][imm][1]/C
                            (rising edge-triggered cell FDCE clocked by clk_out1_xlnx_clk_gen  {rise@0.000ns fall@12.500ns period=25.000ns})
  Destination:            i_ariane/i_cva6/ex_stage_i/i_mult/bfy4_o2_q_reg[28]/D
                            (rising edge-triggered cell FDCE clocked by clk_out1_xlnx_clk_gen  {rise@0.000ns fall@12.500ns period=25.000ns})
  Path Group:             clk_out1_xlnx_clk_gen
  Path Type:              Setup (Max at Slow Process Corner)
  Requirement:            25.000ns  (clk_out1_xlnx_clk_gen rise@25.000ns - clk_out1_xlnx_clk_gen rise@0.000ns)
  Data Path Delay:        23.819ns  (logic 10.905ns (45.782%)  route 12.914ns (54.218%))
  Logic Levels:           19  (CARRY4=6 DSP48E1=2 LUT2=2 LUT3=1 LUT4=1 LUT5=1 LUT6=2 MUXF7=2 MUXF8=2)
  Clock Path Skew:        -0.229ns (DCD - SCD + CPR)
    Destination Clock Delay (DCD):    -1.676ns = ( 23.324 - 25.000 ) 
    Source Clock Delay      (SCD):    -0.980ns
    Clock Pessimism Removal (CPR):    0.467ns
  Clock Uncertainty:      0.082ns  ((TSJ^2 + DJ^2)^1/2) / 2 + PE
    Total System Jitter     (TSJ):    0.071ns
    Discrete Jitter          (DJ):    0.149ns
    Phase Error              (PE):    0.000ns

    Location             Delay type                Incr(ns)  Path(ns)    Netlist Resource(s)
  -------------------------------------------------------------------    -------------------
                         (clock clk_out1_xlnx_clk_gen rise edge)
                                                      0.000     0.000 r  
    K17                                               0.000     0.000 r  clk_sys (IN)
                         net (fo=0)                   0.000     0.000    i_xlnx_clk_gen/inst/clk_in1
    K17                  IBUF (Prop_ibuf_I_O)         1.475     1.475 r  i_xlnx_clk_gen/inst/clkin1_ibufg/O
                         net (fo=1, routed)           1.285     2.760    i_xlnx_clk_gen/inst/clk_in1_xlnx_clk_gen
    MMCME2_ADV_X1Y2      MMCME2_ADV (Prop_mmcme2_adv_CLKIN1_CLKOUT0)
                                                     -7.759    -4.999 r  i_xlnx_clk_gen/inst/mmcm_adv_inst/CLKOUT0
                         net (fo=1, routed)           2.206    -2.793    i_xlnx_clk_gen/inst/clk_out1_xlnx_clk_gen
    BUFGCTRL_X0Y16       BUFG (Prop_bufg_I_O)         0.101    -2.692 r  i_xlnx_clk_gen/inst/clkout1_buf/O
                         net (fo=31820, routed)       1.712    -0.980    i_ariane/i_cva6/issue_stage_i/i_issue_read_operands/clk_out1
    SLICE_X61Y89         FDCE                                         r  i_ariane/i_cva6/issue_stage_i/i_issue_read_operands/fu_data_q_reg[0][imm][1]/C
  -------------------------------------------------------------------    -------------------
    SLICE_X61Y89         FDCE (Prop_fdce_C_Q)         0.456    -0.524 r  i_ariane/i_cva6/issue_stage_i/i_issue_read_operands/fu_data_q_reg[0][imm][1]/Q
                         net (fo=72, routed)          1.990     1.466    i_ariane/i_cva6/issue_stage_i/i_issue_read_operands/fu_data_q_reg[0][imm][30]_0[1]
    SLICE_X64Y132        LUT2 (Prop_lut2_I1_O)        0.124     1.590 r  i_ariane/i_cva6/issue_stage_i/i_issue_read_operands/x0__1_i_3907/O
                         net (fo=64, routed)          1.787     3.377    i_ariane/i_cva6/ex_stage_i/i_mult/x0__1_i_1904_0
    SLICE_X89Y138        LUT6 (Prop_lut6_I2_O)        0.124     3.501 r  i_ariane/i_cva6/ex_stage_i/i_mult/x0__1_i_3809/O
                         net (fo=1, routed)           0.000     3.501    i_ariane/i_cva6/ex_stage_i/i_mult/x0__1_i_3809_n_0
    SLICE_X89Y138        MUXF7 (Prop_muxf7_I0_O)      0.238     3.739 r  i_ariane/i_cva6/ex_stage_i/i_mult/x0__1_i_1891/O
                         net (fo=1, routed)           0.000     3.739    i_ariane/i_cva6/ex_stage_i/i_mult/x0__1_i_1891_n_0
    SLICE_X89Y138        MUXF8 (Prop_muxf8_I0_O)      0.104     3.843 r  i_ariane/i_cva6/ex_stage_i/i_mult/x0__1_i_809/O
                         net (fo=1, routed)           1.608     5.451    i_ariane/i_cva6/ex_stage_i/i_mult/x0__1_i_809_n_0
    SLICE_X52Y137        LUT6 (Prop_lut6_I3_O)        0.316     5.767 r  i_ariane/i_cva6/ex_stage_i/i_mult/x0__1_i_270/O
                         net (fo=1, routed)           0.000     5.767    i_ariane/i_cva6/ex_stage_i/i_mult/x0__1_i_270_n_0
    SLICE_X52Y137        MUXF7 (Prop_muxf7_I1_O)      0.245     6.012 r  i_ariane/i_cva6/ex_stage_i/i_mult/x0__1_i_117/O
                         net (fo=1, routed)           0.000     6.012    i_ariane/i_cva6/ex_stage_i/i_mult/x0__1_i_117_n_0
    SLICE_X52Y137        MUXF8 (Prop_muxf8_I0_O)      0.104     6.116 r  i_ariane/i_cva6/ex_stage_i/i_mult/x0__1_i_50/O
                         net (fo=1, routed)           2.131     8.246    i_ariane/i_cva6/ex_stage_i/i_mult/x0__1_i_50_n_0
    SLICE_X30Y87         LUT5 (Prop_lut5_I2_O)        0.316     8.562 r  i_ariane/i_cva6/ex_stage_i/i_mult/x0__1_i_16/O
                         net (fo=4, routed)           0.940     9.502    i_ariane/i_cva6/ex_stage_i/i_mult/x0__1_i_16_n_0
    DSP48_X2Y36          DSP48E1 (Prop_dsp48e1_B[0]_P[30])
                                                      3.656    13.158 r  i_ariane/i_cva6/ex_stage_i/i_mult/x0__6/P[30]
                         net (fo=18, routed)          1.167    14.325    i_ariane/i_cva6/ex_stage_i/i_mult/x0__6_n_75
    DSP48_X2Y35          DSP48E1 (Prop_dsp48e1_C[31]_P[13])
                                                      1.820    16.145 r  i_ariane/i_cva6/ex_stage_i/i_mult/q15_round0_return0__6/P[13]
                         net (fo=1, routed)           1.005    17.150    i_ariane/i_cva6/ex_stage_i/i_mult/q15_round0_return0__6_n_92
    SLICE_X36Y84         CARRY4 (Prop_carry4_S[0]_CO[3])
                                                      0.637    17.787 r  i_ariane/i_cva6/ex_stage_i/i_mult/bfy4_o1_q_reg[3]_i_9/CO[3]
                         net (fo=1, routed)           0.000    17.787    i_ariane/i_cva6/ex_stage_i/i_mult/bfy4_o1_q_reg[3]_i_9_n_0
    SLICE_X36Y85         CARRY4 (Prop_carry4_CI_O[3])
                                                      0.315    18.102 r  i_ariane/i_cva6/ex_stage_i/i_mult/bfy4_o1_q_reg[7]_i_12/O[3]
                         net (fo=5, routed)           0.611    18.714    i_ariane/i_cva6/ex_stage_i/i_mult/bfy4_o1_q_reg[7]_i_12_n_4
    SLICE_X37Y86         LUT2 (Prop_lut2_I1_O)        0.307    19.021 r  i_ariane/i_cva6/ex_stage_i/i_mult/bfy4_o0_q[27]_i_14/O
                         net (fo=1, routed)           0.000    19.021    i_ariane/i_cva6/ex_stage_i/i_mult/bfy4_o0_q[27]_i_14_n_0
    SLICE_X37Y86         CARRY4 (Prop_carry4_S[1]_CO[3])
                                                      0.550    19.571 r  i_ariane/i_cva6/ex_stage_i/i_mult/bfy4_o0_q_reg[27]_i_11/CO[3]
                         net (fo=1, routed)           0.000    19.571    i_ariane/i_cva6/ex_stage_i/i_mult/bfy4_o0_q_reg[27]_i_11_n_0
    SLICE_X37Y87         CARRY4 (Prop_carry4_CI_O[0])
                                                      0.222    19.793 f  i_ariane/i_cva6/ex_stage_i/i_mult/bfy4_o0_q_reg[31]_i_11/O[0]
                         net (fo=4, routed)           0.789    20.581    i_ariane/i_cva6/ex_stage_i/i_mult/p_0_in[8]
    SLICE_X36Y80         LUT3 (Prop_lut3_I0_O)        0.291    20.872 r  i_ariane/i_cva6/ex_stage_i/i_mult/bfy4_o2_q[27]_i_4/O
                         net (fo=2, routed)           0.887    21.759    i_ariane/i_cva6/ex_stage_i/i_mult/bfy4_o2_q[27]_i_4_n_0
    SLICE_X36Y80         LUT4 (Prop_lut4_I3_O)        0.328    22.087 r  i_ariane/i_cva6/ex_stage_i/i_mult/bfy4_o2_q[27]_i_8/O
                         net (fo=1, routed)           0.000    22.087    i_ariane/i_cva6/ex_stage_i/i_mult/bfy4_o2_q[27]_i_8_n_0
    SLICE_X36Y80         CARRY4 (Prop_carry4_S[1]_CO[3])
                                                      0.533    22.620 r  i_ariane/i_cva6/ex_stage_i/i_mult/bfy4_o2_q_reg[27]_i_1/CO[3]
                         net (fo=1, routed)           0.000    22.620    i_ariane/i_cva6/ex_stage_i/i_mult/bfy4_o2_q_reg[27]_i_1_n_0
    SLICE_X36Y81         CARRY4 (Prop_carry4_CI_O[0])
                                                      0.219    22.839 r  i_ariane/i_cva6/ex_stage_i/i_mult/bfy4_o2_q_reg[31]_i_1/O[0]
                         net (fo=1, routed)           0.000    22.839    i_ariane/i_cva6/ex_stage_i/i_mult/bfy4_o2_q0[12]
    SLICE_X36Y81         FDCE                                         r  i_ariane/i_cva6/ex_stage_i/i_mult/bfy4_o2_q_reg[28]/D
  -------------------------------------------------------------------    -------------------

                         (clock clk_out1_xlnx_clk_gen rise edge)
                                                     25.000    25.000 r  
    K17                                               0.000    25.000 r  clk_sys (IN)
                         net (fo=0)                   0.000    25.000    i_xlnx_clk_gen/inst/clk_in1
    K17                  IBUF (Prop_ibuf_I_O)         1.404    26.404 r  i_xlnx_clk_gen/inst/clkin1_ibufg/O
                         net (fo=1, routed)           1.162    27.566    i_xlnx_clk_gen/inst/clk_in1_xlnx_clk_gen
    MMCME2_ADV_X1Y2      MMCME2_ADV (Prop_mmcme2_adv_CLKIN1_CLKOUT0)
                                                     -7.814    19.752 r  i_xlnx_clk_gen/inst/mmcm_adv_inst/CLKOUT0
                         net (fo=1, routed)           2.012    21.764    i_xlnx_clk_gen/inst/clk_out1_xlnx_clk_gen
    BUFGCTRL_X0Y16       BUFG (Prop_bufg_I_O)         0.091    21.855 r  i_xlnx_clk_gen/inst/clkout1_buf/O
                         net (fo=31820, routed)       1.469    23.324    i_ariane/i_cva6/ex_stage_i/i_mult/clk_out1
    SLICE_X36Y81         FDCE                                         r  i_ariane/i_cva6/ex_stage_i/i_mult/bfy4_o2_q_reg[28]/C
                         clock pessimism              0.467    23.790    
                         clock uncertainty           -0.082    23.708    
    SLICE_X36Y81         FDCE (Setup_fdce_C_D)        0.109    23.817    i_ariane/i_cva6/ex_stage_i/i_mult/bfy4_o2_q_reg[28]
  -------------------------------------------------------------------
                         required time                         23.817    
                         arrival time                         -22.839    
  -------------------------------------------------------------------
                         slack                                  0.978    

Slack (MET) :             0.984ns  (required time - arrival time)
  Source:                 i_ariane/i_cva6/issue_stage_i/i_issue_read_operands/fu_data_q_reg[0][imm][1]/C
                            (rising edge-triggered cell FDCE clocked by clk_out1_xlnx_clk_gen  {rise@0.000ns fall@12.500ns period=25.000ns})
  Destination:            i_ariane/i_cva6/ex_stage_i/i_mult/bfy4_o0_q_reg[30]/D
                            (rising edge-triggered cell FDCE clocked by clk_out1_xlnx_clk_gen  {rise@0.000ns fall@12.500ns period=25.000ns})
  Path Group:             clk_out1_xlnx_clk_gen
  Path Type:              Setup (Max at Slow Process Corner)
  Requirement:            25.000ns  (clk_out1_xlnx_clk_gen rise@25.000ns - clk_out1_xlnx_clk_gen rise@0.000ns)
  Data Path Delay:        23.766ns  (logic 10.836ns (45.595%)  route 12.930ns (54.405%))
  Logic Levels:           19  (CARRY4=6 DSP48E1=2 LUT2=2 LUT3=1 LUT4=1 LUT5=1 LUT6=2 MUXF7=2 MUXF8=2)
  Clock Path Skew:        -0.230ns (DCD - SCD + CPR)
    Destination Clock Delay (DCD):    -1.677ns = ( 23.323 - 25.000 ) 
    Source Clock Delay      (SCD):    -0.980ns
    Clock Pessimism Removal (CPR):    0.467ns
  Clock Uncertainty:      0.082ns  ((TSJ^2 + DJ^2)^1/2) / 2 + PE
    Total System Jitter     (TSJ):    0.071ns
    Discrete Jitter          (DJ):    0.149ns
    Phase Error              (PE):    0.000ns

    Location             Delay type                Incr(ns)  Path(ns)    Netlist Resource(s)
  -------------------------------------------------------------------    -------------------
                         (clock clk_out1_xlnx_clk_gen rise edge)
                                                      0.000     0.000 r  
    K17                                               0.000     0.000 r  clk_sys (IN)
                         net (fo=0)                   0.000     0.000    i_xlnx_clk_gen/inst/clk_in1
    K17                  IBUF (Prop_ibuf_I_O)         1.475     1.475 r  i_xlnx_clk_gen/inst/clkin1_ibufg/O
                         net (fo=1, routed)           1.285     2.760    i_xlnx_clk_gen/inst/clk_in1_xlnx_clk_gen
    MMCME2_ADV_X1Y2      MMCME2_ADV (Prop_mmcme2_adv_CLKIN1_CLKOUT0)
                                                     -7.759    -4.999 r  i_xlnx_clk_gen/inst/mmcm_adv_inst/CLKOUT0
                         net (fo=1, routed)           2.206    -2.793    i_xlnx_clk_gen/inst/clk_out1_xlnx_clk_gen
    BUFGCTRL_X0Y16       BUFG (Prop_bufg_I_O)         0.101    -2.692 r  i_xlnx_clk_gen/inst/clkout1_buf/O
                         net (fo=31820, routed)       1.712    -0.980    i_ariane/i_cva6/issue_stage_i/i_issue_read_operands/clk_out1
    SLICE_X61Y89         FDCE                                         r  i_ariane/i_cva6/issue_stage_i/i_issue_read_operands/fu_data_q_reg[0][imm][1]/C
  -------------------------------------------------------------------    -------------------
    SLICE_X61Y89         FDCE (Prop_fdce_C_Q)         0.456    -0.524 r  i_ariane/i_cva6/issue_stage_i/i_issue_read_operands/fu_data_q_reg[0][imm][1]/Q
                         net (fo=72, routed)          1.990     1.466    i_ariane/i_cva6/issue_stage_i/i_issue_read_operands/fu_data_q_reg[0][imm][30]_0[1]
    SLICE_X64Y132        LUT2 (Prop_lut2_I1_O)        0.124     1.590 r  i_ariane/i_cva6/issue_stage_i/i_issue_read_operands/x0__1_i_3907/O
                         net (fo=64, routed)          1.787     3.377    i_ariane/i_cva6/ex_stage_i/i_mult/x0__1_i_1904_0
    SLICE_X89Y138        LUT6 (Prop_lut6_I2_O)        0.124     3.501 r  i_ariane/i_cva6/ex_stage_i/i_mult/x0__1_i_3809/O
                         net (fo=1, routed)           0.000     3.501    i_ariane/i_cva6/ex_stage_i/i_mult/x0__1_i_3809_n_0
    SLICE_X89Y138        MUXF7 (Prop_muxf7_I0_O)      0.238     3.739 r  i_ariane/i_cva6/ex_stage_i/i_mult/x0__1_i_1891/O
                         net (fo=1, routed)           0.000     3.739    i_ariane/i_cva6/ex_stage_i/i_mult/x0__1_i_1891_n_0
    SLICE_X89Y138        MUXF8 (Prop_muxf8_I0_O)      0.104     3.843 r  i_ariane/i_cva6/ex_stage_i/i_mult/x0__1_i_809/O
                         net (fo=1, routed)           1.608     5.451    i_ariane/i_cva6/ex_stage_i/i_mult/x0__1_i_809_n_0
    SLICE_X52Y137        LUT6 (Prop_lut6_I3_O)        0.316     5.767 r  i_ariane/i_cva6/ex_stage_i/i_mult/x0__1_i_270/O
                         net (fo=1, routed)           0.000     5.767    i_ariane/i_cva6/ex_stage_i/i_mult/x0__1_i_270_n_0
    SLICE_X52Y137        MUXF7 (Prop_muxf7_I1_O)      0.245     6.012 r  i_ariane/i_cva6/ex_stage_i/i_mult/x0__1_i_117/O
                         net (fo=1, routed)           0.000     6.012    i_ariane/i_cva6/ex_stage_i/i_mult/x0__1_i_117_n_0
    SLICE_X52Y137        MUXF8 (Prop_muxf8_I0_O)      0.104     6.116 r  i_ariane/i_cva6/ex_stage_i/i_mult/x0__1_i_50/O
                         net (fo=1, routed)           2.131     8.246    i_ariane/i_cva6/ex_stage_i/i_mult/x0__1_i_50_n_0
    SLICE_X30Y87         LUT5 (Prop_lut5_I2_O)        0.316     8.562 r  i_ariane/i_cva6/ex_stage_i/i_mult/x0__1_i_16/O
                         net (fo=4, routed)           0.940     9.502    i_ariane/i_cva6/ex_stage_i/i_mult/x0__1_i_16_n_0
    DSP48_X2Y36          DSP48E1 (Prop_dsp48e1_B[0]_P[30])
                                                      3.656    13.158 r  i_ariane/i_cva6/ex_stage_i/i_mult/x0__6/P[30]
                         net (fo=18, routed)          1.167    14.325    i_ariane/i_cva6/ex_stage_i/i_mult/x0__6_n_75
    DSP48_X2Y35          DSP48E1 (Prop_dsp48e1_C[31]_P[13])
                                                      1.820    16.145 r  i_ariane/i_cva6/ex_stage_i/i_mult/q15_round0_return0__6/P[13]
                         net (fo=1, routed)           1.005    17.150    i_ariane/i_cva6/ex_stage_i/i_mult/q15_round0_return0__6_n_92
    SLICE_X36Y84         CARRY4 (Prop_carry4_S[0]_O[3])
                                                      0.732    17.882 r  i_ariane/i_cva6/ex_stage_i/i_mult/bfy4_o1_q_reg[3]_i_9/O[3]
                         net (fo=7, routed)           0.643    18.525    i_ariane/i_cva6/ex_stage_i/i_mult/bfy4_o1_q_reg[3]_i_9_n_4
    SLICE_X37Y85         LUT2 (Prop_lut2_I1_O)        0.307    18.832 r  i_ariane/i_cva6/ex_stage_i/i_mult/bfy4_o0_q[23]_i_14/O
                         net (fo=1, routed)           0.000    18.832    i_ariane/i_cva6/ex_stage_i/i_mult/bfy4_o0_q[23]_i_14_n_0
    SLICE_X37Y85         CARRY4 (Prop_carry4_S[1]_CO[3])
                                                      0.550    19.382 r  i_ariane/i_cva6/ex_stage_i/i_mult/bfy4_o0_q_reg[23]_i_11/CO[3]
                         net (fo=1, routed)           0.000    19.382    i_ariane/i_cva6/ex_stage_i/i_mult/bfy4_o0_q_reg[23]_i_11_n_0
    SLICE_X37Y86         CARRY4 (Prop_carry4_CI_O[0])
                                                      0.222    19.604 r  i_ariane/i_cva6/ex_stage_i/i_mult/bfy4_o0_q_reg[27]_i_11/O[0]
                         net (fo=4, routed)           0.814    20.419    i_ariane/i_cva6/ex_stage_i/i_mult/p_0_in[4]
    SLICE_X37Y78         LUT3 (Prop_lut3_I1_O)        0.293    20.712 r  i_ariane/i_cva6/ex_stage_i/i_mult/bfy4_o0_q[23]_i_4/O
                         net (fo=2, routed)           0.845    21.557    i_ariane/i_cva6/ex_stage_i/i_mult/bfy4_o0_q[23]_i_4_n_0
    SLICE_X37Y78         LUT4 (Prop_lut4_I3_O)        0.326    21.883 r  i_ariane/i_cva6/ex_stage_i/i_mult/bfy4_o0_q[23]_i_8/O
                         net (fo=1, routed)           0.000    21.883    i_ariane/i_cva6/ex_stage_i/i_mult/bfy4_o0_q[23]_i_8_n_0
    SLICE_X37Y78         CARRY4 (Prop_carry4_S[1]_CO[3])
                                                      0.550    22.433 r  i_ariane/i_cva6/ex_stage_i/i_mult/bfy4_o0_q_reg[23]_i_1/CO[3]
                         net (fo=1, routed)           0.000    22.433    i_ariane/i_cva6/ex_stage_i/i_mult/bfy4_o0_q_reg[23]_i_1_n_0
    SLICE_X37Y79         CARRY4 (Prop_carry4_CI_CO[3])
                                                      0.114    22.547 r  i_ariane/i_cva6/ex_stage_i/i_mult/bfy4_o0_q_reg[27]_i_1/CO[3]
                         net (fo=1, routed)           0.000    22.547    i_ariane/i_cva6/ex_stage_i/i_mult/bfy4_o0_q_reg[27]_i_1_n_0
    SLICE_X37Y80         CARRY4 (Prop_carry4_CI_O[2])
                                                      0.239    22.786 r  i_ariane/i_cva6/ex_stage_i/i_mult/bfy4_o0_q_reg[31]_i_1/O[2]
                         net (fo=1, routed)           0.000    22.786    i_ariane/i_cva6/ex_stage_i/i_mult/bfy4_o0_q0[14]
    SLICE_X37Y80         FDCE                                         r  i_ariane/i_cva6/ex_stage_i/i_mult/bfy4_o0_q_reg[30]/D
  -------------------------------------------------------------------    -------------------

                         (clock clk_out1_xlnx_clk_gen rise edge)
                                                     25.000    25.000 r  
    K17                                               0.000    25.000 r  clk_sys (IN)
                         net (fo=0)                   0.000    25.000    i_xlnx_clk_gen/inst/clk_in1
    K17                  IBUF (Prop_ibuf_I_O)         1.404    26.404 r  i_xlnx_clk_gen/inst/clkin1_ibufg/O
                         net (fo=1, routed)           1.162    27.566    i_xlnx_clk_gen/inst/clk_in1_xlnx_clk_gen
    MMCME2_ADV_X1Y2      MMCME2_ADV (Prop_mmcme2_adv_CLKIN1_CLKOUT0)
                                                     -7.814    19.752 r  i_xlnx_clk_gen/inst/mmcm_adv_inst/CLKOUT0
                         net (fo=1, routed)           2.012    21.764    i_xlnx_clk_gen/inst/clk_out1_xlnx_clk_gen
    BUFGCTRL_X0Y16       BUFG (Prop_bufg_I_O)         0.091    21.855 r  i_xlnx_clk_gen/inst/clkout1_buf/O
                         net (fo=31820, routed)       1.468    23.323    i_ariane/i_cva6/ex_stage_i/i_mult/clk_out1
    SLICE_X37Y80         FDCE                                         r  i_ariane/i_cva6/ex_stage_i/i_mult/bfy4_o0_q_reg[30]/C
                         clock pessimism              0.467    23.789    
                         clock uncertainty           -0.082    23.707    
    SLICE_X37Y80         FDCE (Setup_fdce_C_D)        0.062    23.769    i_ariane/i_cva6/ex_stage_i/i_mult/bfy4_o0_q_reg[30]
  -------------------------------------------------------------------
                         required time                         23.769    
                         arrival time                         -22.786    
  -------------------------------------------------------------------
                         slack                                  0.984    

Slack (MET) :             1.000ns  (required time - arrival time)
  Source:                 i_ariane/i_cva6/issue_stage_i/i_issue_read_operands/fu_data_q_reg[0][imm][1]/C
                            (rising edge-triggered cell FDCE clocked by clk_out1_xlnx_clk_gen  {rise@0.000ns fall@12.500ns period=25.000ns})
  Destination:            i_ariane/i_cva6/ex_stage_i/i_mult/bfy4_o0_q_reg[28]/D
                            (rising edge-triggered cell FDCE clocked by clk_out1_xlnx_clk_gen  {rise@0.000ns fall@12.500ns period=25.000ns})
  Path Group:             clk_out1_xlnx_clk_gen
  Path Type:              Setup (Max at Slow Process Corner)
  Requirement:            25.000ns  (clk_out1_xlnx_clk_gen rise@25.000ns - clk_out1_xlnx_clk_gen rise@0.000ns)
  Data Path Delay:        23.750ns  (logic 10.820ns (45.558%)  route 12.930ns (54.442%))
  Logic Levels:           19  (CARRY4=6 DSP48E1=2 LUT2=2 LUT3=1 LUT4=1 LUT5=1 LUT6=2 MUXF7=2 MUXF8=2)
  Clock Path Skew:        -0.230ns (DCD - SCD + CPR)
    Destination Clock Delay (DCD):    -1.677ns = ( 23.323 - 25.000 ) 
    Source Clock Delay      (SCD):    -0.980ns
    Clock Pessimism Removal (CPR):    0.467ns
  Clock Uncertainty:      0.082ns  ((TSJ^2 + DJ^2)^1/2) / 2 + PE
    Total System Jitter     (TSJ):    0.071ns
    Discrete Jitter          (DJ):    0.149ns
    Phase Error              (PE):    0.000ns

    Location             Delay type                Incr(ns)  Path(ns)    Netlist Resource(s)
  -------------------------------------------------------------------    -------------------
                         (clock clk_out1_xlnx_clk_gen rise edge)
                                                      0.000     0.000 r  
    K17                                               0.000     0.000 r  clk_sys (IN)
                         net (fo=0)                   0.000     0.000    i_xlnx_clk_gen/inst/clk_in1
    K17                  IBUF (Prop_ibuf_I_O)         1.475     1.475 r  i_xlnx_clk_gen/inst/clkin1_ibufg/O
                         net (fo=1, routed)           1.285     2.760    i_xlnx_clk_gen/inst/clk_in1_xlnx_clk_gen
    MMCME2_ADV_X1Y2      MMCME2_ADV (Prop_mmcme2_adv_CLKIN1_CLKOUT0)
                                                     -7.759    -4.999 r  i_xlnx_clk_gen/inst/mmcm_adv_inst/CLKOUT0
                         net (fo=1, routed)           2.206    -2.793    i_xlnx_clk_gen/inst/clk_out1_xlnx_clk_gen
    BUFGCTRL_X0Y16       BUFG (Prop_bufg_I_O)         0.101    -2.692 r  i_xlnx_clk_gen/inst/clkout1_buf/O
                         net (fo=31820, routed)       1.712    -0.980    i_ariane/i_cva6/issue_stage_i/i_issue_read_operands/clk_out1
    SLICE_X61Y89         FDCE                                         r  i_ariane/i_cva6/issue_stage_i/i_issue_read_operands/fu_data_q_reg[0][imm][1]/C
  -------------------------------------------------------------------    -------------------
    SLICE_X61Y89         FDCE (Prop_fdce_C_Q)         0.456    -0.524 r  i_ariane/i_cva6/issue_stage_i/i_issue_read_operands/fu_data_q_reg[0][imm][1]/Q
                         net (fo=72, routed)          1.990     1.466    i_ariane/i_cva6/issue_stage_i/i_issue_read_operands/fu_data_q_reg[0][imm][30]_0[1]
    SLICE_X64Y132        LUT2 (Prop_lut2_I1_O)        0.124     1.590 r  i_ariane/i_cva6/issue_stage_i/i_issue_read_operands/x0__1_i_3907/O
                         net (fo=64, routed)          1.787     3.377    i_ariane/i_cva6/ex_stage_i/i_mult/x0__1_i_1904_0
    SLICE_X89Y138        LUT6 (Prop_lut6_I2_O)        0.124     3.501 r  i_ariane/i_cva6/ex_stage_i/i_mult/x0__1_i_3809/O
                         net (fo=1, routed)           0.000     3.501    i_ariane/i_cva6/ex_stage_i/i_mult/x0__1_i_3809_n_0
    SLICE_X89Y138        MUXF7 (Prop_muxf7_I0_O)      0.238     3.739 r  i_ariane/i_cva6/ex_stage_i/i_mult/x0__1_i_1891/O
                         net (fo=1, routed)           0.000     3.739    i_ariane/i_cva6/ex_stage_i/i_mult/x0__1_i_1891_n_0
    SLICE_X89Y138        MUXF8 (Prop_muxf8_I0_O)      0.104     3.843 r  i_ariane/i_cva6/ex_stage_i/i_mult/x0__1_i_809/O
                         net (fo=1, routed)           1.608     5.451    i_ariane/i_cva6/ex_stage_i/i_mult/x0__1_i_809_n_0
    SLICE_X52Y137        LUT6 (Prop_lut6_I3_O)        0.316     5.767 r  i_ariane/i_cva6/ex_stage_i/i_mult/x0__1_i_270/O
                         net (fo=1, routed)           0.000     5.767    i_ariane/i_cva6/ex_stage_i/i_mult/x0__1_i_270_n_0
    SLICE_X52Y137        MUXF7 (Prop_muxf7_I1_O)      0.245     6.012 r  i_ariane/i_cva6/ex_stage_i/i_mult/x0__1_i_117/O
                         net (fo=1, routed)           0.000     6.012    i_ariane/i_cva6/ex_stage_i/i_mult/x0__1_i_117_n_0
    SLICE_X52Y137        MUXF8 (Prop_muxf8_I0_O)      0.104     6.116 r  i_ariane/i_cva6/ex_stage_i/i_mult/x0__1_i_50/O
                         net (fo=1, routed)           2.131     8.246    i_ariane/i_cva6/ex_stage_i/i_mult/x0__1_i_50_n_0
    SLICE_X30Y87         LUT5 (Prop_lut5_I2_O)        0.316     8.562 r  i_ariane/i_cva6/ex_stage_i/i_mult/x0__1_i_16/O
                         net (fo=4, routed)           0.940     9.502    i_ariane/i_cva6/ex_stage_i/i_mult/x0__1_i_16_n_0
    DSP48_X2Y36          DSP48E1 (Prop_dsp48e1_B[0]_P[30])
                                                      3.656    13.158 r  i_ariane/i_cva6/ex_stage_i/i_mult/x0__6/P[30]
                         net (fo=18, routed)          1.167    14.325    i_ariane/i_cva6/ex_stage_i/i_mult/x0__6_n_75
    DSP48_X2Y35          DSP48E1 (Prop_dsp48e1_C[31]_P[13])
                                                      1.820    16.145 r  i_ariane/i_cva6/ex_stage_i/i_mult/q15_round0_return0__6/P[13]
                         net (fo=1, routed)           1.005    17.150    i_ariane/i_cva6/ex_stage_i/i_mult/q15_round0_return0__6_n_92
    SLICE_X36Y84         CARRY4 (Prop_carry4_S[0]_O[3])
                                                      0.732    17.882 r  i_ariane/i_cva6/ex_stage_i/i_mult/bfy4_o1_q_reg[3]_i_9/O[3]
                         net (fo=7, routed)           0.643    18.525    i_ariane/i_cva6/ex_stage_i/i_mult/bfy4_o1_q_reg[3]_i_9_n_4
    SLICE_X37Y85         LUT2 (Prop_lut2_I1_O)        0.307    18.832 r  i_ariane/i_cva6/ex_stage_i/i_mult/bfy4_o0_q[23]_i_14/O
                         net (fo=1, routed)           0.000    18.832    i_ariane/i_cva6/ex_stage_i/i_mult/bfy4_o0_q[23]_i_14_n_0
    SLICE_X37Y85         CARRY4 (Prop_carry4_S[1]_CO[3])
                                                      0.550    19.382 r  i_ariane/i_cva6/ex_stage_i/i_mult/bfy4_o0_q_reg[23]_i_11/CO[3]
                         net (fo=1, routed)           0.000    19.382    i_ariane/i_cva6/ex_stage_i/i_mult/bfy4_o0_q_reg[23]_i_11_n_0
    SLICE_X37Y86         CARRY4 (Prop_carry4_CI_O[0])
                                                      0.222    19.604 r  i_ariane/i_cva6/ex_stage_i/i_mult/bfy4_o0_q_reg[27]_i_11/O[0]
                         net (fo=4, routed)           0.814    20.419    i_ariane/i_cva6/ex_stage_i/i_mult/p_0_in[4]
    SLICE_X37Y78         LUT3 (Prop_lut3_I1_O)        0.293    20.712 r  i_ariane/i_cva6/ex_stage_i/i_mult/bfy4_o0_q[23]_i_4/O
                         net (fo=2, routed)           0.845    21.557    i_ariane/i_cva6/ex_stage_i/i_mult/bfy4_o0_q[23]_i_4_n_0
    SLICE_X37Y78         LUT4 (Prop_lut4_I3_O)        0.326    21.883 r  i_ariane/i_cva6/ex_stage_i/i_mult/bfy4_o0_q[23]_i_8/O
                         net (fo=1, routed)           0.000    21.883    i_ariane/i_cva6/ex_stage_i/i_mult/bfy4_o0_q[23]_i_8_n_0
    SLICE_X37Y78         CARRY4 (Prop_carry4_S[1]_CO[3])
                                                      0.550    22.433 r  i_ariane/i_cva6/ex_stage_i/i_mult/bfy4_o0_q_reg[23]_i_1/CO[3]
                         net (fo=1, routed)           0.000    22.433    i_ariane/i_cva6/ex_stage_i/i_mult/bfy4_o0_q_reg[23]_i_1_n_0
    SLICE_X37Y79         CARRY4 (Prop_carry4_CI_CO[3])
                                                      0.114    22.547 r  i_ariane/i_cva6/ex_stage_i/i_mult/bfy4_o0_q_reg[27]_i_1/CO[3]
                         net (fo=1, routed)           0.000    22.547    i_ariane/i_cva6/ex_stage_i/i_mult/bfy4_o0_q_reg[27]_i_1_n_0
    SLICE_X37Y80         CARRY4 (Prop_carry4_CI_O[0])
                                                      0.223    22.770 r  i_ariane/i_cva6/ex_stage_i/i_mult/bfy4_o0_q_reg[31]_i_1/O[0]
                         net (fo=1, routed)           0.000    22.770    i_ariane/i_cva6/ex_stage_i/i_mult/bfy4_o0_q0[12]
    SLICE_X37Y80         FDCE                                         r  i_ariane/i_cva6/ex_stage_i/i_mult/bfy4_o0_q_reg[28]/D
  -------------------------------------------------------------------    -------------------

                         (clock clk_out1_xlnx_clk_gen rise edge)
                                                     25.000    25.000 r  
    K17                                               0.000    25.000 r  clk_sys (IN)
                         net (fo=0)                   0.000    25.000    i_xlnx_clk_gen/inst/clk_in1
    K17                  IBUF (Prop_ibuf_I_O)         1.404    26.404 r  i_xlnx_clk_gen/inst/clkin1_ibufg/O
                         net (fo=1, routed)           1.162    27.566    i_xlnx_clk_gen/inst/clk_in1_xlnx_clk_gen
    MMCME2_ADV_X1Y2      MMCME2_ADV (Prop_mmcme2_adv_CLKIN1_CLKOUT0)
                                                     -7.814    19.752 r  i_xlnx_clk_gen/inst/mmcm_adv_inst/CLKOUT0
                         net (fo=1, routed)           2.012    21.764    i_xlnx_clk_gen/inst/clk_out1_xlnx_clk_gen
    BUFGCTRL_X0Y16       BUFG (Prop_bufg_I_O)         0.091    21.855 r  i_xlnx_clk_gen/inst/clkout1_buf/O
                         net (fo=31820, routed)       1.468    23.323    i_ariane/i_cva6/ex_stage_i/i_mult/clk_out1
    SLICE_X37Y80         FDCE                                         r  i_ariane/i_cva6/ex_stage_i/i_mult/bfy4_o0_q_reg[28]/C
                         clock pessimism              0.467    23.789    
                         clock uncertainty           -0.082    23.707    
    SLICE_X37Y80         FDCE (Setup_fdce_C_D)        0.062    23.769    i_ariane/i_cva6/ex_stage_i/i_mult/bfy4_o0_q_reg[28]
  -------------------------------------------------------------------
                         required time                         23.769    
                         arrival time                         -22.770    
  -------------------------------------------------------------------
                         slack                                  1.000    

Slack (MET) :             1.001ns  (required time - arrival time)
  Source:                 i_ariane/i_cva6/csr_regfile_i/pmpaddr_q_reg[5][1]/C
                            (rising edge-triggered cell FDCE clocked by clk_out1_xlnx_clk_gen  {rise@0.000ns fall@12.500ns period=25.000ns})
  Destination:            i_ariane/i_cva6/gen_cache_hpd.i_cache_subsystem/i_dcache/i_hpdcache/hpdcache_ctrl_i/hpdcache_memctrl_i/gen_dir_sram[1].dir_sram/ram_i/mem_reg/ADDRARDADDR[5]
                            (rising edge-triggered cell RAMB18E1 clocked by clk_out1_xlnx_clk_gen  {rise@0.000ns fall@12.500ns period=25.000ns})
  Path Group:             clk_out1_xlnx_clk_gen
  Path Type:              Setup (Max at Slow Process Corner)
  Requirement:            25.000ns  (clk_out1_xlnx_clk_gen rise@25.000ns - clk_out1_xlnx_clk_gen rise@0.000ns)
  Data Path Delay:        23.322ns  (logic 6.049ns (25.937%)  route 17.273ns (74.063%))
  Logic Levels:           27  (CARRY4=1 LUT2=1 LUT3=3 LUT4=1 LUT5=3 LUT6=17 MUXF7=1)
  Clock Path Skew:        -0.029ns (DCD - SCD + CPR)
    Destination Clock Delay (DCD):    -1.564ns = ( 23.436 - 25.000 ) 
    Source Clock Delay      (SCD):    -0.968ns
    Clock Pessimism Removal (CPR):    0.567ns
  Clock Uncertainty:      0.082ns  ((TSJ^2 + DJ^2)^1/2) / 2 + PE
    Total System Jitter     (TSJ):    0.071ns
    Discrete Jitter          (DJ):    0.149ns
    Phase Error              (PE):    0.000ns

    Location             Delay type                Incr(ns)  Path(ns)    Netlist Resource(s)
  -------------------------------------------------------------------    -------------------
                         (clock clk_out1_xlnx_clk_gen rise edge)
                                                      0.000     0.000 r  
    K17                                               0.000     0.000 r  clk_sys (IN)
                         net (fo=0)                   0.000     0.000    i_xlnx_clk_gen/inst/clk_in1
    K17                  IBUF (Prop_ibuf_I_O)         1.475     1.475 r  i_xlnx_clk_gen/inst/clkin1_ibufg/O
                         net (fo=1, routed)           1.285     2.760    i_xlnx_clk_gen/inst/clk_in1_xlnx_clk_gen
    MMCME2_ADV_X1Y2      MMCME2_ADV (Prop_mmcme2_adv_CLKIN1_CLKOUT0)
                                                     -7.759    -4.999 r  i_xlnx_clk_gen/inst/mmcm_adv_inst/CLKOUT0
                         net (fo=1, routed)           2.206    -2.793    i_xlnx_clk_gen/inst/clk_out1_xlnx_clk_gen
    BUFGCTRL_X0Y16       BUFG (Prop_bufg_I_O)         0.101    -2.692 r  i_xlnx_clk_gen/inst/clkout1_buf/O
                         net (fo=31820, routed)       1.724    -0.968    i_ariane/i_cva6/csr_regfile_i/clk_out1
    SLICE_X56Y35         FDCE                                         r  i_ariane/i_cva6/csr_regfile_i/pmpaddr_q_reg[5][1]/C
  -------------------------------------------------------------------    -------------------
    SLICE_X56Y35         FDCE (Prop_fdce_C_Q)         0.456    -0.512 r  i_ariane/i_cva6/csr_regfile_i/pmpaddr_q_reg[5][1]/Q
                         net (fo=14, routed)          0.878     0.365    i_ariane/i_cva6/csr_regfile_i/pmpaddr_q_reg[5][29]_0[1]
    SLICE_X58Y34         LUT2 (Prop_lut2_I1_O)        0.152     0.517 r  i_ariane/i_cva6/csr_regfile_i/gen_register.d_o[100]_i_908/O
                         net (fo=1, routed)           0.550     1.067    i_ariane/i_cva6/csr_regfile_i/gen_register.d_o[100]_i_908_n_0
    SLICE_X59Y36         LUT6 (Prop_lut6_I4_O)        0.348     1.415 r  i_ariane/i_cva6/csr_regfile_i/gen_register.d_o[100]_i_823/O
                         net (fo=3, routed)           0.166     1.581    i_ariane/i_cva6/csr_regfile_i/pmpaddr_q_reg[5][4]_0
    SLICE_X59Y36         LUT6 (Prop_lut6_I5_O)        0.124     1.705 r  i_ariane/i_cva6/csr_regfile_i/gen_register.d_o[100]_i_828/O
                         net (fo=3, routed)           0.773     2.479    i_ariane/i_cva6/csr_regfile_i/gen_register.d_o[100]_i_828_n_0
    SLICE_X59Y37         LUT3 (Prop_lut3_I2_O)        0.150     2.629 r  i_ariane/i_cva6/csr_regfile_i/gen_register.d_o[100]_i_627/O
                         net (fo=4, routed)           0.609     3.238    i_ariane/i_cva6/csr_regfile_i/gen_register.d_o[100]_i_627_n_0
    SLICE_X58Y39         LUT5 (Prop_lut5_I2_O)        0.325     3.563 r  i_ariane/i_cva6/csr_regfile_i/gen_register.d_o[100]_i_827/O
                         net (fo=3, routed)           0.610     4.173    i_ariane/i_cva6/csr_regfile_i/gen_register.d_o[100]_i_827_n_0
    SLICE_X58Y40         LUT3 (Prop_lut3_I2_O)        0.374     4.547 r  i_ariane/i_cva6/csr_regfile_i/gen_register.d_o[100]_i_623/O
                         net (fo=4, routed)           0.646     5.193    i_ariane/i_cva6/csr_regfile_i/gen_register.d_o[100]_i_623_n_0
    SLICE_X58Y40         LUT5 (Prop_lut5_I2_O)        0.340     5.533 r  i_ariane/i_cva6/csr_regfile_i/gen_register.d_o[100]_i_630/O
                         net (fo=3, routed)           0.615     6.148    i_ariane/i_cva6/csr_regfile_i/gen_register.d_o[100]_i_630_n_0
    SLICE_X57Y40         LUT3 (Prop_lut3_I2_O)        0.328     6.476 r  i_ariane/i_cva6/csr_regfile_i/gen_register.d_o[100]_i_389/O
                         net (fo=6, routed)           0.619     7.096    i_ariane/i_cva6/csr_regfile_i/gen_register.d_o[100]_i_389_n_0
    SLICE_X54Y37         LUT6 (Prop_lut6_I5_O)        0.124     7.220 r  i_ariane/i_cva6/csr_regfile_i/gen_register.d_o[100]_i_171/O
                         net (fo=1, routed)           0.000     7.220    i_ariane/i_cva6/ex_stage_i/lsu_i/i_pmp_data_if/i_pmp_data/gen_pmp.genblk1[5].i_pmp_entry/gen_register.d_o[100]_i_17[1]
    SLICE_X54Y37         CARRY4 (Prop_carry4_S[1]_CO[3])
                                                      0.533     7.753 f  i_ariane/i_cva6/ex_stage_i/lsu_i/i_pmp_data_if/i_pmp_data/gen_pmp.genblk1[5].i_pmp_entry/gen_register.d_o_reg[100]_i_48/CO[3]
                         net (fo=1, routed)           0.935     8.688    i_ariane/i_cva6/csr_regfile_i/wait_q_i_45_2[0]
    SLICE_X51Y37         LUT6 (Prop_lut6_I4_O)        0.124     8.812 f  i_ariane/i_cva6/csr_regfile_i/gen_register.d_o[100]_i_17/O
                         net (fo=5, routed)           0.766     9.578    i_ariane/i_cva6/csr_regfile_i/gen_register.d_o[100]_i_17_n_0
    SLICE_X49Y38         LUT4 (Prop_lut4_I0_O)        0.150     9.728 f  i_ariane/i_cva6/csr_regfile_i/wait_q_i_47/O
                         net (fo=1, routed)           1.038    10.765    i_ariane/i_cva6/csr_regfile_i/wait_q_i_47_n_0
    SLICE_X39Y33         LUT6 (Prop_lut6_I3_O)        0.326    11.091 r  i_ariane/i_cva6/csr_regfile_i/wait_q_i_44/O
                         net (fo=1, routed)           0.901    11.992    i_ariane/i_cva6/ex_stage_i/lsu_i/i_load_unit/wait_q_reg_i_29_0
    SLICE_X29Y30         LUT6 (Prop_lut6_I2_O)        0.124    12.116 f  i_ariane/i_cva6/ex_stage_i/lsu_i/i_load_unit/wait_q_i_40/O
                         net (fo=1, routed)           0.000    12.116    i_ariane/i_cva6/ex_stage_i/lsu_i/i_load_unit/wait_q_i_40_n_0
    SLICE_X29Y30         MUXF7 (Prop_muxf7_I0_O)      0.212    12.328 f  i_ariane/i_cva6/ex_stage_i/lsu_i/i_load_unit/wait_q_reg_i_29/O
                         net (fo=1, routed)           0.503    12.831    i_ariane/i_cva6/gen_cache_hpd.i_cache_subsystem/i_dcache/i_hpdcache/hpdcache_ctrl_i/hpdcache_rtab_i/wbuf_pending_arb_i/st1_req_q[op][0]_i_9_0
    SLICE_X24Y25         LUT6 (Prop_lut6_I3_O)        0.299    13.130 f  i_ariane/i_cva6/gen_cache_hpd.i_cache_subsystem/i_dcache/i_hpdcache/hpdcache_ctrl_i/hpdcache_rtab_i/wbuf_pending_arb_i/wait_q_i_16/O
                         net (fo=4, routed)           0.737    13.867    i_ariane/i_cva6/gen_cache_hpd.i_cache_subsystem/i_dcache/i_hpdcache/hpdcache_ctrl_i/hpdcache_rtab_i/st1_req_valid_q_reg_0
    SLICE_X22Y23         LUT6 (Prop_lut6_I2_O)        0.124    13.991 r  i_ariane/i_cva6/gen_cache_hpd.i_cache_subsystem/i_dcache/i_hpdcache/hpdcache_ctrl_i/hpdcache_rtab_i/deps_q[0][wbuf_not_ready]_i_6/O
                         net (fo=5, routed)           0.634    14.625    i_ariane/i_cva6/gen_cache_hpd.i_cache_subsystem/i_dcache/i_hpdcache/hpdcache_ctrl_i/hpdcache_memctrl_i/gen_dir_sram[2].dir_sram/ram_i/deps_q_reg[0][wbuf_not_ready]
    SLICE_X20Y23         LUT6 (Prop_lut6_I2_O)        0.124    14.749 r  i_ariane/i_cva6/gen_cache_hpd.i_cache_subsystem/i_dcache/i_hpdcache/hpdcache_ctrl_i/hpdcache_memctrl_i/gen_dir_sram[2].dir_sram/ram_i/wait_q_i_9__0/O
                         net (fo=7, routed)           0.504    15.253    i_ariane/i_cva6/ex_stage_i/lsu_i/i_load_unit/req_port_o1__1
    SLICE_X21Y23         LUT6 (Prop_lut6_I3_O)        0.124    15.377 r  i_ariane/i_cva6/ex_stage_i/lsu_i/i_load_unit/wait_q_i_3__3/O
                         net (fo=12, routed)          0.346    15.723    i_ariane/i_cva6/gen_cache_hpd.i_cache_subsystem/i_dcache/i_hpdcache/core_req_arbiter_i/req_arbiter_i/dcache_req_ports_ex_cache[1][data_req]
    SLICE_X21Y22         LUT6 (Prop_lut6_I1_O)        0.124    15.847 r  i_ariane/i_cva6/gen_cache_hpd.i_cache_subsystem/i_dcache/i_hpdcache/core_req_arbiter_i/req_arbiter_i/wait_q_i_22/O
                         net (fo=3, routed)           0.513    16.360    i_ariane/i_cva6/gen_cache_hpd.i_cache_subsystem/i_dcache/i_hpdcache/hpdcache_ctrl_i/hpdcache_rtab_i/pop_arb_i/wait_q_i_15_0
    SLICE_X20Y22         LUT6 (Prop_lut6_I0_O)        0.124    16.484 r  i_ariane/i_cva6/gen_cache_hpd.i_cache_subsystem/i_dcache/i_hpdcache/hpdcache_ctrl_i/hpdcache_rtab_i/pop_arb_i/wait_q_i_26/O
                         net (fo=1, routed)           0.303    16.787    i_ariane/i_cva6/gen_cache_hpd.i_cache_subsystem/i_dcache/i_hpdcache/hpdcache_ctrl_i/hpdcache_rtab_i/pop_arb_i/wait_q_i_26_n_0
    SLICE_X20Y21         LUT6 (Prop_lut6_I2_O)        0.124    16.911 r  i_ariane/i_cva6/gen_cache_hpd.i_cache_subsystem/i_dcache/i_hpdcache/hpdcache_ctrl_i/hpdcache_rtab_i/pop_arb_i/wait_q_i_15/O
                         net (fo=2, routed)           0.558    17.468    i_ariane/i_cva6/gen_cache_hpd.i_cache_subsystem/i_dcache/i_hpdcache/hpdcache_ctrl_i/hpdcache_rtab_i/pop_arb_i/wait_q_i_15_n_0
    SLICE_X23Y21         LUT6 (Prop_lut6_I4_O)        0.124    17.592 f  i_ariane/i_cva6/gen_cache_hpd.i_cache_subsystem/i_dcache/i_hpdcache/hpdcache_ctrl_i/hpdcache_rtab_i/pop_arb_i/wait_q_i_6__0/O
                         net (fo=3, routed)           0.553    18.146    i_ariane/i_cva6/gen_cache_hpd.i_cache_subsystem/i_dcache/i_hpdcache/hpdcache_ctrl_i/hpdcache_rtab_i/pop_arb_i/hpdcache_ctrl_pe_i/core_req_ready_o1__2
    SLICE_X24Y20         LUT6 (Prop_lut6_I3_O)        0.124    18.270 f  i_ariane/i_cva6/gen_cache_hpd.i_cache_subsystem/i_dcache/i_hpdcache/hpdcache_ctrl_i/hpdcache_rtab_i/pop_arb_i/st1_req_valid_q_i_2/O
                         net (fo=3, routed)           0.421    18.690    i_ariane/i_cva6/gen_cache_hpd.i_cache_subsystem/i_dcache/i_hpdcache/hpdcache_ctrl_i/hpdcache_rtab_i/pop_arb_i/st0_req_mshr_check_o3111_in
    SLICE_X26Y20         LUT6 (Prop_lut6_I5_O)        0.124    18.814 f  i_ariane/i_cva6/gen_cache_hpd.i_cache_subsystem/i_dcache/i_hpdcache/hpdcache_ctrl_i/hpdcache_rtab_i/pop_arb_i/mem[30]_i_2/O
                         net (fo=15, routed)          0.694    19.509    i_ariane/i_cva6/gen_cache_hpd.i_cache_subsystem/i_dcache/i_hpdcache/hpdcache_miss_handler_i/miss_mshr_check
    SLICE_X33Y20         LUT5 (Prop_lut5_I3_O)        0.118    19.627 f  i_ariane/i_cva6/gen_cache_hpd.i_cache_subsystem/i_dcache/i_hpdcache/hpdcache_miss_handler_i/mem_reg_i_43/O
                         net (fo=8, routed)           1.164    20.790    i_ariane/i_cva6/gen_cache_hpd.i_cache_subsystem/i_dcache/i_hpdcache/hpdcache_ctrl_i/hpdcache_memctrl_i/gen_dir_sram[3].dir_sram/ram_i/mem_reg_30
    SLICE_X46Y15         LUT6 (Prop_lut6_I4_O)        0.326    21.116 r  i_ariane/i_cva6/gen_cache_hpd.i_cache_subsystem/i_dcache/i_hpdcache/hpdcache_ctrl_i/hpdcache_memctrl_i/gen_dir_sram[3].dir_sram/ram_i/mem_reg_i_8/O
                         net (fo=9, routed)           1.237    22.354    i_ariane/i_cva6/gen_cache_hpd.i_cache_subsystem/i_dcache/i_hpdcache/hpdcache_ctrl_i/hpdcache_memctrl_i/gen_dir_sram[1].dir_sram/ram_i/ADDRARDADDR[1]
    RAMB18_X3Y8          RAMB18E1                                     r  i_ariane/i_cva6/gen_cache_hpd.i_cache_subsystem/i_dcache/i_hpdcache/hpdcache_ctrl_i/hpdcache_memctrl_i/gen_dir_sram[1].dir_sram/ram_i/mem_reg/ADDRARDADDR[5]
  -------------------------------------------------------------------    -------------------

                         (clock clk_out1_xlnx_clk_gen rise edge)
                                                     25.000    25.000 r  
    K17                                               0.000    25.000 r  clk_sys (IN)
                         net (fo=0)                   0.000    25.000    i_xlnx_clk_gen/inst/clk_in1
    K17                  IBUF (Prop_ibuf_I_O)         1.404    26.404 r  i_xlnx_clk_gen/inst/clkin1_ibufg/O
                         net (fo=1, routed)           1.162    27.566    i_xlnx_clk_gen/inst/clk_in1_xlnx_clk_gen
    MMCME2_ADV_X1Y2      MMCME2_ADV (Prop_mmcme2_adv_CLKIN1_CLKOUT0)
                                                     -7.814    19.752 r  i_xlnx_clk_gen/inst/mmcm_adv_inst/CLKOUT0
                         net (fo=1, routed)           2.012    21.764    i_xlnx_clk_gen/inst/clk_out1_xlnx_clk_gen
    BUFGCTRL_X0Y16       BUFG (Prop_bufg_I_O)         0.091    21.855 r  i_xlnx_clk_gen/inst/clkout1_buf/O
                         net (fo=31820, routed)       1.581    23.436    i_ariane/i_cva6/gen_cache_hpd.i_cache_subsystem/i_dcache/i_hpdcache/hpdcache_ctrl_i/hpdcache_memctrl_i/gen_dir_sram[1].dir_sram/ram_i/clk_out1
    RAMB18_X3Y8          RAMB18E1                                     r  i_ariane/i_cva6/gen_cache_hpd.i_cache_subsystem/i_dcache/i_hpdcache/hpdcache_ctrl_i/hpdcache_memctrl_i/gen_dir_sram[1].dir_sram/ram_i/mem_reg/CLKARDCLK
                         clock pessimism              0.567    24.003    
                         clock uncertainty           -0.082    23.921    
    RAMB18_X3Y8          RAMB18E1 (Setup_ramb18e1_CLKARDCLK_ADDRARDADDR[5])
                                                     -0.566    23.355    i_ariane/i_cva6/gen_cache_hpd.i_cache_subsystem/i_dcache/i_hpdcache/hpdcache_ctrl_i/hpdcache_memctrl_i/gen_dir_sram[1].dir_sram/ram_i/mem_reg
  -------------------------------------------------------------------
                         required time                         23.355    
                         arrival time                         -22.354    
  -------------------------------------------------------------------
                         slack                                  1.001    

Slack (MET) :             1.001ns  (required time - arrival time)
  Source:                 i_ariane/i_cva6/csr_regfile_i/pmpaddr_q_reg[5][1]/C
                            (rising edge-triggered cell FDCE clocked by clk_out1_xlnx_clk_gen  {rise@0.000ns fall@12.500ns period=25.000ns})
  Destination:            i_ariane/i_cva6/gen_cache_hpd.i_cache_subsystem/i_dcache/i_hpdcache/hpdcache_ctrl_i/hpdcache_memctrl_i/gen_dir_sram[2].dir_sram/ram_i/mem_reg/ADDRARDADDR[5]
                            (rising edge-triggered cell RAMB18E1 clocked by clk_out1_xlnx_clk_gen  {rise@0.000ns fall@12.500ns period=25.000ns})
  Path Group:             clk_out1_xlnx_clk_gen
  Path Type:              Setup (Max at Slow Process Corner)
  Requirement:            25.000ns  (clk_out1_xlnx_clk_gen rise@25.000ns - clk_out1_xlnx_clk_gen rise@0.000ns)
  Data Path Delay:        23.322ns  (logic 6.049ns (25.937%)  route 17.273ns (74.063%))
  Logic Levels:           27  (CARRY4=1 LUT2=1 LUT3=3 LUT4=1 LUT5=3 LUT6=17 MUXF7=1)
  Clock Path Skew:        -0.029ns (DCD - SCD + CPR)
    Destination Clock Delay (DCD):    -1.564ns = ( 23.436 - 25.000 ) 
    Source Clock Delay      (SCD):    -0.968ns
    Clock Pessimism Removal (CPR):    0.567ns
  Clock Uncertainty:      0.082ns  ((TSJ^2 + DJ^2)^1/2) / 2 + PE
    Total System Jitter     (TSJ):    0.071ns
    Discrete Jitter          (DJ):    0.149ns
    Phase Error              (PE):    0.000ns

    Location             Delay type                Incr(ns)  Path(ns)    Netlist Resource(s)
  -------------------------------------------------------------------    -------------------
                         (clock clk_out1_xlnx_clk_gen rise edge)
                                                      0.000     0.000 r  
    K17                                               0.000     0.000 r  clk_sys (IN)
                         net (fo=0)                   0.000     0.000    i_xlnx_clk_gen/inst/clk_in1
    K17                  IBUF (Prop_ibuf_I_O)         1.475     1.475 r  i_xlnx_clk_gen/inst/clkin1_ibufg/O
                         net (fo=1, routed)           1.285     2.760    i_xlnx_clk_gen/inst/clk_in1_xlnx_clk_gen
    MMCME2_ADV_X1Y2      MMCME2_ADV (Prop_mmcme2_adv_CLKIN1_CLKOUT0)
                                                     -7.759    -4.999 r  i_xlnx_clk_gen/inst/mmcm_adv_inst/CLKOUT0
                         net (fo=1, routed)           2.206    -2.793    i_xlnx_clk_gen/inst/clk_out1_xlnx_clk_gen
    BUFGCTRL_X0Y16       BUFG (Prop_bufg_I_O)         0.101    -2.692 r  i_xlnx_clk_gen/inst/clkout1_buf/O
                         net (fo=31820, routed)       1.724    -0.968    i_ariane/i_cva6/csr_regfile_i/clk_out1
    SLICE_X56Y35         FDCE                                         r  i_ariane/i_cva6/csr_regfile_i/pmpaddr_q_reg[5][1]/C
  -------------------------------------------------------------------    -------------------
    SLICE_X56Y35         FDCE (Prop_fdce_C_Q)         0.456    -0.512 r  i_ariane/i_cva6/csr_regfile_i/pmpaddr_q_reg[5][1]/Q
                         net (fo=14, routed)          0.878     0.365    i_ariane/i_cva6/csr_regfile_i/pmpaddr_q_reg[5][29]_0[1]
    SLICE_X58Y34         LUT2 (Prop_lut2_I1_O)        0.152     0.517 r  i_ariane/i_cva6/csr_regfile_i/gen_register.d_o[100]_i_908/O
                         net (fo=1, routed)           0.550     1.067    i_ariane/i_cva6/csr_regfile_i/gen_register.d_o[100]_i_908_n_0
    SLICE_X59Y36         LUT6 (Prop_lut6_I4_O)        0.348     1.415 r  i_ariane/i_cva6/csr_regfile_i/gen_register.d_o[100]_i_823/O
                         net (fo=3, routed)           0.166     1.581    i_ariane/i_cva6/csr_regfile_i/pmpaddr_q_reg[5][4]_0
    SLICE_X59Y36         LUT6 (Prop_lut6_I5_O)        0.124     1.705 r  i_ariane/i_cva6/csr_regfile_i/gen_register.d_o[100]_i_828/O
                         net (fo=3, routed)           0.773     2.479    i_ariane/i_cva6/csr_regfile_i/gen_register.d_o[100]_i_828_n_0
    SLICE_X59Y37         LUT3 (Prop_lut3_I2_O)        0.150     2.629 r  i_ariane/i_cva6/csr_regfile_i/gen_register.d_o[100]_i_627/O
                         net (fo=4, routed)           0.609     3.238    i_ariane/i_cva6/csr_regfile_i/gen_register.d_o[100]_i_627_n_0
    SLICE_X58Y39         LUT5 (Prop_lut5_I2_O)        0.325     3.563 r  i_ariane/i_cva6/csr_regfile_i/gen_register.d_o[100]_i_827/O
                         net (fo=3, routed)           0.610     4.173    i_ariane/i_cva6/csr_regfile_i/gen_register.d_o[100]_i_827_n_0
    SLICE_X58Y40         LUT3 (Prop_lut3_I2_O)        0.374     4.547 r  i_ariane/i_cva6/csr_regfile_i/gen_register.d_o[100]_i_623/O
                         net (fo=4, routed)           0.646     5.193    i_ariane/i_cva6/csr_regfile_i/gen_register.d_o[100]_i_623_n_0
    SLICE_X58Y40         LUT5 (Prop_lut5_I2_O)        0.340     5.533 r  i_ariane/i_cva6/csr_regfile_i/gen_register.d_o[100]_i_630/O
                         net (fo=3, routed)           0.615     6.148    i_ariane/i_cva6/csr_regfile_i/gen_register.d_o[100]_i_630_n_0
    SLICE_X57Y40         LUT3 (Prop_lut3_I2_O)        0.328     6.476 r  i_ariane/i_cva6/csr_regfile_i/gen_register.d_o[100]_i_389/O
                         net (fo=6, routed)           0.619     7.096    i_ariane/i_cva6/csr_regfile_i/gen_register.d_o[100]_i_389_n_0
    SLICE_X54Y37         LUT6 (Prop_lut6_I5_O)        0.124     7.220 r  i_ariane/i_cva6/csr_regfile_i/gen_register.d_o[100]_i_171/O
                         net (fo=1, routed)           0.000     7.220    i_ariane/i_cva6/ex_stage_i/lsu_i/i_pmp_data_if/i_pmp_data/gen_pmp.genblk1[5].i_pmp_entry/gen_register.d_o[100]_i_17[1]
    SLICE_X54Y37         CARRY4 (Prop_carry4_S[1]_CO[3])
                                                      0.533     7.753 f  i_ariane/i_cva6/ex_stage_i/lsu_i/i_pmp_data_if/i_pmp_data/gen_pmp.genblk1[5].i_pmp_entry/gen_register.d_o_reg[100]_i_48/CO[3]
                         net (fo=1, routed)           0.935     8.688    i_ariane/i_cva6/csr_regfile_i/wait_q_i_45_2[0]
    SLICE_X51Y37         LUT6 (Prop_lut6_I4_O)        0.124     8.812 f  i_ariane/i_cva6/csr_regfile_i/gen_register.d_o[100]_i_17/O
                         net (fo=5, routed)           0.766     9.578    i_ariane/i_cva6/csr_regfile_i/gen_register.d_o[100]_i_17_n_0
    SLICE_X49Y38         LUT4 (Prop_lut4_I0_O)        0.150     9.728 f  i_ariane/i_cva6/csr_regfile_i/wait_q_i_47/O
                         net (fo=1, routed)           1.038    10.765    i_ariane/i_cva6/csr_regfile_i/wait_q_i_47_n_0
    SLICE_X39Y33         LUT6 (Prop_lut6_I3_O)        0.326    11.091 r  i_ariane/i_cva6/csr_regfile_i/wait_q_i_44/O
                         net (fo=1, routed)           0.901    11.992    i_ariane/i_cva6/ex_stage_i/lsu_i/i_load_unit/wait_q_reg_i_29_0
    SLICE_X29Y30         LUT6 (Prop_lut6_I2_O)        0.124    12.116 f  i_ariane/i_cva6/ex_stage_i/lsu_i/i_load_unit/wait_q_i_40/O
                         net (fo=1, routed)           0.000    12.116    i_ariane/i_cva6/ex_stage_i/lsu_i/i_load_unit/wait_q_i_40_n_0
    SLICE_X29Y30         MUXF7 (Prop_muxf7_I0_O)      0.212    12.328 f  i_ariane/i_cva6/ex_stage_i/lsu_i/i_load_unit/wait_q_reg_i_29/O
                         net (fo=1, routed)           0.503    12.831    i_ariane/i_cva6/gen_cache_hpd.i_cache_subsystem/i_dcache/i_hpdcache/hpdcache_ctrl_i/hpdcache_rtab_i/wbuf_pending_arb_i/st1_req_q[op][0]_i_9_0
    SLICE_X24Y25         LUT6 (Prop_lut6_I3_O)        0.299    13.130 f  i_ariane/i_cva6/gen_cache_hpd.i_cache_subsystem/i_dcache/i_hpdcache/hpdcache_ctrl_i/hpdcache_rtab_i/wbuf_pending_arb_i/wait_q_i_16/O
                         net (fo=4, routed)           0.737    13.867    i_ariane/i_cva6/gen_cache_hpd.i_cache_subsystem/i_dcache/i_hpdcache/hpdcache_ctrl_i/hpdcache_rtab_i/st1_req_valid_q_reg_0
    SLICE_X22Y23         LUT6 (Prop_lut6_I2_O)        0.124    13.991 r  i_ariane/i_cva6/gen_cache_hpd.i_cache_subsystem/i_dcache/i_hpdcache/hpdcache_ctrl_i/hpdcache_rtab_i/deps_q[0][wbuf_not_ready]_i_6/O
                         net (fo=5, routed)           0.634    14.625    i_ariane/i_cva6/gen_cache_hpd.i_cache_subsystem/i_dcache/i_hpdcache/hpdcache_ctrl_i/hpdcache_memctrl_i/gen_dir_sram[2].dir_sram/ram_i/deps_q_reg[0][wbuf_not_ready]
    SLICE_X20Y23         LUT6 (Prop_lut6_I2_O)        0.124    14.749 r  i_ariane/i_cva6/gen_cache_hpd.i_cache_subsystem/i_dcache/i_hpdcache/hpdcache_ctrl_i/hpdcache_memctrl_i/gen_dir_sram[2].dir_sram/ram_i/wait_q_i_9__0/O
                         net (fo=7, routed)           0.504    15.253    i_ariane/i_cva6/ex_stage_i/lsu_i/i_load_unit/req_port_o1__1
    SLICE_X21Y23         LUT6 (Prop_lut6_I3_O)        0.124    15.377 r  i_ariane/i_cva6/ex_stage_i/lsu_i/i_load_unit/wait_q_i_3__3/O
                         net (fo=12, routed)          0.346    15.723    i_ariane/i_cva6/gen_cache_hpd.i_cache_subsystem/i_dcache/i_hpdcache/core_req_arbiter_i/req_arbiter_i/dcache_req_ports_ex_cache[1][data_req]
    SLICE_X21Y22         LUT6 (Prop_lut6_I1_O)        0.124    15.847 r  i_ariane/i_cva6/gen_cache_hpd.i_cache_subsystem/i_dcache/i_hpdcache/core_req_arbiter_i/req_arbiter_i/wait_q_i_22/O
                         net (fo=3, routed)           0.513    16.360    i_ariane/i_cva6/gen_cache_hpd.i_cache_subsystem/i_dcache/i_hpdcache/hpdcache_ctrl_i/hpdcache_rtab_i/pop_arb_i/wait_q_i_15_0
    SLICE_X20Y22         LUT6 (Prop_lut6_I0_O)        0.124    16.484 r  i_ariane/i_cva6/gen_cache_hpd.i_cache_subsystem/i_dcache/i_hpdcache/hpdcache_ctrl_i/hpdcache_rtab_i/pop_arb_i/wait_q_i_26/O
                         net (fo=1, routed)           0.303    16.787    i_ariane/i_cva6/gen_cache_hpd.i_cache_subsystem/i_dcache/i_hpdcache/hpdcache_ctrl_i/hpdcache_rtab_i/pop_arb_i/wait_q_i_26_n_0
    SLICE_X20Y21         LUT6 (Prop_lut6_I2_O)        0.124    16.911 r  i_ariane/i_cva6/gen_cache_hpd.i_cache_subsystem/i_dcache/i_hpdcache/hpdcache_ctrl_i/hpdcache_rtab_i/pop_arb_i/wait_q_i_15/O
                         net (fo=2, routed)           0.558    17.468    i_ariane/i_cva6/gen_cache_hpd.i_cache_subsystem/i_dcache/i_hpdcache/hpdcache_ctrl_i/hpdcache_rtab_i/pop_arb_i/wait_q_i_15_n_0
    SLICE_X23Y21         LUT6 (Prop_lut6_I4_O)        0.124    17.592 f  i_ariane/i_cva6/gen_cache_hpd.i_cache_subsystem/i_dcache/i_hpdcache/hpdcache_ctrl_i/hpdcache_rtab_i/pop_arb_i/wait_q_i_6__0/O
                         net (fo=3, routed)           0.553    18.146    i_ariane/i_cva6/gen_cache_hpd.i_cache_subsystem/i_dcache/i_hpdcache/hpdcache_ctrl_i/hpdcache_rtab_i/pop_arb_i/hpdcache_ctrl_pe_i/core_req_ready_o1__2
    SLICE_X24Y20         LUT6 (Prop_lut6_I3_O)        0.124    18.270 f  i_ariane/i_cva6/gen_cache_hpd.i_cache_subsystem/i_dcache/i_hpdcache/hpdcache_ctrl_i/hpdcache_rtab_i/pop_arb_i/st1_req_valid_q_i_2/O
                         net (fo=3, routed)           0.421    18.690    i_ariane/i_cva6/gen_cache_hpd.i_cache_subsystem/i_dcache/i_hpdcache/hpdcache_ctrl_i/hpdcache_rtab_i/pop_arb_i/st0_req_mshr_check_o3111_in
    SLICE_X26Y20         LUT6 (Prop_lut6_I5_O)        0.124    18.814 f  i_ariane/i_cva6/gen_cache_hpd.i_cache_subsystem/i_dcache/i_hpdcache/hpdcache_ctrl_i/hpdcache_rtab_i/pop_arb_i/mem[30]_i_2/O
                         net (fo=15, routed)          0.694    19.509    i_ariane/i_cva6/gen_cache_hpd.i_cache_subsystem/i_dcache/i_hpdcache/hpdcache_miss_handler_i/miss_mshr_check
    SLICE_X33Y20         LUT5 (Prop_lut5_I3_O)        0.118    19.627 f  i_ariane/i_cva6/gen_cache_hpd.i_cache_subsystem/i_dcache/i_hpdcache/hpdcache_miss_handler_i/mem_reg_i_43/O
                         net (fo=8, routed)           1.164    20.790    i_ariane/i_cva6/gen_cache_hpd.i_cache_subsystem/i_dcache/i_hpdcache/hpdcache_ctrl_i/hpdcache_memctrl_i/gen_dir_sram[3].dir_sram/ram_i/mem_reg_30
    SLICE_X46Y15         LUT6 (Prop_lut6_I4_O)        0.326    21.116 r  i_ariane/i_cva6/gen_cache_hpd.i_cache_subsystem/i_dcache/i_hpdcache/hpdcache_ctrl_i/hpdcache_memctrl_i/gen_dir_sram[3].dir_sram/ram_i/mem_reg_i_8/O
                         net (fo=9, routed)           1.237    22.354    i_ariane/i_cva6/gen_cache_hpd.i_cache_subsystem/i_dcache/i_hpdcache/hpdcache_ctrl_i/hpdcache_memctrl_i/gen_dir_sram[2].dir_sram/ram_i/ADDRARDADDR[1]
    RAMB18_X3Y9          RAMB18E1                                     r  i_ariane/i_cva6/gen_cache_hpd.i_cache_subsystem/i_dcache/i_hpdcache/hpdcache_ctrl_i/hpdcache_memctrl_i/gen_dir_sram[2].dir_sram/ram_i/mem_reg/ADDRARDADDR[5]
  -------------------------------------------------------------------    -------------------

                         (clock clk_out1_xlnx_clk_gen rise edge)
                                                     25.000    25.000 r  
    K17                                               0.000    25.000 r  clk_sys (IN)
                         net (fo=0)                   0.000    25.000    i_xlnx_clk_gen/inst/clk_in1
    K17                  IBUF (Prop_ibuf_I_O)         1.404    26.404 r  i_xlnx_clk_gen/inst/clkin1_ibufg/O
                         net (fo=1, routed)           1.162    27.566    i_xlnx_clk_gen/inst/clk_in1_xlnx_clk_gen
    MMCME2_ADV_X1Y2      MMCME2_ADV (Prop_mmcme2_adv_CLKIN1_CLKOUT0)
                                                     -7.814    19.752 r  i_xlnx_clk_gen/inst/mmcm_adv_inst/CLKOUT0
                         net (fo=1, routed)           2.012    21.764    i_xlnx_clk_gen/inst/clk_out1_xlnx_clk_gen
    BUFGCTRL_X0Y16       BUFG (Prop_bufg_I_O)         0.091    21.855 r  i_xlnx_clk_gen/inst/clkout1_buf/O
                         net (fo=31820, routed)       1.581    23.436    i_ariane/i_cva6/gen_cache_hpd.i_cache_subsystem/i_dcache/i_hpdcache/hpdcache_ctrl_i/hpdcache_memctrl_i/gen_dir_sram[2].dir_sram/ram_i/clk_out1
    RAMB18_X3Y9          RAMB18E1                                     r  i_ariane/i_cva6/gen_cache_hpd.i_cache_subsystem/i_dcache/i_hpdcache/hpdcache_ctrl_i/hpdcache_memctrl_i/gen_dir_sram[2].dir_sram/ram_i/mem_reg/CLKARDCLK
                         clock pessimism              0.567    24.003    
                         clock uncertainty           -0.082    23.921    
    RAMB18_X3Y9          RAMB18E1 (Setup_ramb18e1_CLKARDCLK_ADDRARDADDR[5])
                                                     -0.566    23.355    i_ariane/i_cva6/gen_cache_hpd.i_cache_subsystem/i_dcache/i_hpdcache/hpdcache_ctrl_i/hpdcache_memctrl_i/gen_dir_sram[2].dir_sram/ram_i/mem_reg
  -------------------------------------------------------------------
                         required time                         23.355    
                         arrival time                         -22.354    
  -------------------------------------------------------------------
                         slack                                  1.001    





Min Delay Paths
--------------------------------------------------------------------------------------
Slack (MET) :             0.020ns  (arrival time - required time)
  Source:                 i_ariane_peripherals/i_axi2apb_64_32_uart/slave_r_buffer_i/i_axi_single_slice/i_fifo/impl/i_fifo_v3/mem_q_reg[1][39]/C
                            (rising edge-triggered cell FDCE clocked by clk_out1_xlnx_clk_gen  {rise@0.000ns fall@12.500ns period=25.000ns})
  Destination:            i_axi_xbar/i_xbar/gen_mst_port_mux[5].i_axi_mux/gen_mux.i_r_spill_reg/spill_register_flushable_i/gen_spill_reg.a_data_q_reg[data][36]/D
                            (rising edge-triggered cell FDCE clocked by clk_out1_xlnx_clk_gen  {rise@0.000ns fall@12.500ns period=25.000ns})
  Path Group:             clk_out1_xlnx_clk_gen
  Path Type:              Hold (Min at Fast Process Corner)
  Requirement:            0.000ns  (clk_out1_xlnx_clk_gen rise@0.000ns - clk_out1_xlnx_clk_gen rise@0.000ns)
  Data Path Delay:        0.391ns  (logic 0.212ns (54.223%)  route 0.179ns (45.777%))
  Logic Levels:           1  (LUT3=1)
  Clock Path Skew:        0.264ns (DCD - SCD - CPR)
    Destination Clock Delay (DCD):    -0.901ns
    Source Clock Delay      (SCD):    -0.663ns
    Clock Pessimism Removal (CPR):    -0.503ns

    Location             Delay type                Incr(ns)  Path(ns)    Netlist Resource(s)
  -------------------------------------------------------------------    -------------------
                         (clock clk_out1_xlnx_clk_gen rise edge)
                                                      0.000     0.000 r  
    K17                                               0.000     0.000 r  clk_sys (IN)
                         net (fo=0)                   0.000     0.000    i_xlnx_clk_gen/inst/clk_in1
    K17                  IBUF (Prop_ibuf_I_O)         0.243     0.243 r  i_xlnx_clk_gen/inst/clkin1_ibufg/O
                         net (fo=1, routed)           0.440     0.683    i_xlnx_clk_gen/inst/clk_in1_xlnx_clk_gen
    MMCME2_ADV_X1Y2      MMCME2_ADV (Prop_mmcme2_adv_CLKIN1_CLKOUT0)
                                                     -2.613    -1.930 r  i_xlnx_clk_gen/inst/mmcm_adv_inst/CLKOUT0
                         net (fo=1, routed)           0.696    -1.233    i_xlnx_clk_gen/inst/clk_out1_xlnx_clk_gen
    BUFGCTRL_X0Y16       BUFG (Prop_bufg_I_O)         0.026    -1.207 r  i_xlnx_clk_gen/inst/clkout1_buf/O
                         net (fo=31820, routed)       0.545    -0.663    i_ariane_peripherals/i_axi2apb_64_32_uart/slave_r_buffer_i/i_axi_single_slice/i_fifo/impl/i_fifo_v3/clk_out1
    SLICE_X50Y25         FDCE                                         r  i_ariane_peripherals/i_axi2apb_64_32_uart/slave_r_buffer_i/i_axi_single_slice/i_fifo/impl/i_fifo_v3/mem_q_reg[1][39]/C
  -------------------------------------------------------------------    -------------------
    SLICE_X50Y25         FDCE (Prop_fdce_C_Q)         0.164    -0.499 r  i_ariane_peripherals/i_axi2apb_64_32_uart/slave_r_buffer_i/i_axi_single_slice/i_fifo/impl/i_fifo_v3/mem_q_reg[1][39]/Q
                         net (fo=1, routed)           0.179    -0.320    i_ariane_peripherals/i_axi2apb_64_32_uart/slave_r_buffer_i/i_axi_single_slice/i_fifo/impl/i_fifo_v3/mem_q_reg[1]_287[39]
    SLICE_X49Y26         LUT3 (Prop_lut3_I0_O)        0.048    -0.272 r  i_ariane_peripherals/i_axi2apb_64_32_uart/slave_r_buffer_i/i_axi_single_slice/i_fifo/impl/i_fifo_v3/gen_spill_reg.a_data_q[data][36]_i_1__1/O
                         net (fo=1, routed)           0.000    -0.272    i_axi_xbar/i_xbar/gen_mst_port_mux[5].i_axi_mux/gen_mux.i_r_spill_reg/spill_register_flushable_i/gen_spill_reg.a_data_q_reg[data][39]_0[12]
    SLICE_X49Y26         FDCE                                         r  i_axi_xbar/i_xbar/gen_mst_port_mux[5].i_axi_mux/gen_mux.i_r_spill_reg/spill_register_flushable_i/gen_spill_reg.a_data_q_reg[data][36]/D
  -------------------------------------------------------------------    -------------------

                         (clock clk_out1_xlnx_clk_gen rise edge)
                                                      0.000     0.000 r  
    K17                                               0.000     0.000 r  clk_sys (IN)
                         net (fo=0)                   0.000     0.000    i_xlnx_clk_gen/inst/clk_in1
    K17                  IBUF (Prop_ibuf_I_O)         0.431     0.431 r  i_xlnx_clk_gen/inst/clkin1_ibufg/O
                         net (fo=1, routed)           0.480     0.911    i_xlnx_clk_gen/inst/clk_in1_xlnx_clk_gen
    MMCME2_ADV_X1Y2      MMCME2_ADV (Prop_mmcme2_adv_CLKIN1_CLKOUT0)
                                                     -3.407    -2.496 r  i_xlnx_clk_gen/inst/mmcm_adv_inst/CLKOUT0
                         net (fo=1, routed)           0.752    -1.744    i_xlnx_clk_gen/inst/clk_out1_xlnx_clk_gen
    BUFGCTRL_X0Y16       BUFG (Prop_bufg_I_O)         0.029    -1.715 r  i_xlnx_clk_gen/inst/clkout1_buf/O
                         net (fo=31820, routed)       0.814    -0.901    i_axi_xbar/i_xbar/gen_mst_port_mux[5].i_axi_mux/gen_mux.i_r_spill_reg/spill_register_flushable_i/clk_out1
    SLICE_X49Y26         FDCE                                         r  i_axi_xbar/i_xbar/gen_mst_port_mux[5].i_axi_mux/gen_mux.i_r_spill_reg/spill_register_flushable_i/gen_spill_reg.a_data_q_reg[data][36]/C
                         clock pessimism              0.503    -0.398    
    SLICE_X49Y26         FDCE (Hold_fdce_C_D)         0.107    -0.291    i_axi_xbar/i_xbar/gen_mst_port_mux[5].i_axi_mux/gen_mux.i_r_spill_reg/spill_register_flushable_i/gen_spill_reg.a_data_q_reg[data][36]
  -------------------------------------------------------------------
                         required time                          0.291    
                         arrival time                          -0.272    
  -------------------------------------------------------------------
                         slack                                  0.020    

Slack (MET) :             0.040ns  (arrival time - required time)
  Source:                 i_axi_xbar/i_xbar/gen_slv_port_demux[0].i_axi_demux/gen_demux.i_ar_spill_reg/spill_register_flushable_i/gen_spill_reg.a_data_q_reg[ar_chan][addr][12]/C
                            (rising edge-triggered cell FDCE clocked by clk_out1_xlnx_clk_gen  {rise@0.000ns fall@12.500ns period=25.000ns})
  Destination:            i_axi_xbar/i_xbar/gen_slv_port_demux[0].i_axi_demux/gen_demux.i_ar_spill_reg/spill_register_flushable_i/gen_spill_reg.b_data_q_reg[ar_chan][addr][12]/D
                            (rising edge-triggered cell FDCE clocked by clk_out1_xlnx_clk_gen  {rise@0.000ns fall@12.500ns period=25.000ns})
  Path Group:             clk_out1_xlnx_clk_gen
  Path Type:              Hold (Min at Fast Process Corner)
  Requirement:            0.000ns  (clk_out1_xlnx_clk_gen rise@0.000ns - clk_out1_xlnx_clk_gen rise@0.000ns)
  Data Path Delay:        0.360ns  (logic 0.141ns (39.157%)  route 0.219ns (60.843%))
  Logic Levels:           0  
  Clock Path Skew:        0.257ns (DCD - SCD - CPR)
    Destination Clock Delay (DCD):    -0.895ns
    Source Clock Delay      (SCD):    -0.650ns
    Clock Pessimism Removal (CPR):    -0.503ns

    Location             Delay type                Incr(ns)  Path(ns)    Netlist Resource(s)
  -------------------------------------------------------------------    -------------------
                         (clock clk_out1_xlnx_clk_gen rise edge)
                                                      0.000     0.000 r  
    K17                                               0.000     0.000 r  clk_sys (IN)
                         net (fo=0)                   0.000     0.000    i_xlnx_clk_gen/inst/clk_in1
    K17                  IBUF (Prop_ibuf_I_O)         0.243     0.243 r  i_xlnx_clk_gen/inst/clkin1_ibufg/O
                         net (fo=1, routed)           0.440     0.683    i_xlnx_clk_gen/inst/clk_in1_xlnx_clk_gen
    MMCME2_ADV_X1Y2      MMCME2_ADV (Prop_mmcme2_adv_CLKIN1_CLKOUT0)
                                                     -2.613    -1.930 r  i_xlnx_clk_gen/inst/mmcm_adv_inst/CLKOUT0
                         net (fo=1, routed)           0.696    -1.233    i_xlnx_clk_gen/inst/clk_out1_xlnx_clk_gen
    BUFGCTRL_X0Y16       BUFG (Prop_bufg_I_O)         0.026    -1.207 r  i_xlnx_clk_gen/inst/clkout1_buf/O
                         net (fo=31820, routed)       0.558    -0.650    i_axi_xbar/i_xbar/gen_slv_port_demux[0].i_axi_demux/gen_demux.i_ar_spill_reg/spill_register_flushable_i/clk_out1
    SLICE_X48Y12         FDCE                                         r  i_axi_xbar/i_xbar/gen_slv_port_demux[0].i_axi_demux/gen_demux.i_ar_spill_reg/spill_register_flushable_i/gen_spill_reg.a_data_q_reg[ar_chan][addr][12]/C
  -------------------------------------------------------------------    -------------------
    SLICE_X48Y12         FDCE (Prop_fdce_C_Q)         0.141    -0.509 r  i_axi_xbar/i_xbar/gen_slv_port_demux[0].i_axi_demux/gen_demux.i_ar_spill_reg/spill_register_flushable_i/gen_spill_reg.a_data_q_reg[ar_chan][addr][12]/Q
                         net (fo=2, routed)           0.219    -0.290    i_axi_xbar/i_xbar/gen_slv_port_demux[0].i_axi_demux/gen_demux.i_ar_spill_reg/spill_register_flushable_i/gen_spill_reg.a_data_q_reg[ar_chan][addr][12]
    SLICE_X50Y14         FDCE                                         r  i_axi_xbar/i_xbar/gen_slv_port_demux[0].i_axi_demux/gen_demux.i_ar_spill_reg/spill_register_flushable_i/gen_spill_reg.b_data_q_reg[ar_chan][addr][12]/D
  -------------------------------------------------------------------    -------------------

                         (clock clk_out1_xlnx_clk_gen rise edge)
                                                      0.000     0.000 r  
    K17                                               0.000     0.000 r  clk_sys (IN)
                         net (fo=0)                   0.000     0.000    i_xlnx_clk_gen/inst/clk_in1
    K17                  IBUF (Prop_ibuf_I_O)         0.431     0.431 r  i_xlnx_clk_gen/inst/clkin1_ibufg/O
                         net (fo=1, routed)           0.480     0.911    i_xlnx_clk_gen/inst/clk_in1_xlnx_clk_gen
    MMCME2_ADV_X1Y2      MMCME2_ADV (Prop_mmcme2_adv_CLKIN1_CLKOUT0)
                                                     -3.407    -2.496 r  i_xlnx_clk_gen/inst/mmcm_adv_inst/CLKOUT0
                         net (fo=1, routed)           0.752    -1.744    i_xlnx_clk_gen/inst/clk_out1_xlnx_clk_gen
    BUFGCTRL_X0Y16       BUFG (Prop_bufg_I_O)         0.029    -1.715 r  i_xlnx_clk_gen/inst/clkout1_buf/O
                         net (fo=31820, routed)       0.820    -0.895    i_axi_xbar/i_xbar/gen_slv_port_demux[0].i_axi_demux/gen_demux.i_ar_spill_reg/spill_register_flushable_i/clk_out1
    SLICE_X50Y14         FDCE                                         r  i_axi_xbar/i_xbar/gen_slv_port_demux[0].i_axi_demux/gen_demux.i_ar_spill_reg/spill_register_flushable_i/gen_spill_reg.b_data_q_reg[ar_chan][addr][12]/C
                         clock pessimism              0.503    -0.392    
    SLICE_X50Y14         FDCE (Hold_fdce_C_D)         0.063    -0.329    i_axi_xbar/i_xbar/gen_slv_port_demux[0].i_axi_demux/gen_demux.i_ar_spill_reg/spill_register_flushable_i/gen_spill_reg.b_data_q_reg[ar_chan][addr][12]
  -------------------------------------------------------------------
                         required time                          0.329    
                         arrival time                          -0.290    
  -------------------------------------------------------------------
                         slack                                  0.040    

Slack (MET) :             0.045ns  (arrival time - required time)
  Source:                 i_axi_xbar/i_xbar/gen_slv_port_demux[0].i_axi_demux/gen_demux.i_ar_spill_reg/spill_register_flushable_i/gen_spill_reg.a_data_q_reg[ar_chan][addr][16]/C
                            (rising edge-triggered cell FDCE clocked by clk_out1_xlnx_clk_gen  {rise@0.000ns fall@12.500ns period=25.000ns})
  Destination:            i_axi_xbar/i_xbar/gen_slv_port_demux[0].i_axi_demux/gen_demux.i_ar_spill_reg/spill_register_flushable_i/gen_spill_reg.b_data_q_reg[ar_chan][addr][16]/D
                            (rising edge-triggered cell FDCE clocked by clk_out1_xlnx_clk_gen  {rise@0.000ns fall@12.500ns period=25.000ns})
  Path Group:             clk_out1_xlnx_clk_gen
  Path Type:              Hold (Min at Fast Process Corner)
  Requirement:            0.000ns  (clk_out1_xlnx_clk_gen rise@0.000ns - clk_out1_xlnx_clk_gen rise@0.000ns)
  Data Path Delay:        0.375ns  (logic 0.141ns (37.614%)  route 0.234ns (62.386%))
  Logic Levels:           0  
  Clock Path Skew:        0.259ns (DCD - SCD - CPR)
    Destination Clock Delay (DCD):    -0.890ns
    Source Clock Delay      (SCD):    -0.647ns
    Clock Pessimism Removal (CPR):    -0.503ns

    Location             Delay type                Incr(ns)  Path(ns)    Netlist Resource(s)
  -------------------------------------------------------------------    -------------------
                         (clock clk_out1_xlnx_clk_gen rise edge)
                                                      0.000     0.000 r  
    K17                                               0.000     0.000 r  clk_sys (IN)
                         net (fo=0)                   0.000     0.000    i_xlnx_clk_gen/inst/clk_in1
    K17                  IBUF (Prop_ibuf_I_O)         0.243     0.243 r  i_xlnx_clk_gen/inst/clkin1_ibufg/O
                         net (fo=1, routed)           0.440     0.683    i_xlnx_clk_gen/inst/clk_in1_xlnx_clk_gen
    MMCME2_ADV_X1Y2      MMCME2_ADV (Prop_mmcme2_adv_CLKIN1_CLKOUT0)
                                                     -2.613    -1.930 r  i_xlnx_clk_gen/inst/mmcm_adv_inst/CLKOUT0
                         net (fo=1, routed)           0.696    -1.233    i_xlnx_clk_gen/inst/clk_out1_xlnx_clk_gen
    BUFGCTRL_X0Y16       BUFG (Prop_bufg_I_O)         0.026    -1.207 r  i_xlnx_clk_gen/inst/clkout1_buf/O
                         net (fo=31820, routed)       0.561    -0.647    i_axi_xbar/i_xbar/gen_slv_port_demux[0].i_axi_demux/gen_demux.i_ar_spill_reg/spill_register_flushable_i/clk_out1
    SLICE_X48Y5          FDCE                                         r  i_axi_xbar/i_xbar/gen_slv_port_demux[0].i_axi_demux/gen_demux.i_ar_spill_reg/spill_register_flushable_i/gen_spill_reg.a_data_q_reg[ar_chan][addr][16]/C
  -------------------------------------------------------------------    -------------------
    SLICE_X48Y5          FDCE (Prop_fdce_C_Q)         0.141    -0.506 r  i_axi_xbar/i_xbar/gen_slv_port_demux[0].i_axi_demux/gen_demux.i_ar_spill_reg/spill_register_flushable_i/gen_spill_reg.a_data_q_reg[ar_chan][addr][16]/Q
                         net (fo=2, routed)           0.234    -0.272    i_axi_xbar/i_xbar/gen_slv_port_demux[0].i_axi_demux/gen_demux.i_ar_spill_reg/spill_register_flushable_i/gen_spill_reg.a_data_q_reg[ar_chan][addr][16]
    SLICE_X52Y5          FDCE                                         r  i_axi_xbar/i_xbar/gen_slv_port_demux[0].i_axi_demux/gen_demux.i_ar_spill_reg/spill_register_flushable_i/gen_spill_reg.b_data_q_reg[ar_chan][addr][16]/D
  -------------------------------------------------------------------    -------------------

                         (clock clk_out1_xlnx_clk_gen rise edge)
                                                      0.000     0.000 r  
    K17                                               0.000     0.000 r  clk_sys (IN)
                         net (fo=0)                   0.000     0.000    i_xlnx_clk_gen/inst/clk_in1
    K17                  IBUF (Prop_ibuf_I_O)         0.431     0.431 r  i_xlnx_clk_gen/inst/clkin1_ibufg/O
                         net (fo=1, routed)           0.480     0.911    i_xlnx_clk_gen/inst/clk_in1_xlnx_clk_gen
    MMCME2_ADV_X1Y2      MMCME2_ADV (Prop_mmcme2_adv_CLKIN1_CLKOUT0)
                                                     -3.407    -2.496 r  i_xlnx_clk_gen/inst/mmcm_adv_inst/CLKOUT0
                         net (fo=1, routed)           0.752    -1.744    i_xlnx_clk_gen/inst/clk_out1_xlnx_clk_gen
    BUFGCTRL_X0Y16       BUFG (Prop_bufg_I_O)         0.029    -1.715 r  i_xlnx_clk_gen/inst/clkout1_buf/O
                         net (fo=31820, routed)       0.825    -0.890    i_axi_xbar/i_xbar/gen_slv_port_demux[0].i_axi_demux/gen_demux.i_ar_spill_reg/spill_register_flushable_i/clk_out1
    SLICE_X52Y5          FDCE                                         r  i_axi_xbar/i_xbar/gen_slv_port_demux[0].i_axi_demux/gen_demux.i_ar_spill_reg/spill_register_flushable_i/gen_spill_reg.b_data_q_reg[ar_chan][addr][16]/C
                         clock pessimism              0.503    -0.387    
    SLICE_X52Y5          FDCE (Hold_fdce_C_D)         0.070    -0.317    i_axi_xbar/i_xbar/gen_slv_port_demux[0].i_axi_demux/gen_demux.i_ar_spill_reg/spill_register_flushable_i/gen_spill_reg.b_data_q_reg[ar_chan][addr][16]
  -------------------------------------------------------------------
                         required time                          0.317    
                         arrival time                          -0.272    
  -------------------------------------------------------------------
                         slack                                  0.045    

Slack (MET) :             0.048ns  (arrival time - required time)
  Source:                 i_axi_xbar/i_xbar/gen_slv_port_demux[1].i_axi_demux/gen_demux.i_r_spill_reg/spill_register_flushable_i/gen_spill_reg.a_data_q_reg[data][59]/C
                            (rising edge-triggered cell FDCE clocked by clk_out1_xlnx_clk_gen  {rise@0.000ns fall@12.500ns period=25.000ns})
  Destination:            i_axi_xbar/i_xbar/gen_slv_port_demux[1].i_axi_demux/gen_demux.i_r_spill_reg/spill_register_flushable_i/gen_spill_reg.b_data_q_reg[data][59]/D
                            (rising edge-triggered cell FDCE clocked by clk_out1_xlnx_clk_gen  {rise@0.000ns fall@12.500ns period=25.000ns})
  Path Group:             clk_out1_xlnx_clk_gen
  Path Type:              Hold (Min at Fast Process Corner)
  Requirement:            0.000ns  (clk_out1_xlnx_clk_gen rise@0.000ns - clk_out1_xlnx_clk_gen rise@0.000ns)
  Data Path Delay:        0.377ns  (logic 0.164ns (43.542%)  route 0.213ns (56.458%))
  Logic Levels:           0  
  Clock Path Skew:        0.264ns (DCD - SCD - CPR)
    Destination Clock Delay (DCD):    -0.862ns
    Source Clock Delay      (SCD):    -0.619ns
    Clock Pessimism Removal (CPR):    -0.508ns

    Location             Delay type                Incr(ns)  Path(ns)    Netlist Resource(s)
  -------------------------------------------------------------------    -------------------
                         (clock clk_out1_xlnx_clk_gen rise edge)
                                                      0.000     0.000 r  
    K17                                               0.000     0.000 r  clk_sys (IN)
                         net (fo=0)                   0.000     0.000    i_xlnx_clk_gen/inst/clk_in1
    K17                  IBUF (Prop_ibuf_I_O)         0.243     0.243 r  i_xlnx_clk_gen/inst/clkin1_ibufg/O
                         net (fo=1, routed)           0.440     0.683    i_xlnx_clk_gen/inst/clk_in1_xlnx_clk_gen
    MMCME2_ADV_X1Y2      MMCME2_ADV (Prop_mmcme2_adv_CLKIN1_CLKOUT0)
                                                     -2.613    -1.930 r  i_xlnx_clk_gen/inst/mmcm_adv_inst/CLKOUT0
                         net (fo=1, routed)           0.696    -1.233    i_xlnx_clk_gen/inst/clk_out1_xlnx_clk_gen
    BUFGCTRL_X0Y16       BUFG (Prop_bufg_I_O)         0.026    -1.207 r  i_xlnx_clk_gen/inst/clkout1_buf/O
                         net (fo=31820, routed)       0.589    -0.619    i_axi_xbar/i_xbar/gen_slv_port_demux[1].i_axi_demux/gen_demux.i_r_spill_reg/spill_register_flushable_i/clk_out1
    SLICE_X82Y44         FDCE                                         r  i_axi_xbar/i_xbar/gen_slv_port_demux[1].i_axi_demux/gen_demux.i_r_spill_reg/spill_register_flushable_i/gen_spill_reg.a_data_q_reg[data][59]/C
  -------------------------------------------------------------------    -------------------
    SLICE_X82Y44         FDCE (Prop_fdce_C_Q)         0.164    -0.455 r  i_axi_xbar/i_xbar/gen_slv_port_demux[1].i_axi_demux/gen_demux.i_r_spill_reg/spill_register_flushable_i/gen_spill_reg.a_data_q_reg[data][59]/Q
                         net (fo=2, routed)           0.213    -0.242    i_axi_xbar/i_xbar/gen_slv_port_demux[1].i_axi_demux/gen_demux.i_r_spill_reg/spill_register_flushable_i/gen_spill_reg.a_data_q_reg[data][59]
    SLICE_X82Y52         FDCE                                         r  i_axi_xbar/i_xbar/gen_slv_port_demux[1].i_axi_demux/gen_demux.i_r_spill_reg/spill_register_flushable_i/gen_spill_reg.b_data_q_reg[data][59]/D
  -------------------------------------------------------------------    -------------------

                         (clock clk_out1_xlnx_clk_gen rise edge)
                                                      0.000     0.000 r  
    K17                                               0.000     0.000 r  clk_sys (IN)
                         net (fo=0)                   0.000     0.000    i_xlnx_clk_gen/inst/clk_in1
    K17                  IBUF (Prop_ibuf_I_O)         0.431     0.431 r  i_xlnx_clk_gen/inst/clkin1_ibufg/O
                         net (fo=1, routed)           0.480     0.911    i_xlnx_clk_gen/inst/clk_in1_xlnx_clk_gen
    MMCME2_ADV_X1Y2      MMCME2_ADV (Prop_mmcme2_adv_CLKIN1_CLKOUT0)
                                                     -3.407    -2.496 r  i_xlnx_clk_gen/inst/mmcm_adv_inst/CLKOUT0
                         net (fo=1, routed)           0.752    -1.744    i_xlnx_clk_gen/inst/clk_out1_xlnx_clk_gen
    BUFGCTRL_X0Y16       BUFG (Prop_bufg_I_O)         0.029    -1.715 r  i_xlnx_clk_gen/inst/clkout1_buf/O
                         net (fo=31820, routed)       0.853    -0.862    i_axi_xbar/i_xbar/gen_slv_port_demux[1].i_axi_demux/gen_demux.i_r_spill_reg/spill_register_flushable_i/clk_out1
    SLICE_X82Y52         FDCE                                         r  i_axi_xbar/i_xbar/gen_slv_port_demux[1].i_axi_demux/gen_demux.i_r_spill_reg/spill_register_flushable_i/gen_spill_reg.b_data_q_reg[data][59]/C
                         clock pessimism              0.508    -0.354    
    SLICE_X82Y52         FDCE (Hold_fdce_C_D)         0.064    -0.290    i_axi_xbar/i_xbar/gen_slv_port_demux[1].i_axi_demux/gen_demux.i_r_spill_reg/spill_register_flushable_i/gen_spill_reg.b_data_q_reg[data][59]
  -------------------------------------------------------------------
                         required time                          0.290    
                         arrival time                          -0.242    
  -------------------------------------------------------------------
                         slack                                  0.048    

Slack (MET) :             0.052ns  (arrival time - required time)
  Source:                 i_ariane_peripherals/i_axi2apb_64_32_uart/slave_r_buffer_i/i_axi_single_slice/i_fifo/impl/i_fifo_v3/read_pointer_q_reg[0]/C
                            (rising edge-triggered cell FDCE clocked by clk_out1_xlnx_clk_gen  {rise@0.000ns fall@12.500ns period=25.000ns})
  Destination:            i_axi_xbar/i_xbar/gen_mst_port_mux[5].i_axi_mux/gen_mux.i_r_spill_reg/spill_register_flushable_i/gen_spill_reg.a_data_q_reg[id][4]/D
                            (rising edge-triggered cell FDCE clocked by clk_out1_xlnx_clk_gen  {rise@0.000ns fall@12.500ns period=25.000ns})
  Path Group:             clk_out1_xlnx_clk_gen
  Path Type:              Hold (Min at Fast Process Corner)
  Requirement:            0.000ns  (clk_out1_xlnx_clk_gen rise@0.000ns - clk_out1_xlnx_clk_gen rise@0.000ns)
  Data Path Delay:        0.423ns  (logic 0.212ns (50.099%)  route 0.211ns (49.901%))
  Logic Levels:           1  (LUT3=1)
  Clock Path Skew:        0.264ns (DCD - SCD - CPR)
    Destination Clock Delay (DCD):    -0.897ns
    Source Clock Delay      (SCD):    -0.659ns
    Clock Pessimism Removal (CPR):    -0.503ns

    Location             Delay type                Incr(ns)  Path(ns)    Netlist Resource(s)
  -------------------------------------------------------------------    -------------------
                         (clock clk_out1_xlnx_clk_gen rise edge)
                                                      0.000     0.000 r  
    K17                                               0.000     0.000 r  clk_sys (IN)
                         net (fo=0)                   0.000     0.000    i_xlnx_clk_gen/inst/clk_in1
    K17                  IBUF (Prop_ibuf_I_O)         0.243     0.243 r  i_xlnx_clk_gen/inst/clkin1_ibufg/O
                         net (fo=1, routed)           0.440     0.683    i_xlnx_clk_gen/inst/clk_in1_xlnx_clk_gen
    MMCME2_ADV_X1Y2      MMCME2_ADV (Prop_mmcme2_adv_CLKIN1_CLKOUT0)
                                                     -2.613    -1.930 r  i_xlnx_clk_gen/inst/mmcm_adv_inst/CLKOUT0
                         net (fo=1, routed)           0.696    -1.233    i_xlnx_clk_gen/inst/clk_out1_xlnx_clk_gen
    BUFGCTRL_X0Y16       BUFG (Prop_bufg_I_O)         0.026    -1.207 r  i_xlnx_clk_gen/inst/clkout1_buf/O
                         net (fo=31820, routed)       0.549    -0.659    i_ariane_peripherals/i_axi2apb_64_32_uart/slave_r_buffer_i/i_axi_single_slice/i_fifo/impl/i_fifo_v3/clk_out1
    SLICE_X50Y29         FDCE                                         r  i_ariane_peripherals/i_axi2apb_64_32_uart/slave_r_buffer_i/i_axi_single_slice/i_fifo/impl/i_fifo_v3/read_pointer_q_reg[0]/C
  -------------------------------------------------------------------    -------------------
    SLICE_X50Y29         FDCE (Prop_fdce_C_Q)         0.164    -0.495 r  i_ariane_peripherals/i_axi2apb_64_32_uart/slave_r_buffer_i/i_axi_single_slice/i_fifo/impl/i_fifo_v3/read_pointer_q_reg[0]/Q
                         net (fo=21, routed)          0.211    -0.283    i_ariane_peripherals/i_axi2apb_64_32_uart/slave_r_buffer_i/i_axi_single_slice/i_fifo/impl/i_fifo_v3/read_pointer_q
    SLICE_X47Y29         LUT3 (Prop_lut3_I2_O)        0.048    -0.235 r  i_ariane_peripherals/i_axi2apb_64_32_uart/slave_r_buffer_i/i_axi_single_slice/i_fifo/impl/i_fifo_v3/gen_spill_reg.a_data_q[id][4]_i_2__1/O
                         net (fo=1, routed)           0.000    -0.235    i_axi_xbar/i_xbar/gen_mst_port_mux[5].i_axi_mux/gen_mux.i_r_spill_reg/spill_register_flushable_i/gen_spill_reg.a_data_q_reg[id][4]_1[2]
    SLICE_X47Y29         FDCE                                         r  i_axi_xbar/i_xbar/gen_mst_port_mux[5].i_axi_mux/gen_mux.i_r_spill_reg/spill_register_flushable_i/gen_spill_reg.a_data_q_reg[id][4]/D
  -------------------------------------------------------------------    -------------------

                         (clock clk_out1_xlnx_clk_gen rise edge)
                                                      0.000     0.000 r  
    K17                                               0.000     0.000 r  clk_sys (IN)
                         net (fo=0)                   0.000     0.000    i_xlnx_clk_gen/inst/clk_in1
    K17                  IBUF (Prop_ibuf_I_O)         0.431     0.431 r  i_xlnx_clk_gen/inst/clkin1_ibufg/O
                         net (fo=1, routed)           0.480     0.911    i_xlnx_clk_gen/inst/clk_in1_xlnx_clk_gen
    MMCME2_ADV_X1Y2      MMCME2_ADV (Prop_mmcme2_adv_CLKIN1_CLKOUT0)
                                                     -3.407    -2.496 r  i_xlnx_clk_gen/inst/mmcm_adv_inst/CLKOUT0
                         net (fo=1, routed)           0.752    -1.744    i_xlnx_clk_gen/inst/clk_out1_xlnx_clk_gen
    BUFGCTRL_X0Y16       BUFG (Prop_bufg_I_O)         0.029    -1.715 r  i_xlnx_clk_gen/inst/clkout1_buf/O
                         net (fo=31820, routed)       0.818    -0.897    i_axi_xbar/i_xbar/gen_mst_port_mux[5].i_axi_mux/gen_mux.i_r_spill_reg/spill_register_flushable_i/clk_out1
    SLICE_X47Y29         FDCE                                         r  i_axi_xbar/i_xbar/gen_mst_port_mux[5].i_axi_mux/gen_mux.i_r_spill_reg/spill_register_flushable_i/gen_spill_reg.a_data_q_reg[id][4]/C
                         clock pessimism              0.503    -0.394    
    SLICE_X47Y29         FDCE (Hold_fdce_C_D)         0.107    -0.287    i_axi_xbar/i_xbar/gen_mst_port_mux[5].i_axi_mux/gen_mux.i_r_spill_reg/spill_register_flushable_i/gen_spill_reg.a_data_q_reg[id][4]
  -------------------------------------------------------------------
                         required time                          0.287    
                         arrival time                          -0.235    
  -------------------------------------------------------------------
                         slack                                  0.052    

Slack (MET) :             0.057ns  (arrival time - required time)
  Source:                 i_ariane/i_cva6/id_stage_i/issue_q_reg[0][sbe][bp][predict_address][23]/C
                            (rising edge-triggered cell FDCE clocked by clk_out1_xlnx_clk_gen  {rise@0.000ns fall@12.500ns period=25.000ns})
  Destination:            i_ariane/i_cva6/issue_stage_i/i_issue_read_operands/branch_predict_o_reg[predict_address][23]/D
                            (rising edge-triggered cell FDCE clocked by clk_out1_xlnx_clk_gen  {rise@0.000ns fall@12.500ns period=25.000ns})
  Path Group:             clk_out1_xlnx_clk_gen
  Path Type:              Hold (Min at Fast Process Corner)
  Requirement:            0.000ns  (clk_out1_xlnx_clk_gen rise@0.000ns - clk_out1_xlnx_clk_gen rise@0.000ns)
  Data Path Delay:        0.388ns  (logic 0.141ns (36.334%)  route 0.247ns (63.666%))
  Logic Levels:           0  
  Clock Path Skew:        0.267ns (DCD - SCD - CPR)
    Destination Clock Delay (DCD):    -0.891ns
    Source Clock Delay      (SCD):    -0.656ns
    Clock Pessimism Removal (CPR):    -0.503ns

    Location             Delay type                Incr(ns)  Path(ns)    Netlist Resource(s)
  -------------------------------------------------------------------    -------------------
                         (clock clk_out1_xlnx_clk_gen rise edge)
                                                      0.000     0.000 r  
    K17                                               0.000     0.000 r  clk_sys (IN)
                         net (fo=0)                   0.000     0.000    i_xlnx_clk_gen/inst/clk_in1
    K17                  IBUF (Prop_ibuf_I_O)         0.243     0.243 r  i_xlnx_clk_gen/inst/clkin1_ibufg/O
                         net (fo=1, routed)           0.440     0.683    i_xlnx_clk_gen/inst/clk_in1_xlnx_clk_gen
    MMCME2_ADV_X1Y2      MMCME2_ADV (Prop_mmcme2_adv_CLKIN1_CLKOUT0)
                                                     -2.613    -1.930 r  i_xlnx_clk_gen/inst/mmcm_adv_inst/CLKOUT0
                         net (fo=1, routed)           0.696    -1.233    i_xlnx_clk_gen/inst/clk_out1_xlnx_clk_gen
    BUFGCTRL_X0Y16       BUFG (Prop_bufg_I_O)         0.026    -1.207 r  i_xlnx_clk_gen/inst/clkout1_buf/O
                         net (fo=31820, routed)       0.552    -0.656    i_ariane/i_cva6/id_stage_i/clk_out1
    SLICE_X51Y53         FDCE                                         r  i_ariane/i_cva6/id_stage_i/issue_q_reg[0][sbe][bp][predict_address][23]/C
  -------------------------------------------------------------------    -------------------
    SLICE_X51Y53         FDCE (Prop_fdce_C_Q)         0.141    -0.515 r  i_ariane/i_cva6/id_stage_i/issue_q_reg[0][sbe][bp][predict_address][23]/Q
                         net (fo=5, routed)           0.247    -0.267    i_ariane/i_cva6/issue_stage_i/i_issue_read_operands/branch_predict_o_reg[predict_address][31]_1[23]
    SLICE_X46Y55         FDCE                                         r  i_ariane/i_cva6/issue_stage_i/i_issue_read_operands/branch_predict_o_reg[predict_address][23]/D
  -------------------------------------------------------------------    -------------------

                         (clock clk_out1_xlnx_clk_gen rise edge)
                                                      0.000     0.000 r  
    K17                                               0.000     0.000 r  clk_sys (IN)
                         net (fo=0)                   0.000     0.000    i_xlnx_clk_gen/inst/clk_in1
    K17                  IBUF (Prop_ibuf_I_O)         0.431     0.431 r  i_xlnx_clk_gen/inst/clkin1_ibufg/O
                         net (fo=1, routed)           0.480     0.911    i_xlnx_clk_gen/inst/clk_in1_xlnx_clk_gen
    MMCME2_ADV_X1Y2      MMCME2_ADV (Prop_mmcme2_adv_CLKIN1_CLKOUT0)
                                                     -3.407    -2.496 r  i_xlnx_clk_gen/inst/mmcm_adv_inst/CLKOUT0
                         net (fo=1, routed)           0.752    -1.744    i_xlnx_clk_gen/inst/clk_out1_xlnx_clk_gen
    BUFGCTRL_X0Y16       BUFG (Prop_bufg_I_O)         0.029    -1.715 r  i_xlnx_clk_gen/inst/clkout1_buf/O
                         net (fo=31820, routed)       0.824    -0.891    i_ariane/i_cva6/issue_stage_i/i_issue_read_operands/clk_out1
    SLICE_X46Y55         FDCE                                         r  i_ariane/i_cva6/issue_stage_i/i_issue_read_operands/branch_predict_o_reg[predict_address][23]/C
                         clock pessimism              0.503    -0.388    
    SLICE_X46Y55         FDCE (Hold_fdce_C_D)         0.064    -0.324    i_ariane/i_cva6/issue_stage_i/i_issue_read_operands/branch_predict_o_reg[predict_address][23]
  -------------------------------------------------------------------
                         required time                          0.324    
                         arrival time                          -0.267    
  -------------------------------------------------------------------
                         slack                                  0.057    

Slack (MET) :             0.062ns  (arrival time - required time)
  Source:                 i_ariane/i_cva6/i_frontend/i_instr_queue/gen_pc_q_without_C.pc_q_reg[20]/C
                            (rising edge-triggered cell FDCE clocked by clk_out1_xlnx_clk_gen  {rise@0.000ns fall@12.500ns period=25.000ns})
  Destination:            i_ariane/i_cva6/id_stage_i/issue_q_reg[0][sbe][pc][20]/D
                            (rising edge-triggered cell FDCE clocked by clk_out1_xlnx_clk_gen  {rise@0.000ns fall@12.500ns period=25.000ns})
  Path Group:             clk_out1_xlnx_clk_gen
  Path Type:              Hold (Min at Fast Process Corner)
  Requirement:            0.000ns  (clk_out1_xlnx_clk_gen rise@0.000ns - clk_out1_xlnx_clk_gen rise@0.000ns)
  Data Path Delay:        0.390ns  (logic 0.141ns (36.158%)  route 0.249ns (63.842%))
  Logic Levels:           0  
  Clock Path Skew:        0.262ns (DCD - SCD - CPR)
    Destination Clock Delay (DCD):    -0.890ns
    Source Clock Delay      (SCD):    -0.645ns
    Clock Pessimism Removal (CPR):    -0.508ns

    Location             Delay type                Incr(ns)  Path(ns)    Netlist Resource(s)
  -------------------------------------------------------------------    -------------------
                         (clock clk_out1_xlnx_clk_gen rise edge)
                                                      0.000     0.000 r  
    K17                                               0.000     0.000 r  clk_sys (IN)
                         net (fo=0)                   0.000     0.000    i_xlnx_clk_gen/inst/clk_in1
    K17                  IBUF (Prop_ibuf_I_O)         0.243     0.243 r  i_xlnx_clk_gen/inst/clkin1_ibufg/O
                         net (fo=1, routed)           0.440     0.683    i_xlnx_clk_gen/inst/clk_in1_xlnx_clk_gen
    MMCME2_ADV_X1Y2      MMCME2_ADV (Prop_mmcme2_adv_CLKIN1_CLKOUT0)
                                                     -2.613    -1.930 r  i_xlnx_clk_gen/inst/mmcm_adv_inst/CLKOUT0
                         net (fo=1, routed)           0.696    -1.233    i_xlnx_clk_gen/inst/clk_out1_xlnx_clk_gen
    BUFGCTRL_X0Y16       BUFG (Prop_bufg_I_O)         0.026    -1.207 r  i_xlnx_clk_gen/inst/clkout1_buf/O
                         net (fo=31820, routed)       0.563    -0.645    i_ariane/i_cva6/i_frontend/i_instr_queue/clk_out1
    SLICE_X45Y48         FDCE                                         r  i_ariane/i_cva6/i_frontend/i_instr_queue/gen_pc_q_without_C.pc_q_reg[20]/C
  -------------------------------------------------------------------    -------------------
    SLICE_X45Y48         FDCE (Prop_fdce_C_Q)         0.141    -0.504 r  i_ariane/i_cva6/i_frontend/i_instr_queue/gen_pc_q_without_C.pc_q_reg[20]/Q
                         net (fo=2, routed)           0.249    -0.255    i_ariane/i_cva6/id_stage_i/issue_q_reg[0][sbe][pc][31]_1[20]
    SLICE_X43Y50         FDCE                                         r  i_ariane/i_cva6/id_stage_i/issue_q_reg[0][sbe][pc][20]/D
  -------------------------------------------------------------------    -------------------

                         (clock clk_out1_xlnx_clk_gen rise edge)
                                                      0.000     0.000 r  
    K17                                               0.000     0.000 r  clk_sys (IN)
                         net (fo=0)                   0.000     0.000    i_xlnx_clk_gen/inst/clk_in1
    K17                  IBUF (Prop_ibuf_I_O)         0.431     0.431 r  i_xlnx_clk_gen/inst/clkin1_ibufg/O
                         net (fo=1, routed)           0.480     0.911    i_xlnx_clk_gen/inst/clk_in1_xlnx_clk_gen
    MMCME2_ADV_X1Y2      MMCME2_ADV (Prop_mmcme2_adv_CLKIN1_CLKOUT0)
                                                     -3.407    -2.496 r  i_xlnx_clk_gen/inst/mmcm_adv_inst/CLKOUT0
                         net (fo=1, routed)           0.752    -1.744    i_xlnx_clk_gen/inst/clk_out1_xlnx_clk_gen
    BUFGCTRL_X0Y16       BUFG (Prop_bufg_I_O)         0.029    -1.715 r  i_xlnx_clk_gen/inst/clkout1_buf/O
                         net (fo=31820, routed)       0.825    -0.890    i_ariane/i_cva6/id_stage_i/clk_out1
    SLICE_X43Y50         FDCE                                         r  i_ariane/i_cva6/id_stage_i/issue_q_reg[0][sbe][pc][20]/C
                         clock pessimism              0.508    -0.382    
    SLICE_X43Y50         FDCE (Hold_fdce_C_D)         0.066    -0.316    i_ariane/i_cva6/id_stage_i/issue_q_reg[0][sbe][pc][20]
  -------------------------------------------------------------------
                         required time                          0.316    
                         arrival time                          -0.255    
  -------------------------------------------------------------------
                         slack                                  0.062    

Slack (MET) :             0.062ns  (arrival time - required time)
  Source:                 i_ariane/i_cva6/gen_cache_hpd.i_cache_subsystem/i_axi_arbiter/i_icache_hpdcache_data_upsize/buf_q_reg[0][0][47]/C
                            (rising edge-triggered cell FDCE clocked by clk_out1_xlnx_clk_gen  {rise@0.000ns fall@12.500ns period=25.000ns})
  Destination:            i_ariane/i_cva6/gen_cache_hpd.i_cache_subsystem/i_cva6_icache/gen_sram[1].data_sram/data_sram/gen_cut[0].i_tc_sram_wrapper/i_ram/Mem_DP_reg/DIBDI[15]
                            (rising edge-triggered cell RAMB36E1 clocked by clk_out1_xlnx_clk_gen  {rise@0.000ns fall@12.500ns period=25.000ns})
  Path Group:             clk_out1_xlnx_clk_gen
  Path Type:              Hold (Min at Fast Process Corner)
  Requirement:            0.000ns  (clk_out1_xlnx_clk_gen rise@0.000ns - clk_out1_xlnx_clk_gen rise@0.000ns)
  Data Path Delay:        0.271ns  (logic 0.141ns (52.053%)  route 0.130ns (47.947%))
  Logic Levels:           0  
  Clock Path Skew:        0.053ns (DCD - SCD - CPR)
    Destination Clock Delay (DCD):    -0.852ns
    Source Clock Delay      (SCD):    -0.648ns
    Clock Pessimism Removal (CPR):    -0.258ns

    Location             Delay type                Incr(ns)  Path(ns)    Netlist Resource(s)
  -------------------------------------------------------------------    -------------------
                         (clock clk_out1_xlnx_clk_gen rise edge)
                                                      0.000     0.000 r  
    K17                                               0.000     0.000 r  clk_sys (IN)
                         net (fo=0)                   0.000     0.000    i_xlnx_clk_gen/inst/clk_in1
    K17                  IBUF (Prop_ibuf_I_O)         0.243     0.243 r  i_xlnx_clk_gen/inst/clkin1_ibufg/O
                         net (fo=1, routed)           0.440     0.683    i_xlnx_clk_gen/inst/clk_in1_xlnx_clk_gen
    MMCME2_ADV_X1Y2      MMCME2_ADV (Prop_mmcme2_adv_CLKIN1_CLKOUT0)
                                                     -2.613    -1.930 r  i_xlnx_clk_gen/inst/mmcm_adv_inst/CLKOUT0
                         net (fo=1, routed)           0.696    -1.233    i_xlnx_clk_gen/inst/clk_out1_xlnx_clk_gen
    BUFGCTRL_X0Y16       BUFG (Prop_bufg_I_O)         0.026    -1.207 r  i_xlnx_clk_gen/inst/clkout1_buf/O
                         net (fo=31820, routed)       0.560    -0.648    i_ariane/i_cva6/gen_cache_hpd.i_cache_subsystem/i_axi_arbiter/i_icache_hpdcache_data_upsize/clk_out1
    SLICE_X33Y34         FDCE                                         r  i_ariane/i_cva6/gen_cache_hpd.i_cache_subsystem/i_axi_arbiter/i_icache_hpdcache_data_upsize/buf_q_reg[0][0][47]/C
  -------------------------------------------------------------------    -------------------
    SLICE_X33Y34         FDCE (Prop_fdce_C_Q)         0.141    -0.507 r  i_ariane/i_cva6/gen_cache_hpd.i_cache_subsystem/i_axi_arbiter/i_icache_hpdcache_data_upsize/buf_q_reg[0][0][47]/Q
                         net (fo=3, routed)           0.130    -0.377    i_ariane/i_cva6/gen_cache_hpd.i_cache_subsystem/i_cva6_icache/gen_sram[1].data_sram/data_sram/gen_cut[0].i_tc_sram_wrapper/i_ram/icache_miss_resp[data][47]
    RAMB36_X2Y6          RAMB36E1                                     r  i_ariane/i_cva6/gen_cache_hpd.i_cache_subsystem/i_cva6_icache/gen_sram[1].data_sram/data_sram/gen_cut[0].i_tc_sram_wrapper/i_ram/Mem_DP_reg/DIBDI[15]
  -------------------------------------------------------------------    -------------------

                         (clock clk_out1_xlnx_clk_gen rise edge)
                                                      0.000     0.000 r  
    K17                                               0.000     0.000 r  clk_sys (IN)
                         net (fo=0)                   0.000     0.000    i_xlnx_clk_gen/inst/clk_in1
    K17                  IBUF (Prop_ibuf_I_O)         0.431     0.431 r  i_xlnx_clk_gen/inst/clkin1_ibufg/O
                         net (fo=1, routed)           0.480     0.911    i_xlnx_clk_gen/inst/clk_in1_xlnx_clk_gen
    MMCME2_ADV_X1Y2      MMCME2_ADV (Prop_mmcme2_adv_CLKIN1_CLKOUT0)
                                                     -3.407    -2.496 r  i_xlnx_clk_gen/inst/mmcm_adv_inst/CLKOUT0
                         net (fo=1, routed)           0.752    -1.744    i_xlnx_clk_gen/inst/clk_out1_xlnx_clk_gen
    BUFGCTRL_X0Y16       BUFG (Prop_bufg_I_O)         0.029    -1.715 r  i_xlnx_clk_gen/inst/clkout1_buf/O
                         net (fo=31820, routed)       0.863    -0.852    i_ariane/i_cva6/gen_cache_hpd.i_cache_subsystem/i_cva6_icache/gen_sram[1].data_sram/data_sram/gen_cut[0].i_tc_sram_wrapper/i_ram/clk_out1
    RAMB36_X2Y6          RAMB36E1                                     r  i_ariane/i_cva6/gen_cache_hpd.i_cache_subsystem/i_cva6_icache/gen_sram[1].data_sram/data_sram/gen_cut[0].i_tc_sram_wrapper/i_ram/Mem_DP_reg/CLKBWRCLK
                         clock pessimism              0.258    -0.594    
    RAMB36_X2Y6          RAMB36E1 (Hold_ramb36e1_CLKBWRCLK_DIBDI[15])
                                                      0.155    -0.439    i_ariane/i_cva6/gen_cache_hpd.i_cache_subsystem/i_cva6_icache/gen_sram[1].data_sram/data_sram/gen_cut[0].i_tc_sram_wrapper/i_ram/Mem_DP_reg
  -------------------------------------------------------------------
                         required time                          0.439    
                         arrival time                          -0.377    
  -------------------------------------------------------------------
                         slack                                  0.062    

Slack (MET) :             0.063ns  (arrival time - required time)
  Source:                 i_axi_xbar/i_xbar/gen_slv_port_demux[0].i_axi_demux/gen_demux.i_ar_spill_reg/spill_register_flushable_i/gen_spill_reg.a_data_q_reg[ar_chan][addr][28]/C
                            (rising edge-triggered cell FDCE clocked by clk_out1_xlnx_clk_gen  {rise@0.000ns fall@12.500ns period=25.000ns})
  Destination:            i_axi_xbar/i_xbar/gen_slv_port_demux[0].i_axi_demux/gen_demux.i_ar_spill_reg/spill_register_flushable_i/gen_spill_reg.b_data_q_reg[ar_chan][addr][28]/D
                            (rising edge-triggered cell FDCE clocked by clk_out1_xlnx_clk_gen  {rise@0.000ns fall@12.500ns period=25.000ns})
  Path Group:             clk_out1_xlnx_clk_gen
  Path Type:              Hold (Min at Fast Process Corner)
  Requirement:            0.000ns  (clk_out1_xlnx_clk_gen rise@0.000ns - clk_out1_xlnx_clk_gen rise@0.000ns)
  Data Path Delay:        0.391ns  (logic 0.141ns (36.067%)  route 0.250ns (63.933%))
  Logic Levels:           0  
  Clock Path Skew:        0.258ns (DCD - SCD - CPR)
    Destination Clock Delay (DCD):    -0.892ns
    Source Clock Delay      (SCD):    -0.648ns
    Clock Pessimism Removal (CPR):    -0.503ns

    Location             Delay type                Incr(ns)  Path(ns)    Netlist Resource(s)
  -------------------------------------------------------------------    -------------------
                         (clock clk_out1_xlnx_clk_gen rise edge)
                                                      0.000     0.000 r  
    K17                                               0.000     0.000 r  clk_sys (IN)
                         net (fo=0)                   0.000     0.000    i_xlnx_clk_gen/inst/clk_in1
    K17                  IBUF (Prop_ibuf_I_O)         0.243     0.243 r  i_xlnx_clk_gen/inst/clkin1_ibufg/O
                         net (fo=1, routed)           0.440     0.683    i_xlnx_clk_gen/inst/clk_in1_xlnx_clk_gen
    MMCME2_ADV_X1Y2      MMCME2_ADV (Prop_mmcme2_adv_CLKIN1_CLKOUT0)
                                                     -2.613    -1.930 r  i_xlnx_clk_gen/inst/mmcm_adv_inst/CLKOUT0
                         net (fo=1, routed)           0.696    -1.233    i_xlnx_clk_gen/inst/clk_out1_xlnx_clk_gen
    BUFGCTRL_X0Y16       BUFG (Prop_bufg_I_O)         0.026    -1.207 r  i_xlnx_clk_gen/inst/clkout1_buf/O
                         net (fo=31820, routed)       0.560    -0.648    i_axi_xbar/i_xbar/gen_slv_port_demux[0].i_axi_demux/gen_demux.i_ar_spill_reg/spill_register_flushable_i/clk_out1
    SLICE_X47Y11         FDCE                                         r  i_axi_xbar/i_xbar/gen_slv_port_demux[0].i_axi_demux/gen_demux.i_ar_spill_reg/spill_register_flushable_i/gen_spill_reg.a_data_q_reg[ar_chan][addr][28]/C
  -------------------------------------------------------------------    -------------------
    SLICE_X47Y11         FDCE (Prop_fdce_C_Q)         0.141    -0.507 r  i_axi_xbar/i_xbar/gen_slv_port_demux[0].i_axi_demux/gen_demux.i_ar_spill_reg/spill_register_flushable_i/gen_spill_reg.a_data_q_reg[ar_chan][addr][28]/Q
                         net (fo=2, routed)           0.250    -0.257    i_axi_xbar/i_xbar/gen_slv_port_demux[0].i_axi_demux/gen_demux.i_ar_spill_reg/spill_register_flushable_i/gen_spill_reg.a_data_q_reg[ar_chan][addr][28]
    SLICE_X53Y11         FDCE                                         r  i_axi_xbar/i_xbar/gen_slv_port_demux[0].i_axi_demux/gen_demux.i_ar_spill_reg/spill_register_flushable_i/gen_spill_reg.b_data_q_reg[ar_chan][addr][28]/D
  -------------------------------------------------------------------    -------------------

                         (clock clk_out1_xlnx_clk_gen rise edge)
                                                      0.000     0.000 r  
    K17                                               0.000     0.000 r  clk_sys (IN)
                         net (fo=0)                   0.000     0.000    i_xlnx_clk_gen/inst/clk_in1
    K17                  IBUF (Prop_ibuf_I_O)         0.431     0.431 r  i_xlnx_clk_gen/inst/clkin1_ibufg/O
                         net (fo=1, routed)           0.480     0.911    i_xlnx_clk_gen/inst/clk_in1_xlnx_clk_gen
    MMCME2_ADV_X1Y2      MMCME2_ADV (Prop_mmcme2_adv_CLKIN1_CLKOUT0)
                                                     -3.407    -2.496 r  i_xlnx_clk_gen/inst/mmcm_adv_inst/CLKOUT0
                         net (fo=1, routed)           0.752    -1.744    i_xlnx_clk_gen/inst/clk_out1_xlnx_clk_gen
    BUFGCTRL_X0Y16       BUFG (Prop_bufg_I_O)         0.029    -1.715 r  i_xlnx_clk_gen/inst/clkout1_buf/O
                         net (fo=31820, routed)       0.823    -0.892    i_axi_xbar/i_xbar/gen_slv_port_demux[0].i_axi_demux/gen_demux.i_ar_spill_reg/spill_register_flushable_i/clk_out1
    SLICE_X53Y11         FDCE                                         r  i_axi_xbar/i_xbar/gen_slv_port_demux[0].i_axi_demux/gen_demux.i_ar_spill_reg/spill_register_flushable_i/gen_spill_reg.b_data_q_reg[ar_chan][addr][28]/C
                         clock pessimism              0.503    -0.389    
    SLICE_X53Y11         FDCE (Hold_fdce_C_D)         0.070    -0.319    i_axi_xbar/i_xbar/gen_slv_port_demux[0].i_axi_demux/gen_demux.i_ar_spill_reg/spill_register_flushable_i/gen_spill_reg.b_data_q_reg[ar_chan][addr][28]
  -------------------------------------------------------------------
                         required time                          0.319    
                         arrival time                          -0.257    
  -------------------------------------------------------------------
                         slack                                  0.063    

Slack (MET) :             0.065ns  (arrival time - required time)
  Source:                 i_ariane/i_cva6/gen_cache_hpd.i_cache_subsystem/i_cva6_icache/vaddr_q_reg[23]/C
                            (rising edge-triggered cell FDCE clocked by clk_out1_xlnx_clk_gen  {rise@0.000ns fall@12.500ns period=25.000ns})
  Destination:            i_ariane/i_cva6/i_frontend/icache_vaddr_q_reg[23]/D
                            (rising edge-triggered cell FDCE clocked by clk_out1_xlnx_clk_gen  {rise@0.000ns fall@12.500ns period=25.000ns})
  Path Group:             clk_out1_xlnx_clk_gen
  Path Type:              Hold (Min at Fast Process Corner)
  Requirement:            0.000ns  (clk_out1_xlnx_clk_gen rise@0.000ns - clk_out1_xlnx_clk_gen rise@0.000ns)
  Data Path Delay:        0.401ns  (logic 0.141ns (35.154%)  route 0.260ns (64.846%))
  Logic Levels:           0  
  Clock Path Skew:        0.266ns (DCD - SCD - CPR)
    Destination Clock Delay (DCD):    -0.886ns
    Source Clock Delay      (SCD):    -0.650ns
    Clock Pessimism Removal (CPR):    -0.503ns

    Location             Delay type                Incr(ns)  Path(ns)    Netlist Resource(s)
  -------------------------------------------------------------------    -------------------
                         (clock clk_out1_xlnx_clk_gen rise edge)
                                                      0.000     0.000 r  
    K17                                               0.000     0.000 r  clk_sys (IN)
                         net (fo=0)                   0.000     0.000    i_xlnx_clk_gen/inst/clk_in1
    K17                  IBUF (Prop_ibuf_I_O)         0.243     0.243 r  i_xlnx_clk_gen/inst/clkin1_ibufg/O
                         net (fo=1, routed)           0.440     0.683    i_xlnx_clk_gen/inst/clk_in1_xlnx_clk_gen
    MMCME2_ADV_X1Y2      MMCME2_ADV (Prop_mmcme2_adv_CLKIN1_CLKOUT0)
                                                     -2.613    -1.930 r  i_xlnx_clk_gen/inst/mmcm_adv_inst/CLKOUT0
                         net (fo=1, routed)           0.696    -1.233    i_xlnx_clk_gen/inst/clk_out1_xlnx_clk_gen
    BUFGCTRL_X0Y16       BUFG (Prop_bufg_I_O)         0.026    -1.207 r  i_xlnx_clk_gen/inst/clkout1_buf/O
                         net (fo=31820, routed)       0.558    -0.650    i_ariane/i_cva6/gen_cache_hpd.i_cache_subsystem/i_cva6_icache/clk_out1
    SLICE_X52Y44         FDCE                                         r  i_ariane/i_cva6/gen_cache_hpd.i_cache_subsystem/i_cva6_icache/vaddr_q_reg[23]/C
  -------------------------------------------------------------------    -------------------
    SLICE_X52Y44         FDCE (Prop_fdce_C_Q)         0.141    -0.509 r  i_ariane/i_cva6/gen_cache_hpd.i_cache_subsystem/i_cva6_icache/vaddr_q_reg[23]/Q
                         net (fo=45, routed)          0.260    -0.249    i_ariane/i_cva6/i_frontend/D[23]
    SLICE_X43Y44         FDCE                                         r  i_ariane/i_cva6/i_frontend/icache_vaddr_q_reg[23]/D
  -------------------------------------------------------------------    -------------------

                         (clock clk_out1_xlnx_clk_gen rise edge)
                                                      0.000     0.000 r  
    K17                                               0.000     0.000 r  clk_sys (IN)
                         net (fo=0)                   0.000     0.000    i_xlnx_clk_gen/inst/clk_in1
    K17                  IBUF (Prop_ibuf_I_O)         0.431     0.431 r  i_xlnx_clk_gen/inst/clkin1_ibufg/O
                         net (fo=1, routed)           0.480     0.911    i_xlnx_clk_gen/inst/clk_in1_xlnx_clk_gen
    MMCME2_ADV_X1Y2      MMCME2_ADV (Prop_mmcme2_adv_CLKIN1_CLKOUT0)
                                                     -3.407    -2.496 r  i_xlnx_clk_gen/inst/mmcm_adv_inst/CLKOUT0
                         net (fo=1, routed)           0.752    -1.744    i_xlnx_clk_gen/inst/clk_out1_xlnx_clk_gen
    BUFGCTRL_X0Y16       BUFG (Prop_bufg_I_O)         0.029    -1.715 r  i_xlnx_clk_gen/inst/clkout1_buf/O
                         net (fo=31820, routed)       0.829    -0.886    i_ariane/i_cva6/i_frontend/clk_out1
    SLICE_X43Y44         FDCE                                         r  i_ariane/i_cva6/i_frontend/icache_vaddr_q_reg[23]/C
                         clock pessimism              0.503    -0.383    
    SLICE_X43Y44         FDCE (Hold_fdce_C_D)         0.070    -0.313    i_ariane/i_cva6/i_frontend/icache_vaddr_q_reg[23]
  -------------------------------------------------------------------
                         required time                          0.313    
                         arrival time                          -0.249    
  -------------------------------------------------------------------
                         slack                                  0.065    





Pulse Width Checks
--------------------------------------------------------------------------------------
Clock Name:         clk_out1_xlnx_clk_gen
Waveform(ns):       { 0.000 12.500 }
Period(ns):         25.000
Sources:            { i_xlnx_clk_gen/inst/mmcm_adv_inst/CLKOUT0 }

Check Type        Corner  Lib Pin             Reference Pin  Required(ns)  Actual(ns)  Slack(ns)  Location         Pin
Min Period        n/a     RAMB36E1/CLKARDCLK  n/a            2.944         25.000      22.056     RAMB36_X2Y7      i_ariane/i_cva6/gen_cache_hpd.i_cache_subsystem/i_cva6_icache/gen_sram[0].data_sram/data_sram/gen_cut[0].i_tc_sram_wrapper/i_ram/Mem_DP_reg/CLKARDCLK
Min Period        n/a     RAMB36E1/CLKBWRCLK  n/a            2.944         25.000      22.056     RAMB36_X2Y7      i_ariane/i_cva6/gen_cache_hpd.i_cache_subsystem/i_cva6_icache/gen_sram[0].data_sram/data_sram/gen_cut[0].i_tc_sram_wrapper/i_ram/Mem_DP_reg/CLKBWRCLK
Min Period        n/a     RAMB36E1/CLKARDCLK  n/a            2.944         25.000      22.056     RAMB36_X2Y8      i_ariane/i_cva6/gen_cache_hpd.i_cache_subsystem/i_cva6_icache/gen_sram[0].data_sram/data_sram/gen_cut[1].i_tc_sram_wrapper/i_ram/Mem_DP_reg/CLKARDCLK
Min Period        n/a     RAMB36E1/CLKBWRCLK  n/a            2.944         25.000      22.056     RAMB36_X2Y8      i_ariane/i_cva6/gen_cache_hpd.i_cache_subsystem/i_cva6_icache/gen_sram[0].data_sram/data_sram/gen_cut[1].i_tc_sram_wrapper/i_ram/Mem_DP_reg/CLKBWRCLK
Min Period        n/a     RAMB36E1/CLKARDCLK  n/a            2.944         25.000      22.056     RAMB36_X2Y9      i_ariane/i_cva6/gen_cache_hpd.i_cache_subsystem/i_cva6_icache/gen_sram[0].tag_sram/data_sram/gen_cut[0].i_tc_sram_wrapper/i_ram/Mem_DP_reg/CLKARDCLK
Min Period        n/a     RAMB36E1/CLKBWRCLK  n/a            2.944         25.000      22.056     RAMB36_X2Y9      i_ariane/i_cva6/gen_cache_hpd.i_cache_subsystem/i_cva6_icache/gen_sram[0].tag_sram/data_sram/gen_cut[0].i_tc_sram_wrapper/i_ram/Mem_DP_reg/CLKBWRCLK
Min Period        n/a     RAMB36E1/CLKARDCLK  n/a            2.944         25.000      22.056     RAMB36_X2Y6      i_ariane/i_cva6/gen_cache_hpd.i_cache_subsystem/i_cva6_icache/gen_sram[1].data_sram/data_sram/gen_cut[0].i_tc_sram_wrapper/i_ram/Mem_DP_reg/CLKARDCLK
Min Period        n/a     RAMB36E1/CLKBWRCLK  n/a            2.944         25.000      22.056     RAMB36_X2Y6      i_ariane/i_cva6/gen_cache_hpd.i_cache_subsystem/i_cva6_icache/gen_sram[1].data_sram/data_sram/gen_cut[0].i_tc_sram_wrapper/i_ram/Mem_DP_reg/CLKBWRCLK
Min Period        n/a     RAMB36E1/CLKARDCLK  n/a            2.944         25.000      22.056     RAMB36_X2Y5      i_ariane/i_cva6/gen_cache_hpd.i_cache_subsystem/i_cva6_icache/gen_sram[1].data_sram/data_sram/gen_cut[1].i_tc_sram_wrapper/i_ram/Mem_DP_reg/CLKARDCLK
Min Period        n/a     RAMB36E1/CLKBWRCLK  n/a            2.944         25.000      22.056     RAMB36_X2Y5      i_ariane/i_cva6/gen_cache_hpd.i_cache_subsystem/i_cva6_icache/gen_sram[1].data_sram/data_sram/gen_cut[1].i_tc_sram_wrapper/i_ram/Mem_DP_reg/CLKBWRCLK
Max Period        n/a     MMCME2_ADV/CLKOUT0  n/a            213.360       25.000      188.360    MMCME2_ADV_X1Y2  i_xlnx_clk_gen/inst/mmcm_adv_inst/CLKOUT0
Low Pulse Width   Slow    RAMD64E/CLK         n/a            1.250         12.500      11.250     SLICE_X38Y40     bht_gen.i_bht/gen_fpga_bht.gen_bht_ram[0].i_bht_ram/mem_reg_r1_0_63_0_2/RAMA/CLK
Low Pulse Width   Fast    RAMD64E/CLK         n/a            1.250         12.500      11.250     SLICE_X38Y40     bht_gen.i_bht/gen_fpga_bht.gen_bht_ram[0].i_bht_ram/mem_reg_r1_0_63_0_2/RAMA/CLK
Low Pulse Width   Slow    RAMD64E/CLK         n/a            1.250         12.500      11.250     SLICE_X38Y40     bht_gen.i_bht/gen_fpga_bht.gen_bht_ram[0].i_bht_ram/mem_reg_r1_0_63_0_2/RAMB/CLK
Low Pulse Width   Fast    RAMD64E/CLK         n/a            1.250         12.500      11.250     SLICE_X38Y40     bht_gen.i_bht/gen_fpga_bht.gen_bht_ram[0].i_bht_ram/mem_reg_r1_0_63_0_2/RAMB/CLK
Low Pulse Width   Slow    RAMD64E/CLK         n/a            1.250         12.500      11.250     SLICE_X38Y40     bht_gen.i_bht/gen_fpga_bht.gen_bht_ram[0].i_bht_ram/mem_reg_r1_0_63_0_2/RAMC/CLK
Low Pulse Width   Fast    RAMD64E/CLK         n/a            1.250         12.500      11.250     SLICE_X38Y40     bht_gen.i_bht/gen_fpga_bht.gen_bht_ram[0].i_bht_ram/mem_reg_r1_0_63_0_2/RAMC/CLK
Low Pulse Width   Slow    RAMD64E/CLK         n/a            1.250         12.500      11.250     SLICE_X38Y40     bht_gen.i_bht/gen_fpga_bht.gen_bht_ram[0].i_bht_ram/mem_reg_r1_0_63_0_2/RAMD/CLK
Low Pulse Width   Fast    RAMD64E/CLK         n/a            1.250         12.500      11.250     SLICE_X38Y40     bht_gen.i_bht/gen_fpga_bht.gen_bht_ram[0].i_bht_ram/mem_reg_r1_0_63_0_2/RAMD/CLK
Low Pulse Width   Slow    RAMD64E/CLK         n/a            1.250         12.500      11.250     SLICE_X38Y41     bht_gen.i_bht/gen_fpga_bht.gen_bht_ram[0].i_bht_ram/mem_reg_r1_64_127_0_2/RAMA/CLK
Low Pulse Width   Fast    RAMD64E/CLK         n/a            1.250         12.500      11.250     SLICE_X38Y41     bht_gen.i_bht/gen_fpga_bht.gen_bht_ram[0].i_bht_ram/mem_reg_r1_64_127_0_2/RAMA/CLK
High Pulse Width  Slow    RAMD64E/CLK         n/a            1.250         12.500      11.250     SLICE_X38Y40     bht_gen.i_bht/gen_fpga_bht.gen_bht_ram[0].i_bht_ram/mem_reg_r1_0_63_0_2/RAMA/CLK
High Pulse Width  Fast    RAMD64E/CLK         n/a            1.250         12.500      11.250     SLICE_X38Y40     bht_gen.i_bht/gen_fpga_bht.gen_bht_ram[0].i_bht_ram/mem_reg_r1_0_63_0_2/RAMA/CLK
High Pulse Width  Slow    RAMD64E/CLK         n/a            1.250         12.500      11.250     SLICE_X38Y40     bht_gen.i_bht/gen_fpga_bht.gen_bht_ram[0].i_bht_ram/mem_reg_r1_0_63_0_2/RAMB/CLK
High Pulse Width  Fast    RAMD64E/CLK         n/a            1.250         12.500      11.250     SLICE_X38Y40     bht_gen.i_bht/gen_fpga_bht.gen_bht_ram[0].i_bht_ram/mem_reg_r1_0_63_0_2/RAMB/CLK
High Pulse Width  Slow    RAMD64E/CLK         n/a            1.250         12.500      11.250     SLICE_X38Y40     bht_gen.i_bht/gen_fpga_bht.gen_bht_ram[0].i_bht_ram/mem_reg_r1_0_63_0_2/RAMC/CLK
High Pulse Width  Fast    RAMD64E/CLK         n/a            1.250         12.500      11.250     SLICE_X38Y40     bht_gen.i_bht/gen_fpga_bht.gen_bht_ram[0].i_bht_ram/mem_reg_r1_0_63_0_2/RAMC/CLK
High Pulse Width  Slow    RAMD64E/CLK         n/a            1.250         12.500      11.250     SLICE_X38Y40     bht_gen.i_bht/gen_fpga_bht.gen_bht_ram[0].i_bht_ram/mem_reg_r1_0_63_0_2/RAMD/CLK
High Pulse Width  Fast    RAMD64E/CLK         n/a            1.250         12.500      11.250     SLICE_X38Y40     bht_gen.i_bht/gen_fpga_bht.gen_bht_ram[0].i_bht_ram/mem_reg_r1_0_63_0_2/RAMD/CLK
High Pulse Width  Slow    RAMD64E/CLK         n/a            1.250         12.500      11.250     SLICE_X38Y41     bht_gen.i_bht/gen_fpga_bht.gen_bht_ram[0].i_bht_ram/mem_reg_r1_64_127_0_2/RAMA/CLK
High Pulse Width  Fast    RAMD64E/CLK         n/a            1.250         12.500      11.250     SLICE_X38Y41     bht_gen.i_bht/gen_fpga_bht.gen_bht_ram[0].i_bht_ram/mem_reg_r1_64_127_0_2/RAMA/CLK



---------------------------------------------------------------------------------------------------
From Clock:  clkfbout_xlnx_clk_gen
  To Clock:  clkfbout_xlnx_clk_gen

Setup :           NA  Failing Endpoints,  Worst Slack           NA  ,  Total Violation           NA
Hold  :           NA  Failing Endpoints,  Worst Slack           NA  ,  Total Violation           NA
PW    :            0  Failing Endpoints,  Worst Slack        5.845ns,  Total Violation        0.000ns
---------------------------------------------------------------------------------------------------


Pulse Width Checks
--------------------------------------------------------------------------------------
Clock Name:         clkfbout_xlnx_clk_gen
Waveform(ns):       { 0.000 4.000 }
Period(ns):         8.000
Sources:            { i_xlnx_clk_gen/inst/mmcm_adv_inst/CLKFBOUT }

Check Type  Corner  Lib Pin              Reference Pin  Required(ns)  Actual(ns)  Slack(ns)  Location         Pin
Min Period  n/a     BUFG/I               n/a            2.155         8.000       5.845      BUFGCTRL_X0Y17   i_xlnx_clk_gen/inst/clkf_buf/I
Min Period  n/a     MMCME2_ADV/CLKFBOUT  n/a            1.249         8.000       6.751      MMCME2_ADV_X1Y2  i_xlnx_clk_gen/inst/mmcm_adv_inst/CLKFBOUT
Min Period  n/a     MMCME2_ADV/CLKFBIN   n/a            1.249         8.000       6.751      MMCME2_ADV_X1Y2  i_xlnx_clk_gen/inst/mmcm_adv_inst/CLKFBIN
Max Period  n/a     MMCME2_ADV/CLKFBIN   n/a            100.000       8.000       92.000     MMCME2_ADV_X1Y2  i_xlnx_clk_gen/inst/mmcm_adv_inst/CLKFBIN
Max Period  n/a     MMCME2_ADV/CLKFBOUT  n/a            213.360       8.000       205.360    MMCME2_ADV_X1Y2  i_xlnx_clk_gen/inst/mmcm_adv_inst/CLKFBOUT



---------------------------------------------------------------------------------------------------
From Clock:  tck
  To Clock:  tck

Setup :            0  Failing Endpoints,  Worst Slack        1.491ns,  Total Violation        0.000ns
Hold  :            0  Failing Endpoints,  Worst Slack        0.046ns,  Total Violation        0.000ns
PW    :            0  Failing Endpoints,  Worst Slack       49.500ns,  Total Violation        0.000ns
---------------------------------------------------------------------------------------------------


Max Delay Paths
--------------------------------------------------------------------------------------
Slack (MET) :             1.491ns  (required time - arrival time)
  Source:                 i_dmi_jtag/i_dmi_jtag_tap/td_o_reg/C
                            (falling edge-triggered cell FDCE clocked by tck  {rise@0.000ns fall@50.000ns period=100.000ns})
  Destination:            tdo
                            (output port clocked by tck  {rise@0.000ns fall@50.000ns period=100.000ns})
  Path Group:             tck
  Path Type:              Max at Slow Process Corner
  Requirement:            20.000ns  (MaxDelay Path 20.000ns)
  Data Path Delay:        5.880ns  (logic 4.015ns (68.294%)  route 1.864ns (31.707%))
  Logic Levels:           1  (OBUF=1)
  Output Delay:           5.000ns
  Clock Path Skew:        -7.128ns (DCD - SCD + CPR)
    Destination Clock Delay (DCD):    0.000ns
    Source Clock Delay      (SCD):    7.128ns
    Clock Pessimism Removal (CPR):    0.000ns
  Clock Uncertainty:      0.501ns  ((TSJ^2 + TIJ^2)^1/2 + DJ) / 2 + PE
    Total System Jitter     (TSJ):    0.071ns
    Total Input Jitter      (TIJ):    1.000ns
    Discrete Jitter          (DJ):    0.000ns
    Phase Error              (PE):    0.000ns
  Timing Exception:       MaxDelay Path 20.000ns

    Location             Delay type                Incr(ns)  Path(ns)    Netlist Resource(s)
  -------------------------------------------------------------------    -------------------
                         (clock tck fall edge)        0.000     0.000 f  
    H15                                               0.000     0.000 f  tck (IN)
                         net (fo=0)                   0.000     0.000    tck
    H15                  IBUF (Prop_ibuf_I_O)         1.500     1.500 f  tck_IBUF_inst/O
                         net (fo=1, routed)           3.659     5.159    tck_IBUF
    BUFGCTRL_X0Y0        BUFG (Prop_bufg_I_O)         0.101     5.260 f  tck_IBUF_BUFG_inst/O
                         net (fo=258, routed)         1.868     7.128    i_dmi_jtag/i_dmi_jtag_tap/tck_ni
    SLICE_X113Y94        FDCE                                         r  i_dmi_jtag/i_dmi_jtag_tap/td_o_reg/C  (IS_INVERTED)
  -------------------------------------------------------------------    -------------------
    SLICE_X113Y94        FDCE (Prop_fdce_C_Q)         0.459     7.587 r  i_dmi_jtag/i_dmi_jtag_tap/td_o_reg/Q
                         net (fo=1, routed)           1.864     9.452    tdo_OBUF
    J15                  OBUF (Prop_obuf_I_O)         3.556    13.008 r  tdo_OBUF_inst/O
                         net (fo=0)                   0.000    13.008    tdo
    J15                                                               r  tdo (OUT)
  -------------------------------------------------------------------    -------------------

                         max delay                   20.000    20.000    
                         clock pessimism              0.000    20.000    
                         clock uncertainty           -0.501    19.499    
                         output delay                -5.000    14.499    
  -------------------------------------------------------------------
                         required time                         14.499    
                         arrival time                         -13.008    
  -------------------------------------------------------------------
                         slack                                  1.491    

Slack (MET) :             15.170ns  (required time - arrival time)
  Source:                 tms
                            (input port clocked by tck  {rise@0.000ns fall@50.000ns period=100.000ns})
  Destination:            i_dmi_jtag/i_dmi_jtag_tap/FSM_onehot_tap_state_q_reg[10]/D
                            (rising edge-triggered cell FDCE clocked by tck  {rise@0.000ns fall@50.000ns period=100.000ns})
  Path Group:             tck
  Path Type:              Setup (Max at Fast Process Corner)
  Requirement:            20.000ns  (MaxDelay Path 20.000ns)
  Data Path Delay:        1.786ns  (logic 0.558ns (31.249%)  route 1.228ns (68.751%))
  Logic Levels:           2  (IBUF=1 LUT2=1)
  Input Delay:            5.000ns
  Clock Path Skew:        2.444ns (DCD - SCD + CPR)
    Destination Clock Delay (DCD):    2.444ns
    Source Clock Delay      (SCD):    0.000ns
    Clock Pessimism Removal (CPR):    0.000ns
  Clock Uncertainty:      0.501ns  ((TSJ^2 + TIJ^2)^1/2 + DJ) / 2 + PE
    Total System Jitter     (TSJ):    0.071ns
    Total Input Jitter      (TIJ):    1.000ns
    Discrete Jitter          (DJ):    0.000ns
    Phase Error              (PE):    0.000ns
  Timing Exception:       MaxDelay Path 20.000ns

    Location             Delay type                Incr(ns)  Path(ns)    Netlist Resource(s)
  -------------------------------------------------------------------    -------------------
                         (clock tck fall edge)        0.000     0.000 f  
                         input delay                  5.000     5.000    
    V12                                               0.000     5.000 f  tms (IN)
                         net (fo=0)                   0.000     5.000    tms
    V12                  IBUF (Prop_ibuf_I_O)         0.502     5.502 f  tms_IBUF_inst/O
                         net (fo=16, routed)          1.228     6.730    i_dmi_jtag/i_dmi_jtag_tap/tms_IBUF
    SLICE_X113Y64        LUT2 (Prop_lut2_I1_O)        0.056     6.786 r  i_dmi_jtag/i_dmi_jtag_tap/FSM_onehot_tap_state_q[10]_i_1/O
                         net (fo=1, routed)           0.000     6.786    i_dmi_jtag/i_dmi_jtag_tap/FSM_onehot_tap_state_q[10]_i_1_n_0
    SLICE_X113Y64        FDCE                                         r  i_dmi_jtag/i_dmi_jtag_tap/FSM_onehot_tap_state_q_reg[10]/D
  -------------------------------------------------------------------    -------------------

                         max delay                   20.000    20.000    
    H15                                               0.000    20.000 r  tck (IN)
                         net (fo=0)                   0.000    20.000    tck
    H15                  IBUF (Prop_ibuf_I_O)         0.268    20.268 r  tck_IBUF_inst/O
                         net (fo=1, routed)           1.516    21.784    tck_IBUF
    BUFGCTRL_X0Y0        BUFG (Prop_bufg_I_O)         0.026    21.810 r  tck_IBUF_BUFG_inst/O
                         net (fo=258, routed)         0.634    22.444    i_dmi_jtag/i_dmi_jtag_tap/CLK
    SLICE_X113Y64        FDCE                                         r  i_dmi_jtag/i_dmi_jtag_tap/FSM_onehot_tap_state_q_reg[10]/C
                         clock pessimism              0.000    22.444    
                         clock uncertainty           -0.501    21.943    
    SLICE_X113Y64        FDCE (Setup_fdce_C_D)        0.013    21.956    i_dmi_jtag/i_dmi_jtag_tap/FSM_onehot_tap_state_q_reg[10]
  -------------------------------------------------------------------
                         required time                         21.956    
                         arrival time                          -6.786    
  -------------------------------------------------------------------
                         slack                                 15.170    

Slack (MET) :             15.176ns  (required time - arrival time)
  Source:                 tms
                            (input port clocked by tck  {rise@0.000ns fall@50.000ns period=100.000ns})
  Destination:            i_dmi_jtag/i_dmi_jtag_tap/FSM_onehot_tap_state_q_reg[14]/D
                            (rising edge-triggered cell FDCE clocked by tck  {rise@0.000ns fall@50.000ns period=100.000ns})
  Path Group:             tck
  Path Type:              Setup (Max at Fast Process Corner)
  Requirement:            20.000ns  (MaxDelay Path 20.000ns)
  Data Path Delay:        1.803ns  (logic 0.558ns (30.954%)  route 1.245ns (69.046%))
  Logic Levels:           2  (IBUF=1 LUT2=1)
  Input Delay:            5.000ns
  Clock Path Skew:        2.445ns (DCD - SCD + CPR)
    Destination Clock Delay (DCD):    2.445ns
    Source Clock Delay      (SCD):    0.000ns
    Clock Pessimism Removal (CPR):    0.000ns
  Clock Uncertainty:      0.501ns  ((TSJ^2 + TIJ^2)^1/2 + DJ) / 2 + PE
    Total System Jitter     (TSJ):    0.071ns
    Total Input Jitter      (TIJ):    1.000ns
    Discrete Jitter          (DJ):    0.000ns
    Phase Error              (PE):    0.000ns
  Timing Exception:       MaxDelay Path 20.000ns

    Location             Delay type                Incr(ns)  Path(ns)    Netlist Resource(s)
  -------------------------------------------------------------------    -------------------
                         (clock tck fall edge)        0.000     0.000 f  
                         input delay                  5.000     5.000    
    V12                                               0.000     5.000 r  tms (IN)
                         net (fo=0)                   0.000     5.000    tms
    V12                  IBUF (Prop_ibuf_I_O)         0.502     5.502 r  tms_IBUF_inst/O
                         net (fo=16, routed)          1.245     6.747    i_dmi_jtag/i_dmi_jtag_tap/tms_IBUF
    SLICE_X112Y62        LUT2 (Prop_lut2_I1_O)        0.056     6.803 r  i_dmi_jtag/i_dmi_jtag_tap/FSM_onehot_tap_state_q[14]_i_1/O
                         net (fo=1, routed)           0.000     6.803    i_dmi_jtag/i_dmi_jtag_tap/FSM_onehot_tap_state_q[14]_i_1_n_0
    SLICE_X112Y62        FDCE                                         r  i_dmi_jtag/i_dmi_jtag_tap/FSM_onehot_tap_state_q_reg[14]/D
  -------------------------------------------------------------------    -------------------

                         max delay                   20.000    20.000    
    H15                                               0.000    20.000 r  tck (IN)
                         net (fo=0)                   0.000    20.000    tck
    H15                  IBUF (Prop_ibuf_I_O)         0.268    20.268 r  tck_IBUF_inst/O
                         net (fo=1, routed)           1.516    21.784    tck_IBUF
    BUFGCTRL_X0Y0        BUFG (Prop_bufg_I_O)         0.026    21.810 r  tck_IBUF_BUFG_inst/O
                         net (fo=258, routed)         0.635    22.445    i_dmi_jtag/i_dmi_jtag_tap/CLK
    SLICE_X112Y62        FDCE                                         r  i_dmi_jtag/i_dmi_jtag_tap/FSM_onehot_tap_state_q_reg[14]/C
                         clock pessimism              0.000    22.445    
                         clock uncertainty           -0.501    21.944    
    SLICE_X112Y62        FDCE (Setup_fdce_C_D)        0.035    21.979    i_dmi_jtag/i_dmi_jtag_tap/FSM_onehot_tap_state_q_reg[14]
  -------------------------------------------------------------------
                         required time                         21.979    
                         arrival time                          -6.803    
  -------------------------------------------------------------------
                         slack                                 15.176    

Slack (MET) :             15.194ns  (required time - arrival time)
  Source:                 tms
                            (input port clocked by tck  {rise@0.000ns fall@50.000ns period=100.000ns})
  Destination:            i_dmi_jtag/i_dmi_jtag_tap/FSM_onehot_tap_state_q_reg[2]/D
                            (rising edge-triggered cell FDCE clocked by tck  {rise@0.000ns fall@50.000ns period=100.000ns})
  Path Group:             tck
  Path Type:              Setup (Max at Fast Process Corner)
  Requirement:            20.000ns  (MaxDelay Path 20.000ns)
  Data Path Delay:        1.785ns  (logic 0.557ns (31.210%)  route 1.228ns (68.790%))
  Logic Levels:           2  (IBUF=1 LUT2=1)
  Input Delay:            5.000ns
  Clock Path Skew:        2.444ns (DCD - SCD + CPR)
    Destination Clock Delay (DCD):    2.444ns
    Source Clock Delay      (SCD):    0.000ns
    Clock Pessimism Removal (CPR):    0.000ns
  Clock Uncertainty:      0.501ns  ((TSJ^2 + TIJ^2)^1/2 + DJ) / 2 + PE
    Total System Jitter     (TSJ):    0.071ns
    Total Input Jitter      (TIJ):    1.000ns
    Discrete Jitter          (DJ):    0.000ns
    Phase Error              (PE):    0.000ns
  Timing Exception:       MaxDelay Path 20.000ns

    Location             Delay type                Incr(ns)  Path(ns)    Netlist Resource(s)
  -------------------------------------------------------------------    -------------------
                         (clock tck fall edge)        0.000     0.000 f  
                         input delay                  5.000     5.000    
    V12                                               0.000     5.000 r  tms (IN)
                         net (fo=0)                   0.000     5.000    tms
    V12                  IBUF (Prop_ibuf_I_O)         0.502     5.502 r  tms_IBUF_inst/O
                         net (fo=16, routed)          1.228     6.730    i_dmi_jtag/i_dmi_jtag_tap/tms_IBUF
    SLICE_X113Y64        LUT2 (Prop_lut2_I1_O)        0.055     6.785 r  i_dmi_jtag/i_dmi_jtag_tap/FSM_onehot_tap_state_q[2]_i_1/O
                         net (fo=1, routed)           0.000     6.785    i_dmi_jtag/i_dmi_jtag_tap/FSM_onehot_tap_state_q[2]_i_1_n_0
    SLICE_X113Y64        FDCE                                         r  i_dmi_jtag/i_dmi_jtag_tap/FSM_onehot_tap_state_q_reg[2]/D
  -------------------------------------------------------------------    -------------------

                         max delay                   20.000    20.000    
    H15                                               0.000    20.000 r  tck (IN)
                         net (fo=0)                   0.000    20.000    tck
    H15                  IBUF (Prop_ibuf_I_O)         0.268    20.268 r  tck_IBUF_inst/O
                         net (fo=1, routed)           1.516    21.784    tck_IBUF
    BUFGCTRL_X0Y0        BUFG (Prop_bufg_I_O)         0.026    21.810 r  tck_IBUF_BUFG_inst/O
                         net (fo=258, routed)         0.634    22.444    i_dmi_jtag/i_dmi_jtag_tap/CLK
    SLICE_X113Y64        FDCE                                         r  i_dmi_jtag/i_dmi_jtag_tap/FSM_onehot_tap_state_q_reg[2]/C
                         clock pessimism              0.000    22.444    
                         clock uncertainty           -0.501    21.943    
    SLICE_X113Y64        FDCE (Setup_fdce_C_D)        0.036    21.979    i_dmi_jtag/i_dmi_jtag_tap/FSM_onehot_tap_state_q_reg[2]
  -------------------------------------------------------------------
                         required time                         21.979    
                         arrival time                          -6.785    
  -------------------------------------------------------------------
                         slack                                 15.194    

Slack (MET) :             15.196ns  (required time - arrival time)
  Source:                 tms
                            (input port clocked by tck  {rise@0.000ns fall@50.000ns period=100.000ns})
  Destination:            i_dmi_jtag/i_dmi_jtag_tap/FSM_onehot_tap_state_q_reg[1]/D
                            (rising edge-triggered cell FDCE clocked by tck  {rise@0.000ns fall@50.000ns period=100.000ns})
  Path Group:             tck
  Path Type:              Setup (Max at Fast Process Corner)
  Requirement:            20.000ns  (MaxDelay Path 20.000ns)
  Data Path Delay:        1.803ns  (logic 0.558ns (30.954%)  route 1.245ns (69.046%))
  Logic Levels:           2  (IBUF=1 LUT4=1)
  Input Delay:            5.000ns
  Clock Path Skew:        2.445ns (DCD - SCD + CPR)
    Destination Clock Delay (DCD):    2.445ns
    Source Clock Delay      (SCD):    0.000ns
    Clock Pessimism Removal (CPR):    0.000ns
  Clock Uncertainty:      0.501ns  ((TSJ^2 + TIJ^2)^1/2 + DJ) / 2 + PE
    Total System Jitter     (TSJ):    0.071ns
    Total Input Jitter      (TIJ):    1.000ns
    Discrete Jitter          (DJ):    0.000ns
    Phase Error              (PE):    0.000ns
  Timing Exception:       MaxDelay Path 20.000ns

    Location             Delay type                Incr(ns)  Path(ns)    Netlist Resource(s)
  -------------------------------------------------------------------    -------------------
                         (clock tck fall edge)        0.000     0.000 f  
                         input delay                  5.000     5.000    
    V12                                               0.000     5.000 r  tms (IN)
                         net (fo=0)                   0.000     5.000    tms
    V12                  IBUF (Prop_ibuf_I_O)         0.502     5.502 r  tms_IBUF_inst/O
                         net (fo=16, routed)          1.245     6.747    i_dmi_jtag/i_dmi_jtag_tap/tms_IBUF
    SLICE_X112Y62        LUT4 (Prop_lut4_I3_O)        0.056     6.803 r  i_dmi_jtag/i_dmi_jtag_tap/FSM_onehot_tap_state_q[1]_i_1/O
                         net (fo=1, routed)           0.000     6.803    i_dmi_jtag/i_dmi_jtag_tap/FSM_onehot_tap_state_q[1]_i_1_n_0
    SLICE_X112Y62        FDCE                                         r  i_dmi_jtag/i_dmi_jtag_tap/FSM_onehot_tap_state_q_reg[1]/D
  -------------------------------------------------------------------    -------------------

                         max delay                   20.000    20.000    
    H15                                               0.000    20.000 r  tck (IN)
                         net (fo=0)                   0.000    20.000    tck
    H15                  IBUF (Prop_ibuf_I_O)         0.268    20.268 r  tck_IBUF_inst/O
                         net (fo=1, routed)           1.516    21.784    tck_IBUF
    BUFGCTRL_X0Y0        BUFG (Prop_bufg_I_O)         0.026    21.810 r  tck_IBUF_BUFG_inst/O
                         net (fo=258, routed)         0.635    22.445    i_dmi_jtag/i_dmi_jtag_tap/CLK
    SLICE_X112Y62        FDCE                                         r  i_dmi_jtag/i_dmi_jtag_tap/FSM_onehot_tap_state_q_reg[1]/C
                         clock pessimism              0.000    22.445    
                         clock uncertainty           -0.501    21.944    
    SLICE_X112Y62        FDCE (Setup_fdce_C_D)        0.055    21.999    i_dmi_jtag/i_dmi_jtag_tap/FSM_onehot_tap_state_q_reg[1]
  -------------------------------------------------------------------
                         required time                         21.999    
                         arrival time                          -6.803    
  -------------------------------------------------------------------
                         slack                                 15.196    

Slack (MET) :             15.247ns  (required time - arrival time)
  Source:                 tms
                            (input port clocked by tck  {rise@0.000ns fall@50.000ns period=100.000ns})
  Destination:            i_dmi_jtag/i_dmi_jtag_tap/FSM_onehot_tap_state_q_reg[8]/D
                            (rising edge-triggered cell FDCE clocked by tck  {rise@0.000ns fall@50.000ns period=100.000ns})
  Path Group:             tck
  Path Type:              Setup (Max at Fast Process Corner)
  Requirement:            20.000ns  (MaxDelay Path 20.000ns)
  Data Path Delay:        1.711ns  (logic 0.558ns (32.627%)  route 1.152ns (67.373%))
  Logic Levels:           2  (IBUF=1 LUT2=1)
  Input Delay:            5.000ns
  Clock Path Skew:        2.445ns (DCD - SCD + CPR)
    Destination Clock Delay (DCD):    2.445ns
    Source Clock Delay      (SCD):    0.000ns
    Clock Pessimism Removal (CPR):    0.000ns
  Clock Uncertainty:      0.501ns  ((TSJ^2 + TIJ^2)^1/2 + DJ) / 2 + PE
    Total System Jitter     (TSJ):    0.071ns
    Total Input Jitter      (TIJ):    1.000ns
    Discrete Jitter          (DJ):    0.000ns
    Phase Error              (PE):    0.000ns
  Timing Exception:       MaxDelay Path 20.000ns

    Location             Delay type                Incr(ns)  Path(ns)    Netlist Resource(s)
  -------------------------------------------------------------------    -------------------
                         (clock tck fall edge)        0.000     0.000 f  
                         input delay                  5.000     5.000    
    V12                                               0.000     5.000 r  tms (IN)
                         net (fo=0)                   0.000     5.000    tms
    V12                  IBUF (Prop_ibuf_I_O)         0.502     5.502 r  tms_IBUF_inst/O
                         net (fo=16, routed)          1.152     6.655    i_dmi_jtag/i_dmi_jtag_tap/tms_IBUF
    SLICE_X113Y62        LUT2 (Prop_lut2_I1_O)        0.056     6.711 r  i_dmi_jtag/i_dmi_jtag_tap/FSM_onehot_tap_state_q[8]_i_1/O
                         net (fo=1, routed)           0.000     6.711    i_dmi_jtag/i_dmi_jtag_tap/FSM_onehot_tap_state_q[8]_i_1_n_0
    SLICE_X113Y62        FDCE                                         r  i_dmi_jtag/i_dmi_jtag_tap/FSM_onehot_tap_state_q_reg[8]/D
  -------------------------------------------------------------------    -------------------

                         max delay                   20.000    20.000    
    H15                                               0.000    20.000 r  tck (IN)
                         net (fo=0)                   0.000    20.000    tck
    H15                  IBUF (Prop_ibuf_I_O)         0.268    20.268 r  tck_IBUF_inst/O
                         net (fo=1, routed)           1.516    21.784    tck_IBUF
    BUFGCTRL_X0Y0        BUFG (Prop_bufg_I_O)         0.026    21.810 r  tck_IBUF_BUFG_inst/O
                         net (fo=258, routed)         0.635    22.445    i_dmi_jtag/i_dmi_jtag_tap/CLK
    SLICE_X113Y62        FDCE                                         r  i_dmi_jtag/i_dmi_jtag_tap/FSM_onehot_tap_state_q_reg[8]/C
                         clock pessimism              0.000    22.445    
                         clock uncertainty           -0.501    21.944    
    SLICE_X113Y62        FDCE (Setup_fdce_C_D)        0.014    21.958    i_dmi_jtag/i_dmi_jtag_tap/FSM_onehot_tap_state_q_reg[8]
  -------------------------------------------------------------------
                         required time                         21.958    
                         arrival time                          -6.711    
  -------------------------------------------------------------------
                         slack                                 15.247    

Slack (MET) :             15.276ns  (required time - arrival time)
  Source:                 tms
                            (input port clocked by tck  {rise@0.000ns fall@50.000ns period=100.000ns})
  Destination:            i_dmi_jtag/i_dmi_jtag_tap/FSM_onehot_tap_state_q_reg[11]/D
                            (rising edge-triggered cell FDCE clocked by tck  {rise@0.000ns fall@50.000ns period=100.000ns})
  Path Group:             tck
  Path Type:              Setup (Max at Fast Process Corner)
  Requirement:            20.000ns  (MaxDelay Path 20.000ns)
  Data Path Delay:        1.702ns  (logic 0.558ns (32.791%)  route 1.144ns (67.209%))
  Logic Levels:           2  (IBUF=1 LUT4=1)
  Input Delay:            5.000ns
  Clock Path Skew:        2.445ns (DCD - SCD + CPR)
    Destination Clock Delay (DCD):    2.445ns
    Source Clock Delay      (SCD):    0.000ns
    Clock Pessimism Removal (CPR):    0.000ns
  Clock Uncertainty:      0.501ns  ((TSJ^2 + TIJ^2)^1/2 + DJ) / 2 + PE
    Total System Jitter     (TSJ):    0.071ns
    Total Input Jitter      (TIJ):    1.000ns
    Discrete Jitter          (DJ):    0.000ns
    Phase Error              (PE):    0.000ns
  Timing Exception:       MaxDelay Path 20.000ns

    Location             Delay type                Incr(ns)  Path(ns)    Netlist Resource(s)
  -------------------------------------------------------------------    -------------------
                         (clock tck fall edge)        0.000     0.000 f  
                         input delay                  5.000     5.000    
    V12                                               0.000     5.000 f  tms (IN)
                         net (fo=0)                   0.000     5.000    tms
    V12                  IBUF (Prop_ibuf_I_O)         0.502     5.502 f  tms_IBUF_inst/O
                         net (fo=16, routed)          1.144     6.646    i_dmi_jtag/i_dmi_jtag_tap/tms_IBUF
    SLICE_X112Y62        LUT4 (Prop_lut4_I2_O)        0.056     6.702 r  i_dmi_jtag/i_dmi_jtag_tap/FSM_onehot_tap_state_q[11]_i_1/O
                         net (fo=1, routed)           0.000     6.702    i_dmi_jtag/i_dmi_jtag_tap/FSM_onehot_tap_state_q[11]_i_1_n_0
    SLICE_X112Y62        FDCE                                         r  i_dmi_jtag/i_dmi_jtag_tap/FSM_onehot_tap_state_q_reg[11]/D
  -------------------------------------------------------------------    -------------------

                         max delay                   20.000    20.000    
    H15                                               0.000    20.000 r  tck (IN)
                         net (fo=0)                   0.000    20.000    tck
    H15                  IBUF (Prop_ibuf_I_O)         0.268    20.268 r  tck_IBUF_inst/O
                         net (fo=1, routed)           1.516    21.784    tck_IBUF
    BUFGCTRL_X0Y0        BUFG (Prop_bufg_I_O)         0.026    21.810 r  tck_IBUF_BUFG_inst/O
                         net (fo=258, routed)         0.635    22.445    i_dmi_jtag/i_dmi_jtag_tap/CLK
    SLICE_X112Y62        FDCE                                         r  i_dmi_jtag/i_dmi_jtag_tap/FSM_onehot_tap_state_q_reg[11]/C
                         clock pessimism              0.000    22.445    
                         clock uncertainty           -0.501    21.944    
    SLICE_X112Y62        FDCE (Setup_fdce_C_D)        0.034    21.978    i_dmi_jtag/i_dmi_jtag_tap/FSM_onehot_tap_state_q_reg[11]
  -------------------------------------------------------------------
                         required time                         21.978    
                         arrival time                          -6.702    
  -------------------------------------------------------------------
                         slack                                 15.276    

Slack (MET) :             15.276ns  (required time - arrival time)
  Source:                 tms
                            (input port clocked by tck  {rise@0.000ns fall@50.000ns period=100.000ns})
  Destination:            i_dmi_jtag/i_dmi_jtag_tap/FSM_onehot_tap_state_q_reg[3]/D
                            (rising edge-triggered cell FDCE clocked by tck  {rise@0.000ns fall@50.000ns period=100.000ns})
  Path Group:             tck
  Path Type:              Setup (Max at Fast Process Corner)
  Requirement:            20.000ns  (MaxDelay Path 20.000ns)
  Data Path Delay:        1.681ns  (logic 0.558ns (33.201%)  route 1.123ns (66.799%))
  Logic Levels:           2  (IBUF=1 LUT3=1)
  Input Delay:            5.000ns
  Clock Path Skew:        2.444ns (DCD - SCD + CPR)
    Destination Clock Delay (DCD):    2.444ns
    Source Clock Delay      (SCD):    0.000ns
    Clock Pessimism Removal (CPR):    0.000ns
  Clock Uncertainty:      0.501ns  ((TSJ^2 + TIJ^2)^1/2 + DJ) / 2 + PE
    Total System Jitter     (TSJ):    0.071ns
    Total Input Jitter      (TIJ):    1.000ns
    Discrete Jitter          (DJ):    0.000ns
    Phase Error              (PE):    0.000ns
  Timing Exception:       MaxDelay Path 20.000ns

    Location             Delay type                Incr(ns)  Path(ns)    Netlist Resource(s)
  -------------------------------------------------------------------    -------------------
                         (clock tck fall edge)        0.000     0.000 f  
                         input delay                  5.000     5.000    
    V12                                               0.000     5.000 r  tms (IN)
                         net (fo=0)                   0.000     5.000    tms
    V12                  IBUF (Prop_ibuf_I_O)         0.502     5.502 r  tms_IBUF_inst/O
                         net (fo=16, routed)          1.123     6.625    i_dmi_jtag/i_dmi_jtag_tap/tms_IBUF
    SLICE_X113Y64        LUT3 (Prop_lut3_I1_O)        0.056     6.681 r  i_dmi_jtag/i_dmi_jtag_tap/FSM_onehot_tap_state_q[3]_i_1/O
                         net (fo=1, routed)           0.000     6.681    i_dmi_jtag/i_dmi_jtag_tap/FSM_onehot_tap_state_q[3]_i_1_n_0
    SLICE_X113Y64        FDCE                                         r  i_dmi_jtag/i_dmi_jtag_tap/FSM_onehot_tap_state_q_reg[3]/D
  -------------------------------------------------------------------    -------------------

                         max delay                   20.000    20.000    
    H15                                               0.000    20.000 r  tck (IN)
                         net (fo=0)                   0.000    20.000    tck
    H15                  IBUF (Prop_ibuf_I_O)         0.268    20.268 r  tck_IBUF_inst/O
                         net (fo=1, routed)           1.516    21.784    tck_IBUF
    BUFGCTRL_X0Y0        BUFG (Prop_bufg_I_O)         0.026    21.810 r  tck_IBUF_BUFG_inst/O
                         net (fo=258, routed)         0.634    22.444    i_dmi_jtag/i_dmi_jtag_tap/CLK
    SLICE_X113Y64        FDCE                                         r  i_dmi_jtag/i_dmi_jtag_tap/FSM_onehot_tap_state_q_reg[3]/C
                         clock pessimism              0.000    22.444    
                         clock uncertainty           -0.501    21.943    
    SLICE_X113Y64        FDCE (Setup_fdce_C_D)        0.014    21.957    i_dmi_jtag/i_dmi_jtag_tap/FSM_onehot_tap_state_q_reg[3]
  -------------------------------------------------------------------
                         required time                         21.957    
                         arrival time                          -6.681    
  -------------------------------------------------------------------
                         slack                                 15.276    

Slack (MET) :             15.296ns  (required time - arrival time)
  Source:                 tms
                            (input port clocked by tck  {rise@0.000ns fall@50.000ns period=100.000ns})
  Destination:            i_dmi_jtag/i_dmi_jtag_tap/FSM_onehot_tap_state_q_reg[12]/D
                            (rising edge-triggered cell FDCE clocked by tck  {rise@0.000ns fall@50.000ns period=100.000ns})
  Path Group:             tck
  Path Type:              Setup (Max at Fast Process Corner)
  Requirement:            20.000ns  (MaxDelay Path 20.000ns)
  Data Path Delay:        1.703ns  (logic 0.559ns (32.830%)  route 1.144ns (67.169%))
  Logic Levels:           2  (IBUF=1 LUT3=1)
  Input Delay:            5.000ns
  Clock Path Skew:        2.445ns (DCD - SCD + CPR)
    Destination Clock Delay (DCD):    2.445ns
    Source Clock Delay      (SCD):    0.000ns
    Clock Pessimism Removal (CPR):    0.000ns
  Clock Uncertainty:      0.501ns  ((TSJ^2 + TIJ^2)^1/2 + DJ) / 2 + PE
    Total System Jitter     (TSJ):    0.071ns
    Total Input Jitter      (TIJ):    1.000ns
    Discrete Jitter          (DJ):    0.000ns
    Phase Error              (PE):    0.000ns
  Timing Exception:       MaxDelay Path 20.000ns

    Location             Delay type                Incr(ns)  Path(ns)    Netlist Resource(s)
  -------------------------------------------------------------------    -------------------
                         (clock tck fall edge)        0.000     0.000 f  
                         input delay                  5.000     5.000    
    V12                                               0.000     5.000 r  tms (IN)
                         net (fo=0)                   0.000     5.000    tms
    V12                  IBUF (Prop_ibuf_I_O)         0.502     5.502 r  tms_IBUF_inst/O
                         net (fo=16, routed)          1.144     6.646    i_dmi_jtag/i_dmi_jtag_tap/tms_IBUF
    SLICE_X112Y62        LUT3 (Prop_lut3_I2_O)        0.057     6.703 r  i_dmi_jtag/i_dmi_jtag_tap/FSM_onehot_tap_state_q[12]_i_1/O
                         net (fo=1, routed)           0.000     6.703    i_dmi_jtag/i_dmi_jtag_tap/FSM_onehot_tap_state_q[12]_i_1_n_0
    SLICE_X112Y62        FDCE                                         r  i_dmi_jtag/i_dmi_jtag_tap/FSM_onehot_tap_state_q_reg[12]/D
  -------------------------------------------------------------------    -------------------

                         max delay                   20.000    20.000    
    H15                                               0.000    20.000 r  tck (IN)
                         net (fo=0)                   0.000    20.000    tck
    H15                  IBUF (Prop_ibuf_I_O)         0.268    20.268 r  tck_IBUF_inst/O
                         net (fo=1, routed)           1.516    21.784    tck_IBUF
    BUFGCTRL_X0Y0        BUFG (Prop_bufg_I_O)         0.026    21.810 r  tck_IBUF_BUFG_inst/O
                         net (fo=258, routed)         0.635    22.445    i_dmi_jtag/i_dmi_jtag_tap/CLK
    SLICE_X112Y62        FDCE                                         r  i_dmi_jtag/i_dmi_jtag_tap/FSM_onehot_tap_state_q_reg[12]/C
                         clock pessimism              0.000    22.445    
                         clock uncertainty           -0.501    21.944    
    SLICE_X112Y62        FDCE (Setup_fdce_C_D)        0.055    21.999    i_dmi_jtag/i_dmi_jtag_tap/FSM_onehot_tap_state_q_reg[12]
  -------------------------------------------------------------------
                         required time                         21.999    
                         arrival time                          -6.703    
  -------------------------------------------------------------------
                         slack                                 15.296    

Slack (MET) :             15.298ns  (required time - arrival time)
  Source:                 tms
                            (input port clocked by tck  {rise@0.000ns fall@50.000ns period=100.000ns})
  Destination:            i_dmi_jtag/i_dmi_jtag_tap/FSM_onehot_tap_state_q_reg[4]/D
                            (rising edge-triggered cell FDCE clocked by tck  {rise@0.000ns fall@50.000ns period=100.000ns})
  Path Group:             tck
  Path Type:              Setup (Max at Fast Process Corner)
  Requirement:            20.000ns  (MaxDelay Path 20.000ns)
  Data Path Delay:        1.681ns  (logic 0.558ns (33.201%)  route 1.123ns (66.799%))
  Logic Levels:           2  (IBUF=1 LUT2=1)
  Input Delay:            5.000ns
  Clock Path Skew:        2.444ns (DCD - SCD + CPR)
    Destination Clock Delay (DCD):    2.444ns
    Source Clock Delay      (SCD):    0.000ns
    Clock Pessimism Removal (CPR):    0.000ns
  Clock Uncertainty:      0.501ns  ((TSJ^2 + TIJ^2)^1/2 + DJ) / 2 + PE
    Total System Jitter     (TSJ):    0.071ns
    Total Input Jitter      (TIJ):    1.000ns
    Discrete Jitter          (DJ):    0.000ns
    Phase Error              (PE):    0.000ns
  Timing Exception:       MaxDelay Path 20.000ns

    Location             Delay type                Incr(ns)  Path(ns)    Netlist Resource(s)
  -------------------------------------------------------------------    -------------------
                         (clock tck fall edge)        0.000     0.000 f  
                         input delay                  5.000     5.000    
    V12                                               0.000     5.000 f  tms (IN)
                         net (fo=0)                   0.000     5.000    tms
    V12                  IBUF (Prop_ibuf_I_O)         0.502     5.502 f  tms_IBUF_inst/O
                         net (fo=16, routed)          1.123     6.625    i_dmi_jtag/i_dmi_jtag_tap/tms_IBUF
    SLICE_X113Y64        LUT2 (Prop_lut2_I1_O)        0.056     6.681 r  i_dmi_jtag/i_dmi_jtag_tap/FSM_onehot_tap_state_q[4]_i_1/O
                         net (fo=1, routed)           0.000     6.681    i_dmi_jtag/i_dmi_jtag_tap/FSM_onehot_tap_state_q[4]_i_1_n_0
    SLICE_X113Y64        FDCE                                         r  i_dmi_jtag/i_dmi_jtag_tap/FSM_onehot_tap_state_q_reg[4]/D
  -------------------------------------------------------------------    -------------------

                         max delay                   20.000    20.000    
    H15                                               0.000    20.000 r  tck (IN)
                         net (fo=0)                   0.000    20.000    tck
    H15                  IBUF (Prop_ibuf_I_O)         0.268    20.268 r  tck_IBUF_inst/O
                         net (fo=1, routed)           1.516    21.784    tck_IBUF
    BUFGCTRL_X0Y0        BUFG (Prop_bufg_I_O)         0.026    21.810 r  tck_IBUF_BUFG_inst/O
                         net (fo=258, routed)         0.634    22.444    i_dmi_jtag/i_dmi_jtag_tap/CLK
    SLICE_X113Y64        FDCE                                         r  i_dmi_jtag/i_dmi_jtag_tap/FSM_onehot_tap_state_q_reg[4]/C
                         clock pessimism              0.000    22.444    
                         clock uncertainty           -0.501    21.943    
    SLICE_X113Y64        FDCE (Setup_fdce_C_D)        0.036    21.979    i_dmi_jtag/i_dmi_jtag_tap/FSM_onehot_tap_state_q_reg[4]
  -------------------------------------------------------------------
                         required time                         21.979    
                         arrival time                          -6.681    
  -------------------------------------------------------------------
                         slack                                 15.298    





Min Delay Paths
--------------------------------------------------------------------------------------
Slack (MET) :             0.046ns  (arrival time - required time)
  Source:                 i_dmi_jtag/data_q_reg[2]/C
                            (rising edge-triggered cell FDCE clocked by tck  {rise@0.000ns fall@50.000ns period=100.000ns})
  Destination:            i_dmi_jtag/i_dmi_cdc/i_cdc_req/i_src/data_src_q_reg[data][2]/D
                            (rising edge-triggered cell FDCE clocked by tck  {rise@0.000ns fall@50.000ns period=100.000ns})
  Path Group:             tck
  Path Type:              Hold (Min at Fast Process Corner)
  Requirement:            0.000ns  (tck rise@0.000ns - tck rise@0.000ns)
  Data Path Delay:        0.395ns  (logic 0.164ns (41.552%)  route 0.231ns (58.448%))
  Logic Levels:           0  
  Clock Path Skew:        0.272ns (DCD - SCD - CPR)
    Destination Clock Delay (DCD):    3.158ns
    Source Clock Delay      (SCD):    2.449ns
    Clock Pessimism Removal (CPR):    0.437ns

    Location             Delay type                Incr(ns)  Path(ns)    Netlist Resource(s)
  -------------------------------------------------------------------    -------------------
                         (clock tck rise edge)        0.000     0.000 r  
    H15                                               0.000     0.000 r  tck (IN)
                         net (fo=0)                   0.000     0.000    tck
    H15                  IBUF (Prop_ibuf_I_O)         0.268     0.268 r  tck_IBUF_inst/O
                         net (fo=1, routed)           1.516     1.784    tck_IBUF
    BUFGCTRL_X0Y0        BUFG (Prop_bufg_I_O)         0.026     1.810 r  tck_IBUF_BUFG_inst/O
                         net (fo=258, routed)         0.639     2.449    i_dmi_jtag/CLK
    SLICE_X112Y50        FDCE                                         r  i_dmi_jtag/data_q_reg[2]/C
  -------------------------------------------------------------------    -------------------
    SLICE_X112Y50        FDCE (Prop_fdce_C_Q)         0.164     2.613 r  i_dmi_jtag/data_q_reg[2]/Q
                         net (fo=2, routed)           0.231     2.844    i_dmi_jtag/i_dmi_cdc/i_cdc_req/i_src/data_src_q_reg[data][31]_0[2]
    SLICE_X108Y47        FDCE                                         r  i_dmi_jtag/i_dmi_cdc/i_cdc_req/i_src/data_src_q_reg[data][2]/D
  -------------------------------------------------------------------    -------------------

                         (clock tck rise edge)        0.000     0.000 r  
    H15                                               0.000     0.000 r  tck (IN)
                         net (fo=0)                   0.000     0.000    tck
    H15                  IBUF (Prop_ibuf_I_O)         0.456     0.456 r  tck_IBUF_inst/O
                         net (fo=1, routed)           1.762     2.218    tck_IBUF
    BUFGCTRL_X0Y0        BUFG (Prop_bufg_I_O)         0.029     2.247 r  tck_IBUF_BUFG_inst/O
                         net (fo=258, routed)         0.911     3.158    i_dmi_jtag/i_dmi_cdc/i_cdc_req/i_src/CLK
    SLICE_X108Y47        FDCE                                         r  i_dmi_jtag/i_dmi_cdc/i_cdc_req/i_src/data_src_q_reg[data][2]/C
                         clock pessimism             -0.437     2.721    
    SLICE_X108Y47        FDCE (Hold_fdce_C_D)         0.076     2.797    i_dmi_jtag/i_dmi_cdc/i_cdc_req/i_src/data_src_q_reg[data][2]
  -------------------------------------------------------------------
                         required time                         -2.797    
                         arrival time                           2.844    
  -------------------------------------------------------------------
                         slack                                  0.046    

Slack (MET) :             0.067ns  (arrival time - required time)
  Source:                 i_dmi_jtag/data_q_reg[12]/C
                            (rising edge-triggered cell FDCE clocked by tck  {rise@0.000ns fall@50.000ns period=100.000ns})
  Destination:            i_dmi_jtag/i_dmi_cdc/i_cdc_req/i_src/data_src_q_reg[data][12]/D
                            (rising edge-triggered cell FDCE clocked by tck  {rise@0.000ns fall@50.000ns period=100.000ns})
  Path Group:             tck
  Path Type:              Hold (Min at Fast Process Corner)
  Requirement:            0.000ns  (tck rise@0.000ns - tck rise@0.000ns)
  Data Path Delay:        0.412ns  (logic 0.164ns (39.785%)  route 0.248ns (60.215%))
  Logic Levels:           0  
  Clock Path Skew:        0.269ns (DCD - SCD - CPR)
    Destination Clock Delay (DCD):    3.157ns
    Source Clock Delay      (SCD):    2.451ns
    Clock Pessimism Removal (CPR):    0.437ns

    Location             Delay type                Incr(ns)  Path(ns)    Netlist Resource(s)
  -------------------------------------------------------------------    -------------------
                         (clock tck rise edge)        0.000     0.000 r  
    H15                                               0.000     0.000 r  tck (IN)
                         net (fo=0)                   0.000     0.000    tck
    H15                  IBUF (Prop_ibuf_I_O)         0.268     0.268 r  tck_IBUF_inst/O
                         net (fo=1, routed)           1.516     1.784    tck_IBUF
    BUFGCTRL_X0Y0        BUFG (Prop_bufg_I_O)         0.026     1.810 r  tck_IBUF_BUFG_inst/O
                         net (fo=258, routed)         0.641     2.451    i_dmi_jtag/CLK
    SLICE_X112Y49        FDCE                                         r  i_dmi_jtag/data_q_reg[12]/C
  -------------------------------------------------------------------    -------------------
    SLICE_X112Y49        FDCE (Prop_fdce_C_Q)         0.164     2.615 r  i_dmi_jtag/data_q_reg[12]/Q
                         net (fo=2, routed)           0.248     2.863    i_dmi_jtag/i_dmi_cdc/i_cdc_req/i_src/data_src_q_reg[data][31]_0[12]
    SLICE_X112Y53        FDCE                                         r  i_dmi_jtag/i_dmi_cdc/i_cdc_req/i_src/data_src_q_reg[data][12]/D
  -------------------------------------------------------------------    -------------------

                         (clock tck rise edge)        0.000     0.000 r  
    H15                                               0.000     0.000 r  tck (IN)
                         net (fo=0)                   0.000     0.000    tck
    H15                  IBUF (Prop_ibuf_I_O)         0.456     0.456 r  tck_IBUF_inst/O
                         net (fo=1, routed)           1.762     2.218    tck_IBUF
    BUFGCTRL_X0Y0        BUFG (Prop_bufg_I_O)         0.029     2.247 r  tck_IBUF_BUFG_inst/O
                         net (fo=258, routed)         0.910     3.157    i_dmi_jtag/i_dmi_cdc/i_cdc_req/i_src/CLK
    SLICE_X112Y53        FDCE                                         r  i_dmi_jtag/i_dmi_cdc/i_cdc_req/i_src/data_src_q_reg[data][12]/C
                         clock pessimism             -0.437     2.720    
    SLICE_X112Y53        FDCE (Hold_fdce_C_D)         0.076     2.796    i_dmi_jtag/i_dmi_cdc/i_cdc_req/i_src/data_src_q_reg[data][12]
  -------------------------------------------------------------------
                         required time                         -2.796    
                         arrival time                           2.863    
  -------------------------------------------------------------------
                         slack                                  0.067    

Slack (MET) :             0.080ns  (arrival time - required time)
  Source:                 i_dmi_jtag/data_q_reg[13]/C
                            (rising edge-triggered cell FDCE clocked by tck  {rise@0.000ns fall@50.000ns period=100.000ns})
  Destination:            i_dmi_jtag/i_dmi_cdc/i_cdc_req/i_src/data_src_q_reg[data][13]/D
                            (rising edge-triggered cell FDCE clocked by tck  {rise@0.000ns fall@50.000ns period=100.000ns})
  Path Group:             tck
  Path Type:              Hold (Min at Fast Process Corner)
  Requirement:            0.000ns  (tck rise@0.000ns - tck rise@0.000ns)
  Data Path Delay:        0.426ns  (logic 0.141ns (33.074%)  route 0.285ns (66.926%))
  Logic Levels:           0  
  Clock Path Skew:        0.270ns (DCD - SCD - CPR)
    Destination Clock Delay (DCD):    3.157ns
    Source Clock Delay      (SCD):    2.450ns
    Clock Pessimism Removal (CPR):    0.437ns

    Location             Delay type                Incr(ns)  Path(ns)    Netlist Resource(s)
  -------------------------------------------------------------------    -------------------
                         (clock tck rise edge)        0.000     0.000 r  
    H15                                               0.000     0.000 r  tck (IN)
                         net (fo=0)                   0.000     0.000    tck
    H15                  IBUF (Prop_ibuf_I_O)         0.268     0.268 r  tck_IBUF_inst/O
                         net (fo=1, routed)           1.516     1.784    tck_IBUF
    BUFGCTRL_X0Y0        BUFG (Prop_bufg_I_O)         0.026     1.810 r  tck_IBUF_BUFG_inst/O
                         net (fo=258, routed)         0.640     2.450    i_dmi_jtag/CLK
    SLICE_X109Y49        FDCE                                         r  i_dmi_jtag/data_q_reg[13]/C
  -------------------------------------------------------------------    -------------------
    SLICE_X109Y49        FDCE (Prop_fdce_C_Q)         0.141     2.591 r  i_dmi_jtag/data_q_reg[13]/Q
                         net (fo=2, routed)           0.285     2.876    i_dmi_jtag/i_dmi_cdc/i_cdc_req/i_src/data_src_q_reg[data][31]_0[13]
    SLICE_X112Y53        FDCE                                         r  i_dmi_jtag/i_dmi_cdc/i_cdc_req/i_src/data_src_q_reg[data][13]/D
  -------------------------------------------------------------------    -------------------

                         (clock tck rise edge)        0.000     0.000 r  
    H15                                               0.000     0.000 r  tck (IN)
                         net (fo=0)                   0.000     0.000    tck
    H15                  IBUF (Prop_ibuf_I_O)         0.456     0.456 r  tck_IBUF_inst/O
                         net (fo=1, routed)           1.762     2.218    tck_IBUF
    BUFGCTRL_X0Y0        BUFG (Prop_bufg_I_O)         0.029     2.247 r  tck_IBUF_BUFG_inst/O
                         net (fo=258, routed)         0.910     3.157    i_dmi_jtag/i_dmi_cdc/i_cdc_req/i_src/CLK
    SLICE_X112Y53        FDCE                                         r  i_dmi_jtag/i_dmi_cdc/i_cdc_req/i_src/data_src_q_reg[data][13]/C
                         clock pessimism             -0.437     2.720    
    SLICE_X112Y53        FDCE (Hold_fdce_C_D)         0.076     2.796    i_dmi_jtag/i_dmi_cdc/i_cdc_req/i_src/data_src_q_reg[data][13]
  -------------------------------------------------------------------
                         required time                         -2.796    
                         arrival time                           2.876    
  -------------------------------------------------------------------
                         slack                                  0.080    

Slack (MET) :             0.122ns  (arrival time - required time)
  Source:                 i_dmi_jtag/i_dmi_cdc/i_cdc_resp/i_dst/req_dst_q_reg/C
                            (rising edge-triggered cell FDCE clocked by tck  {rise@0.000ns fall@50.000ns period=100.000ns})
  Destination:            i_dmi_jtag/i_dmi_cdc/i_cdc_resp/i_dst/req_q0_reg/D
                            (rising edge-triggered cell FDCE clocked by tck  {rise@0.000ns fall@50.000ns period=100.000ns})
  Path Group:             tck
  Path Type:              Hold (Min at Fast Process Corner)
  Requirement:            0.000ns  (tck rise@0.000ns - tck rise@0.000ns)
  Data Path Delay:        0.197ns  (logic 0.141ns (71.611%)  route 0.056ns (28.389%))
  Logic Levels:           0  
  Clock Path Skew:        0.000ns (DCD - SCD - CPR)
    Destination Clock Delay (DCD):    3.158ns
    Source Clock Delay      (SCD):    2.449ns
    Clock Pessimism Removal (CPR):    0.709ns

    Location             Delay type                Incr(ns)  Path(ns)    Netlist Resource(s)
  -------------------------------------------------------------------    -------------------
                         (clock tck rise edge)        0.000     0.000 r  
    H15                                               0.000     0.000 r  tck (IN)
                         net (fo=0)                   0.000     0.000    tck
    H15                  IBUF (Prop_ibuf_I_O)         0.268     0.268 r  tck_IBUF_inst/O
                         net (fo=1, routed)           1.516     1.784    tck_IBUF
    BUFGCTRL_X0Y0        BUFG (Prop_bufg_I_O)         0.026     1.810 r  tck_IBUF_BUFG_inst/O
                         net (fo=258, routed)         0.639     2.449    i_dmi_jtag/i_dmi_cdc/i_cdc_resp/i_dst/CLK
    SLICE_X113Y50        FDCE                                         r  i_dmi_jtag/i_dmi_cdc/i_cdc_resp/i_dst/req_dst_q_reg/C
  -------------------------------------------------------------------    -------------------
    SLICE_X113Y50        FDCE (Prop_fdce_C_Q)         0.141     2.590 r  i_dmi_jtag/i_dmi_cdc/i_cdc_resp/i_dst/req_dst_q_reg/Q
                         net (fo=1, routed)           0.056     2.646    i_dmi_jtag/i_dmi_cdc/i_cdc_resp/i_dst/req_dst_q
    SLICE_X113Y50        FDCE                                         r  i_dmi_jtag/i_dmi_cdc/i_cdc_resp/i_dst/req_q0_reg/D
  -------------------------------------------------------------------    -------------------

                         (clock tck rise edge)        0.000     0.000 r  
    H15                                               0.000     0.000 r  tck (IN)
                         net (fo=0)                   0.000     0.000    tck
    H15                  IBUF (Prop_ibuf_I_O)         0.456     0.456 r  tck_IBUF_inst/O
                         net (fo=1, routed)           1.762     2.218    tck_IBUF
    BUFGCTRL_X0Y0        BUFG (Prop_bufg_I_O)         0.029     2.247 r  tck_IBUF_BUFG_inst/O
                         net (fo=258, routed)         0.911     3.158    i_dmi_jtag/i_dmi_cdc/i_cdc_resp/i_dst/CLK
    SLICE_X113Y50        FDCE                                         r  i_dmi_jtag/i_dmi_cdc/i_cdc_resp/i_dst/req_q0_reg/C
                         clock pessimism             -0.709     2.449    
    SLICE_X113Y50        FDCE (Hold_fdce_C_D)         0.075     2.524    i_dmi_jtag/i_dmi_cdc/i_cdc_resp/i_dst/req_q0_reg
  -------------------------------------------------------------------
                         required time                         -2.524    
                         arrival time                           2.646    
  -------------------------------------------------------------------
                         slack                                  0.122    

Slack (MET) :             0.126ns  (arrival time - required time)
  Source:                 i_dmi_jtag/i_dmi_jtag_tap/dtmcs_q_reg[zero1][22]/C
                            (rising edge-triggered cell FDCE clocked by tck  {rise@0.000ns fall@50.000ns period=100.000ns})
  Destination:            i_dmi_jtag/i_dmi_jtag_tap/dtmcs_q_reg[zero1][21]/D
                            (rising edge-triggered cell FDCE clocked by tck  {rise@0.000ns fall@50.000ns period=100.000ns})
  Path Group:             tck
  Path Type:              Hold (Min at Fast Process Corner)
  Requirement:            0.000ns  (tck rise@0.000ns - tck rise@0.000ns)
  Data Path Delay:        0.270ns  (logic 0.190ns (70.343%)  route 0.080ns (29.657%))
  Logic Levels:           1  (LUT2=1)
  Clock Path Skew:        0.013ns (DCD - SCD - CPR)
    Destination Clock Delay (DCD):    3.155ns
    Source Clock Delay      (SCD):    2.446ns
    Clock Pessimism Removal (CPR):    0.696ns

    Location             Delay type                Incr(ns)  Path(ns)    Netlist Resource(s)
  -------------------------------------------------------------------    -------------------
                         (clock tck rise edge)        0.000     0.000 r  
    H15                                               0.000     0.000 r  tck (IN)
                         net (fo=0)                   0.000     0.000    tck
    H15                  IBUF (Prop_ibuf_I_O)         0.268     0.268 r  tck_IBUF_inst/O
                         net (fo=1, routed)           1.516     1.784    tck_IBUF
    BUFGCTRL_X0Y0        BUFG (Prop_bufg_I_O)         0.026     1.810 r  tck_IBUF_BUFG_inst/O
                         net (fo=258, routed)         0.636     2.446    i_dmi_jtag/i_dmi_jtag_tap/CLK
    SLICE_X113Y61        FDCE                                         r  i_dmi_jtag/i_dmi_jtag_tap/dtmcs_q_reg[zero1][22]/C
  -------------------------------------------------------------------    -------------------
    SLICE_X113Y61        FDCE (Prop_fdce_C_Q)         0.141     2.587 r  i_dmi_jtag/i_dmi_jtag_tap/dtmcs_q_reg[zero1][22]/Q
                         net (fo=1, routed)           0.080     2.667    i_dmi_jtag/i_dmi_jtag_tap/dtmcs_q_reg[zero1][4]
    SLICE_X112Y61        LUT2 (Prop_lut2_I0_O)        0.049     2.716 r  i_dmi_jtag/i_dmi_jtag_tap/dtmcs_q[zero1][21]_i_1/O
                         net (fo=1, routed)           0.000     2.716    i_dmi_jtag/i_dmi_jtag_tap/dtmcs_d[zero1][21]
    SLICE_X112Y61        FDCE                                         r  i_dmi_jtag/i_dmi_jtag_tap/dtmcs_q_reg[zero1][21]/D
  -------------------------------------------------------------------    -------------------

                         (clock tck rise edge)        0.000     0.000 r  
    H15                                               0.000     0.000 r  tck (IN)
                         net (fo=0)                   0.000     0.000    tck
    H15                  IBUF (Prop_ibuf_I_O)         0.456     0.456 r  tck_IBUF_inst/O
                         net (fo=1, routed)           1.762     2.218    tck_IBUF
    BUFGCTRL_X0Y0        BUFG (Prop_bufg_I_O)         0.029     2.247 r  tck_IBUF_BUFG_inst/O
                         net (fo=258, routed)         0.908     3.155    i_dmi_jtag/i_dmi_jtag_tap/CLK
    SLICE_X112Y61        FDCE                                         r  i_dmi_jtag/i_dmi_jtag_tap/dtmcs_q_reg[zero1][21]/C
                         clock pessimism             -0.696     2.459    
    SLICE_X112Y61        FDCE (Hold_fdce_C_D)         0.131     2.590    i_dmi_jtag/i_dmi_jtag_tap/dtmcs_q_reg[zero1][21]
  -------------------------------------------------------------------
                         required time                         -2.590    
                         arrival time                           2.716    
  -------------------------------------------------------------------
                         slack                                  0.126    

Slack (MET) :             0.140ns  (arrival time - required time)
  Source:                 i_dmi_jtag/i_dmi_jtag_tap/idcode_q_reg[13]/C
                            (rising edge-triggered cell FDCE clocked by tck  {rise@0.000ns fall@50.000ns period=100.000ns})
  Destination:            i_dmi_jtag/i_dmi_jtag_tap/idcode_q_reg[12]/D
                            (rising edge-triggered cell FDPE clocked by tck  {rise@0.000ns fall@50.000ns period=100.000ns})
  Path Group:             tck
  Path Type:              Hold (Min at Fast Process Corner)
  Requirement:            0.000ns  (tck rise@0.000ns - tck rise@0.000ns)
  Data Path Delay:        0.273ns  (logic 0.186ns (68.106%)  route 0.087ns (31.894%))
  Logic Levels:           1  (LUT6=1)
  Clock Path Skew:        0.013ns (DCD - SCD - CPR)
    Destination Clock Delay (DCD):    3.150ns
    Source Clock Delay      (SCD):    2.443ns
    Clock Pessimism Removal (CPR):    0.694ns

    Location             Delay type                Incr(ns)  Path(ns)    Netlist Resource(s)
  -------------------------------------------------------------------    -------------------
                         (clock tck rise edge)        0.000     0.000 r  
    H15                                               0.000     0.000 r  tck (IN)
                         net (fo=0)                   0.000     0.000    tck
    H15                  IBUF (Prop_ibuf_I_O)         0.268     0.268 r  tck_IBUF_inst/O
                         net (fo=1, routed)           1.516     1.784    tck_IBUF
    BUFGCTRL_X0Y0        BUFG (Prop_bufg_I_O)         0.026     1.810 r  tck_IBUF_BUFG_inst/O
                         net (fo=258, routed)         0.633     2.443    i_dmi_jtag/i_dmi_jtag_tap/CLK
    SLICE_X113Y66        FDCE                                         r  i_dmi_jtag/i_dmi_jtag_tap/idcode_q_reg[13]/C
  -------------------------------------------------------------------    -------------------
    SLICE_X113Y66        FDCE (Prop_fdce_C_Q)         0.141     2.584 r  i_dmi_jtag/i_dmi_jtag_tap/idcode_q_reg[13]/Q
                         net (fo=1, routed)           0.087     2.671    i_dmi_jtag/i_dmi_jtag_tap/idcode_q[13]
    SLICE_X112Y66        LUT6 (Prop_lut6_I5_O)        0.045     2.716 r  i_dmi_jtag/i_dmi_jtag_tap/idcode_q[12]_i_1/O
                         net (fo=1, routed)           0.000     2.716    i_dmi_jtag/i_dmi_jtag_tap/idcode_d[12]
    SLICE_X112Y66        FDPE                                         r  i_dmi_jtag/i_dmi_jtag_tap/idcode_q_reg[12]/D
  -------------------------------------------------------------------    -------------------

                         (clock tck rise edge)        0.000     0.000 r  
    H15                                               0.000     0.000 r  tck (IN)
                         net (fo=0)                   0.000     0.000    tck
    H15                  IBUF (Prop_ibuf_I_O)         0.456     0.456 r  tck_IBUF_inst/O
                         net (fo=1, routed)           1.762     2.218    tck_IBUF
    BUFGCTRL_X0Y0        BUFG (Prop_bufg_I_O)         0.029     2.247 r  tck_IBUF_BUFG_inst/O
                         net (fo=258, routed)         0.903     3.150    i_dmi_jtag/i_dmi_jtag_tap/CLK
    SLICE_X112Y66        FDPE                                         r  i_dmi_jtag/i_dmi_jtag_tap/idcode_q_reg[12]/C
                         clock pessimism             -0.694     2.456    
    SLICE_X112Y66        FDPE (Hold_fdpe_C_D)         0.120     2.576    i_dmi_jtag/i_dmi_jtag_tap/idcode_q_reg[12]
  -------------------------------------------------------------------
                         required time                         -2.576    
                         arrival time                           2.716    
  -------------------------------------------------------------------
                         slack                                  0.140    

Slack (MET) :             0.151ns  (arrival time - required time)
  Source:                 i_dmi_jtag/i_dmi_cdc/i_cdc_resp/i_dst/data_dst_q_reg[data][2]/C
                            (rising edge-triggered cell FDCE clocked by tck  {rise@0.000ns fall@50.000ns period=100.000ns})
  Destination:            i_dmi_jtag/data_q_reg[2]/D
                            (rising edge-triggered cell FDCE clocked by tck  {rise@0.000ns fall@50.000ns period=100.000ns})
  Path Group:             tck
  Path Type:              Hold (Min at Fast Process Corner)
  Requirement:            0.000ns  (tck rise@0.000ns - tck rise@0.000ns)
  Data Path Delay:        0.288ns  (logic 0.186ns (64.583%)  route 0.102ns (35.417%))
  Logic Levels:           1  (LUT4=1)
  Clock Path Skew:        0.016ns (DCD - SCD - CPR)
    Destination Clock Delay (DCD):    3.158ns
    Source Clock Delay      (SCD):    2.449ns
    Clock Pessimism Removal (CPR):    0.693ns

    Location             Delay type                Incr(ns)  Path(ns)    Netlist Resource(s)
  -------------------------------------------------------------------    -------------------
                         (clock tck rise edge)        0.000     0.000 r  
    H15                                               0.000     0.000 r  tck (IN)
                         net (fo=0)                   0.000     0.000    tck
    H15                  IBUF (Prop_ibuf_I_O)         0.268     0.268 r  tck_IBUF_inst/O
                         net (fo=1, routed)           1.516     1.784    tck_IBUF
    BUFGCTRL_X0Y0        BUFG (Prop_bufg_I_O)         0.026     1.810 r  tck_IBUF_BUFG_inst/O
                         net (fo=258, routed)         0.639     2.449    i_dmi_jtag/i_dmi_cdc/i_cdc_resp/i_dst/CLK
    SLICE_X110Y50        FDCE                                         r  i_dmi_jtag/i_dmi_cdc/i_cdc_resp/i_dst/data_dst_q_reg[data][2]/C
  -------------------------------------------------------------------    -------------------
    SLICE_X110Y50        FDCE (Prop_fdce_C_Q)         0.141     2.590 r  i_dmi_jtag/i_dmi_cdc/i_cdc_resp/i_dst/data_dst_q_reg[data][2]/Q
                         net (fo=1, routed)           0.102     2.692    i_dmi_jtag/i_dmi_cdc/i_cdc_resp/i_dst/data_dst_q[data][2]
    SLICE_X112Y50        LUT4 (Prop_lut4_I0_O)        0.045     2.737 r  i_dmi_jtag/i_dmi_cdc/i_cdc_resp/i_dst/data_q[2]_i_1/O
                         net (fo=1, routed)           0.000     2.737    i_dmi_jtag/i_dmi_cdc_n_273
    SLICE_X112Y50        FDCE                                         r  i_dmi_jtag/data_q_reg[2]/D
  -------------------------------------------------------------------    -------------------

                         (clock tck rise edge)        0.000     0.000 r  
    H15                                               0.000     0.000 r  tck (IN)
                         net (fo=0)                   0.000     0.000    tck
    H15                  IBUF (Prop_ibuf_I_O)         0.456     0.456 r  tck_IBUF_inst/O
                         net (fo=1, routed)           1.762     2.218    tck_IBUF
    BUFGCTRL_X0Y0        BUFG (Prop_bufg_I_O)         0.029     2.247 r  tck_IBUF_BUFG_inst/O
                         net (fo=258, routed)         0.911     3.158    i_dmi_jtag/CLK
    SLICE_X112Y50        FDCE                                         r  i_dmi_jtag/data_q_reg[2]/C
                         clock pessimism             -0.693     2.465    
    SLICE_X112Y50        FDCE (Hold_fdce_C_D)         0.121     2.586    i_dmi_jtag/data_q_reg[2]
  -------------------------------------------------------------------
                         required time                         -2.586    
                         arrival time                           2.737    
  -------------------------------------------------------------------
                         slack                                  0.151    

Slack (MET) :             0.153ns  (arrival time - required time)
  Source:                 i_dmi_jtag/data_q_reg[31]/C
                            (rising edge-triggered cell FDCE clocked by tck  {rise@0.000ns fall@50.000ns period=100.000ns})
  Destination:            i_dmi_jtag/dr_q_reg[33]/D
                            (rising edge-triggered cell FDCE clocked by tck  {rise@0.000ns fall@50.000ns period=100.000ns})
  Path Group:             tck
  Path Type:              Hold (Min at Fast Process Corner)
  Requirement:            0.000ns  (tck rise@0.000ns - tck rise@0.000ns)
  Data Path Delay:        0.287ns  (logic 0.186ns (64.755%)  route 0.101ns (35.245%))
  Logic Levels:           1  (LUT4=1)
  Clock Path Skew:        0.013ns (DCD - SCD - CPR)
    Destination Clock Delay (DCD):    3.156ns
    Source Clock Delay      (SCD):    2.447ns
    Clock Pessimism Removal (CPR):    0.696ns

    Location             Delay type                Incr(ns)  Path(ns)    Netlist Resource(s)
  -------------------------------------------------------------------    -------------------
                         (clock tck rise edge)        0.000     0.000 r  
    H15                                               0.000     0.000 r  tck (IN)
                         net (fo=0)                   0.000     0.000    tck
    H15                  IBUF (Prop_ibuf_I_O)         0.268     0.268 r  tck_IBUF_inst/O
                         net (fo=1, routed)           1.516     1.784    tck_IBUF
    BUFGCTRL_X0Y0        BUFG (Prop_bufg_I_O)         0.026     1.810 r  tck_IBUF_BUFG_inst/O
                         net (fo=258, routed)         0.637     2.447    i_dmi_jtag/CLK
    SLICE_X113Y57        FDCE                                         r  i_dmi_jtag/data_q_reg[31]/C
  -------------------------------------------------------------------    -------------------
    SLICE_X113Y57        FDCE (Prop_fdce_C_Q)         0.141     2.588 r  i_dmi_jtag/data_q_reg[31]/Q
                         net (fo=2, routed)           0.101     2.689    i_dmi_jtag/i_dmi_jtag_tap/dr_q_reg[33][31]
    SLICE_X112Y57        LUT4 (Prop_lut4_I3_O)        0.045     2.734 r  i_dmi_jtag/i_dmi_jtag_tap/dr_q[33]_i_1/O
                         net (fo=1, routed)           0.000     2.734    i_dmi_jtag/dr_d[33]
    SLICE_X112Y57        FDCE                                         r  i_dmi_jtag/dr_q_reg[33]/D
  -------------------------------------------------------------------    -------------------

                         (clock tck rise edge)        0.000     0.000 r  
    H15                                               0.000     0.000 r  tck (IN)
                         net (fo=0)                   0.000     0.000    tck
    H15                  IBUF (Prop_ibuf_I_O)         0.456     0.456 r  tck_IBUF_inst/O
                         net (fo=1, routed)           1.762     2.218    tck_IBUF
    BUFGCTRL_X0Y0        BUFG (Prop_bufg_I_O)         0.029     2.247 r  tck_IBUF_BUFG_inst/O
                         net (fo=258, routed)         0.909     3.156    i_dmi_jtag/CLK
    SLICE_X112Y57        FDCE                                         r  i_dmi_jtag/dr_q_reg[33]/C
                         clock pessimism             -0.696     2.460    
    SLICE_X112Y57        FDCE (Hold_fdce_C_D)         0.121     2.581    i_dmi_jtag/dr_q_reg[33]
  -------------------------------------------------------------------
                         required time                         -2.581    
                         arrival time                           2.734    
  -------------------------------------------------------------------
                         slack                                  0.153    

Slack (MET) :             0.155ns  (arrival time - required time)
  Source:                 i_dmi_jtag/i_dmi_jtag_tap/jtag_ir_shift_q_reg[1]/C
                            (rising edge-triggered cell FDCE clocked by tck  {rise@0.000ns fall@50.000ns period=100.000ns})
  Destination:            i_dmi_jtag/i_dmi_jtag_tap/jtag_ir_q_reg[1]/D
                            (rising edge-triggered cell FDCE clocked by tck  {rise@0.000ns fall@50.000ns period=100.000ns})
  Path Group:             tck
  Path Type:              Hold (Min at Fast Process Corner)
  Requirement:            0.000ns  (tck rise@0.000ns - tck rise@0.000ns)
  Data Path Delay:        0.289ns  (logic 0.186ns (64.307%)  route 0.103ns (35.693%))
  Logic Levels:           1  (LUT2=1)
  Clock Path Skew:        0.013ns (DCD - SCD - CPR)
    Destination Clock Delay (DCD):    3.152ns
    Source Clock Delay      (SCD):    2.444ns
    Clock Pessimism Removal (CPR):    0.695ns

    Location             Delay type                Incr(ns)  Path(ns)    Netlist Resource(s)
  -------------------------------------------------------------------    -------------------
                         (clock tck rise edge)        0.000     0.000 r  
    H15                                               0.000     0.000 r  tck (IN)
                         net (fo=0)                   0.000     0.000    tck
    H15                  IBUF (Prop_ibuf_I_O)         0.268     0.268 r  tck_IBUF_inst/O
                         net (fo=1, routed)           1.516     1.784    tck_IBUF
    BUFGCTRL_X0Y0        BUFG (Prop_bufg_I_O)         0.026     1.810 r  tck_IBUF_BUFG_inst/O
                         net (fo=258, routed)         0.634     2.444    i_dmi_jtag/i_dmi_jtag_tap/CLK
    SLICE_X113Y63        FDCE                                         r  i_dmi_jtag/i_dmi_jtag_tap/jtag_ir_shift_q_reg[1]/C
  -------------------------------------------------------------------    -------------------
    SLICE_X113Y63        FDCE (Prop_fdce_C_Q)         0.141     2.585 r  i_dmi_jtag/i_dmi_jtag_tap/jtag_ir_shift_q_reg[1]/Q
                         net (fo=2, routed)           0.103     2.688    i_dmi_jtag/i_dmi_jtag_tap/p_0_in_0[0]
    SLICE_X112Y63        LUT2 (Prop_lut2_I0_O)        0.045     2.733 r  i_dmi_jtag/i_dmi_jtag_tap/jtag_ir_q[1]_i_1/O
                         net (fo=1, routed)           0.000     2.733    i_dmi_jtag/i_dmi_jtag_tap/jtag_ir_d[1]
    SLICE_X112Y63        FDCE                                         r  i_dmi_jtag/i_dmi_jtag_tap/jtag_ir_q_reg[1]/D
  -------------------------------------------------------------------    -------------------

                         (clock tck rise edge)        0.000     0.000 r  
    H15                                               0.000     0.000 r  tck (IN)
                         net (fo=0)                   0.000     0.000    tck
    H15                  IBUF (Prop_ibuf_I_O)         0.456     0.456 r  tck_IBUF_inst/O
                         net (fo=1, routed)           1.762     2.218    tck_IBUF
    BUFGCTRL_X0Y0        BUFG (Prop_bufg_I_O)         0.029     2.247 r  tck_IBUF_BUFG_inst/O
                         net (fo=258, routed)         0.905     3.152    i_dmi_jtag/i_dmi_jtag_tap/CLK
    SLICE_X112Y63        FDCE                                         r  i_dmi_jtag/i_dmi_jtag_tap/jtag_ir_q_reg[1]/C
                         clock pessimism             -0.695     2.457    
    SLICE_X112Y63        FDCE (Hold_fdce_C_D)         0.121     2.578    i_dmi_jtag/i_dmi_jtag_tap/jtag_ir_q_reg[1]
  -------------------------------------------------------------------
                         required time                         -2.578    
                         arrival time                           2.733    
  -------------------------------------------------------------------
                         slack                                  0.155    

Slack (MET) :             0.156ns  (arrival time - required time)
  Source:                 i_dmi_jtag/dr_q_reg[32]/C
                            (rising edge-triggered cell FDCE clocked by tck  {rise@0.000ns fall@50.000ns period=100.000ns})
  Destination:            i_dmi_jtag/data_q_reg[30]/D
                            (rising edge-triggered cell FDCE clocked by tck  {rise@0.000ns fall@50.000ns period=100.000ns})
  Path Group:             tck
  Path Type:              Hold (Min at Fast Process Corner)
  Requirement:            0.000ns  (tck rise@0.000ns - tck rise@0.000ns)
  Data Path Delay:        0.293ns  (logic 0.186ns (63.586%)  route 0.107ns (36.414%))
  Logic Levels:           1  (LUT4=1)
  Clock Path Skew:        0.016ns (DCD - SCD - CPR)
    Destination Clock Delay (DCD):    3.157ns
    Source Clock Delay      (SCD):    2.448ns
    Clock Pessimism Removal (CPR):    0.693ns

    Location             Delay type                Incr(ns)  Path(ns)    Netlist Resource(s)
  -------------------------------------------------------------------    -------------------
                         (clock tck rise edge)        0.000     0.000 r  
    H15                                               0.000     0.000 r  tck (IN)
                         net (fo=0)                   0.000     0.000    tck
    H15                  IBUF (Prop_ibuf_I_O)         0.268     0.268 r  tck_IBUF_inst/O
                         net (fo=1, routed)           1.516     1.784    tck_IBUF
    BUFGCTRL_X0Y0        BUFG (Prop_bufg_I_O)         0.026     1.810 r  tck_IBUF_BUFG_inst/O
                         net (fo=258, routed)         0.638     2.448    i_dmi_jtag/CLK
    SLICE_X111Y56        FDCE                                         r  i_dmi_jtag/dr_q_reg[32]/C
  -------------------------------------------------------------------    -------------------
    SLICE_X111Y56        FDCE (Prop_fdce_C_Q)         0.141     2.589 r  i_dmi_jtag/dr_q_reg[32]/Q
                         net (fo=2, routed)           0.107     2.695    i_dmi_jtag/i_dmi_cdc/i_cdc_resp/i_dst/data_q_reg[31][32]
    SLICE_X112Y55        LUT4 (Prop_lut4_I3_O)        0.045     2.740 r  i_dmi_jtag/i_dmi_cdc/i_cdc_resp/i_dst/data_q[30]_i_1/O
                         net (fo=1, routed)           0.000     2.740    i_dmi_jtag/i_dmi_cdc_n_245
    SLICE_X112Y55        FDCE                                         r  i_dmi_jtag/data_q_reg[30]/D
  -------------------------------------------------------------------    -------------------

                         (clock tck rise edge)        0.000     0.000 r  
    H15                                               0.000     0.000 r  tck (IN)
                         net (fo=0)                   0.000     0.000    tck
    H15                  IBUF (Prop_ibuf_I_O)         0.456     0.456 r  tck_IBUF_inst/O
                         net (fo=1, routed)           1.762     2.218    tck_IBUF
    BUFGCTRL_X0Y0        BUFG (Prop_bufg_I_O)         0.029     2.247 r  tck_IBUF_BUFG_inst/O
                         net (fo=258, routed)         0.910     3.157    i_dmi_jtag/CLK
    SLICE_X112Y55        FDCE                                         r  i_dmi_jtag/data_q_reg[30]/C
                         clock pessimism             -0.693     2.464    
    SLICE_X112Y55        FDCE (Hold_fdce_C_D)         0.121     2.585    i_dmi_jtag/data_q_reg[30]
  -------------------------------------------------------------------
                         required time                         -2.585    
                         arrival time                           2.740    
  -------------------------------------------------------------------
                         slack                                  0.156    





Pulse Width Checks
--------------------------------------------------------------------------------------
Clock Name:         tck
Waveform(ns):       { 0.000 50.000 }
Period(ns):         100.000
Sources:            { tck }

Check Type        Corner  Lib Pin  Reference Pin  Required(ns)  Actual(ns)  Slack(ns)  Location       Pin
Min Period        n/a     BUFG/I   n/a            2.155         100.000     97.845     BUFGCTRL_X0Y0  tck_IBUF_BUFG_inst/I
Min Period        n/a     FDCE/C   n/a            1.000         100.000     99.000     SLICE_X110Y55  i_dmi_jtag/FSM_sequential_state_q_reg[0]/C
Min Period        n/a     FDCE/C   n/a            1.000         100.000     99.000     SLICE_X112Y58  i_dmi_jtag/FSM_sequential_state_q_reg[1]/C
Min Period        n/a     FDCE/C   n/a            1.000         100.000     99.000     SLICE_X110Y55  i_dmi_jtag/FSM_sequential_state_q_reg[2]/C
Min Period        n/a     FDCE/C   n/a            1.000         100.000     99.000     SLICE_X113Y56  i_dmi_jtag/address_q_reg[0]/C
Min Period        n/a     FDCE/C   n/a            1.000         100.000     99.000     SLICE_X113Y56  i_dmi_jtag/address_q_reg[1]/C
Min Period        n/a     FDCE/C   n/a            1.000         100.000     99.000     SLICE_X113Y56  i_dmi_jtag/address_q_reg[2]/C
Min Period        n/a     FDCE/C   n/a            1.000         100.000     99.000     SLICE_X113Y56  i_dmi_jtag/address_q_reg[3]/C
Min Period        n/a     FDCE/C   n/a            1.000         100.000     99.000     SLICE_X113Y56  i_dmi_jtag/address_q_reg[4]/C
Min Period        n/a     FDCE/C   n/a            1.000         100.000     99.000     SLICE_X113Y56  i_dmi_jtag/address_q_reg[5]/C
Low Pulse Width   Slow    FDCE/C   n/a            0.500         50.000      49.500     SLICE_X110Y55  i_dmi_jtag/FSM_sequential_state_q_reg[0]/C
Low Pulse Width   Fast    FDCE/C   n/a            0.500         50.000      49.500     SLICE_X110Y55  i_dmi_jtag/FSM_sequential_state_q_reg[0]/C
Low Pulse Width   Slow    FDCE/C   n/a            0.500         50.000      49.500     SLICE_X112Y58  i_dmi_jtag/FSM_sequential_state_q_reg[1]/C
Low Pulse Width   Fast    FDCE/C   n/a            0.500         50.000      49.500     SLICE_X112Y58  i_dmi_jtag/FSM_sequential_state_q_reg[1]/C
Low Pulse Width   Slow    FDCE/C   n/a            0.500         50.000      49.500     SLICE_X110Y55  i_dmi_jtag/FSM_sequential_state_q_reg[2]/C
Low Pulse Width   Fast    FDCE/C   n/a            0.500         50.000      49.500     SLICE_X110Y55  i_dmi_jtag/FSM_sequential_state_q_reg[2]/C
Low Pulse Width   Slow    FDCE/C   n/a            0.500         50.000      49.500     SLICE_X113Y56  i_dmi_jtag/address_q_reg[0]/C
Low Pulse Width   Fast    FDCE/C   n/a            0.500         50.000      49.500     SLICE_X113Y56  i_dmi_jtag/address_q_reg[0]/C
Low Pulse Width   Slow    FDCE/C   n/a            0.500         50.000      49.500     SLICE_X113Y56  i_dmi_jtag/address_q_reg[1]/C
Low Pulse Width   Fast    FDCE/C   n/a            0.500         50.000      49.500     SLICE_X113Y56  i_dmi_jtag/address_q_reg[1]/C
High Pulse Width  Slow    FDCE/C   n/a            0.500         50.000      49.500     SLICE_X110Y55  i_dmi_jtag/FSM_sequential_state_q_reg[0]/C
High Pulse Width  Fast    FDCE/C   n/a            0.500         50.000      49.500     SLICE_X110Y55  i_dmi_jtag/FSM_sequential_state_q_reg[0]/C
High Pulse Width  Slow    FDCE/C   n/a            0.500         50.000      49.500     SLICE_X112Y58  i_dmi_jtag/FSM_sequential_state_q_reg[1]/C
High Pulse Width  Fast    FDCE/C   n/a            0.500         50.000      49.500     SLICE_X112Y58  i_dmi_jtag/FSM_sequential_state_q_reg[1]/C
High Pulse Width  Slow    FDCE/C   n/a            0.500         50.000      49.500     SLICE_X110Y55  i_dmi_jtag/FSM_sequential_state_q_reg[2]/C
High Pulse Width  Fast    FDCE/C   n/a            0.500         50.000      49.500     SLICE_X110Y55  i_dmi_jtag/FSM_sequential_state_q_reg[2]/C
High Pulse Width  Slow    FDCE/C   n/a            0.500         50.000      49.500     SLICE_X113Y56  i_dmi_jtag/address_q_reg[0]/C
High Pulse Width  Fast    FDCE/C   n/a            0.500         50.000      49.500     SLICE_X113Y56  i_dmi_jtag/address_q_reg[0]/C
High Pulse Width  Slow    FDCE/C   n/a            0.500         50.000      49.500     SLICE_X113Y56  i_dmi_jtag/address_q_reg[1]/C
High Pulse Width  Fast    FDCE/C   n/a            0.500         50.000      49.500     SLICE_X113Y56  i_dmi_jtag/address_q_reg[1]/C



---------------------------------------------------------------------------------------------------
From Clock:  tck
  To Clock:  clk_out1_xlnx_clk_gen

Setup :            0  Failing Endpoints,  Worst Slack       13.675ns,  Total Violation        0.000ns
Hold  :            0  Failing Endpoints,  Worst Slack        2.835ns,  Total Violation        0.000ns
---------------------------------------------------------------------------------------------------


Max Delay Paths
--------------------------------------------------------------------------------------
Slack (MET) :             13.675ns  (required time - arrival time)
  Source:                 i_dmi_jtag/i_dmi_cdc/i_cdc_resp/i_dst/ack_dst_q_reg/C
                            (rising edge-triggered cell FDCE clocked by tck  {rise@0.000ns fall@50.000ns period=100.000ns})
  Destination:            i_dmi_jtag/i_dmi_cdc/i_cdc_resp/i_src/ack_src_q_reg/D
                            (rising edge-triggered cell FDCE clocked by clk_out1_xlnx_clk_gen  {rise@0.000ns fall@12.500ns period=25.000ns})
  Path Group:             clk_out1_xlnx_clk_gen
  Path Type:              Setup (Max at Slow Process Corner)
  Requirement:            25.000ns  (clk_out1_xlnx_clk_gen rise@25.000ns - tck rise@0.000ns)
  Data Path Delay:        1.995ns  (logic 0.518ns (25.961%)  route 1.477ns (74.039%))
  Logic Levels:           0  
  Clock Path Skew:        -8.645ns (DCD - SCD + CPR)
    Destination Clock Delay (DCD):    -1.518ns = ( 23.482 - 25.000 ) 
    Source Clock Delay      (SCD):    7.127ns
    Clock Pessimism Removal (CPR):    0.000ns
  Clock Uncertainty:      0.604ns  ((TSJ^2 + TIJ^2 + DJ^2)^1/2) / 2 + PE
    Total System Jitter     (TSJ):    0.071ns
    Total Input Jitter      (TIJ):    1.000ns
    Discrete Jitter          (DJ):    0.149ns
    Phase Error              (PE):    0.097ns
  Clock Domain Crossing:  Inter clock paths are considered valid unless explicitly excluded by timing constraints such as set_clock_groups or set_false_path.

    Location             Delay type                Incr(ns)  Path(ns)    Netlist Resource(s)
  -------------------------------------------------------------------    -------------------
                         (clock tck rise edge)        0.000     0.000 r  
    H15                                               0.000     0.000 r  tck (IN)
                         net (fo=0)                   0.000     0.000    tck
    H15                  IBUF (Prop_ibuf_I_O)         1.500     1.500 r  tck_IBUF_inst/O
                         net (fo=1, routed)           3.659     5.159    tck_IBUF
    BUFGCTRL_X0Y0        BUFG (Prop_bufg_I_O)         0.101     5.260 r  tck_IBUF_BUFG_inst/O
                         net (fo=258, routed)         1.867     7.127    i_dmi_jtag/i_dmi_cdc/i_cdc_resp/i_dst/CLK
    SLICE_X112Y58        FDCE                                         r  i_dmi_jtag/i_dmi_cdc/i_cdc_resp/i_dst/ack_dst_q_reg/C
  -------------------------------------------------------------------    -------------------
    SLICE_X112Y58        FDCE (Prop_fdce_C_Q)         0.518     7.645 r  i_dmi_jtag/i_dmi_cdc/i_cdc_resp/i_dst/ack_dst_q_reg/Q
                         net (fo=6, routed)           1.477     9.123    i_dmi_jtag/i_dmi_cdc/i_cdc_resp/i_src/ack_src_q_reg_0
    SLICE_X105Y47        FDCE                                         r  i_dmi_jtag/i_dmi_cdc/i_cdc_resp/i_src/ack_src_q_reg/D
  -------------------------------------------------------------------    -------------------

                         (clock clk_out1_xlnx_clk_gen rise edge)
                                                     25.000    25.000 r  
    K17                                               0.000    25.000 r  clk_sys (IN)
                         net (fo=0)                   0.000    25.000    i_xlnx_clk_gen/inst/clk_in1
    K17                  IBUF (Prop_ibuf_I_O)         1.404    26.404 r  i_xlnx_clk_gen/inst/clkin1_ibufg/O
                         net (fo=1, routed)           1.162    27.566    i_xlnx_clk_gen/inst/clk_in1_xlnx_clk_gen
    MMCME2_ADV_X1Y2      MMCME2_ADV (Prop_mmcme2_adv_CLKIN1_CLKOUT0)
                                                     -7.814    19.752 r  i_xlnx_clk_gen/inst/mmcm_adv_inst/CLKOUT0
                         net (fo=1, routed)           2.012    21.764    i_xlnx_clk_gen/inst/clk_out1_xlnx_clk_gen
    BUFGCTRL_X0Y16       BUFG (Prop_bufg_I_O)         0.091    21.855 r  i_xlnx_clk_gen/inst/clkout1_buf/O
                         net (fo=31820, routed)       1.627    23.482    i_dmi_jtag/i_dmi_cdc/i_cdc_resp/i_src/clk_out1
    SLICE_X105Y47        FDCE                                         r  i_dmi_jtag/i_dmi_cdc/i_cdc_resp/i_src/ack_src_q_reg/C
                         clock pessimism              0.000    23.482    
                         clock uncertainty           -0.604    22.879    
    SLICE_X105Y47        FDCE (Setup_fdce_C_D)       -0.081    22.798    i_dmi_jtag/i_dmi_cdc/i_cdc_resp/i_src/ack_src_q_reg
  -------------------------------------------------------------------
                         required time                         22.798    
                         arrival time                          -9.123    
  -------------------------------------------------------------------
                         slack                                 13.675    

Slack (MET) :             14.367ns  (required time - arrival time)
  Source:                 i_dmi_jtag/i_dmi_cdc/i_cdc_req/i_src/data_src_q_reg[data][27]/C
                            (rising edge-triggered cell FDCE clocked by tck  {rise@0.000ns fall@50.000ns period=100.000ns})
  Destination:            i_dmi_jtag/i_dmi_cdc/i_cdc_req/i_dst/data_dst_q_reg[data][27]/D
                            (rising edge-triggered cell FDCE clocked by clk_out1_xlnx_clk_gen  {rise@0.000ns fall@12.500ns period=25.000ns})
  Path Group:             clk_out1_xlnx_clk_gen
  Path Type:              Setup (Max at Slow Process Corner)
  Requirement:            25.000ns  (clk_out1_xlnx_clk_gen rise@25.000ns - tck rise@0.000ns)
  Data Path Delay:        1.149ns  (logic 0.419ns (36.477%)  route 0.730ns (63.523%))
  Logic Levels:           0  
  Clock Path Skew:        -8.663ns (DCD - SCD + CPR)
    Destination Clock Delay (DCD):    -1.536ns = ( 23.464 - 25.000 ) 
    Source Clock Delay      (SCD):    7.126ns
    Clock Pessimism Removal (CPR):    0.000ns
  Clock Uncertainty:      0.604ns  ((TSJ^2 + TIJ^2 + DJ^2)^1/2) / 2 + PE
    Total System Jitter     (TSJ):    0.071ns
    Total Input Jitter      (TIJ):    1.000ns
    Discrete Jitter          (DJ):    0.149ns
    Phase Error              (PE):    0.097ns
  Clock Domain Crossing:  Inter clock paths are considered valid unless explicitly excluded by timing constraints such as set_clock_groups or set_false_path.

    Location             Delay type                Incr(ns)  Path(ns)    Netlist Resource(s)
  -------------------------------------------------------------------    -------------------
                         (clock tck rise edge)        0.000     0.000 r  
    H15                                               0.000     0.000 r  tck (IN)
                         net (fo=0)                   0.000     0.000    tck
    H15                  IBUF (Prop_ibuf_I_O)         1.500     1.500 r  tck_IBUF_inst/O
                         net (fo=1, routed)           3.659     5.159    tck_IBUF
    BUFGCTRL_X0Y0        BUFG (Prop_bufg_I_O)         0.101     5.260 r  tck_IBUF_BUFG_inst/O
                         net (fo=258, routed)         1.866     7.126    i_dmi_jtag/i_dmi_cdc/i_cdc_req/i_src/CLK
    SLICE_X109Y56        FDCE                                         r  i_dmi_jtag/i_dmi_cdc/i_cdc_req/i_src/data_src_q_reg[data][27]/C
  -------------------------------------------------------------------    -------------------
    SLICE_X109Y56        FDCE (Prop_fdce_C_Q)         0.419     7.545 r  i_dmi_jtag/i_dmi_cdc/i_cdc_req/i_src/data_src_q_reg[data][27]/Q
                         net (fo=1, routed)           0.730     8.275    i_dmi_jtag/i_dmi_cdc/i_cdc_req/i_dst/data_dst_q_reg[data][31]_3[27]
    SLICE_X105Y56        FDCE                                         r  i_dmi_jtag/i_dmi_cdc/i_cdc_req/i_dst/data_dst_q_reg[data][27]/D
  -------------------------------------------------------------------    -------------------

                         (clock clk_out1_xlnx_clk_gen rise edge)
                                                     25.000    25.000 r  
    K17                                               0.000    25.000 r  clk_sys (IN)
                         net (fo=0)                   0.000    25.000    i_xlnx_clk_gen/inst/clk_in1
    K17                  IBUF (Prop_ibuf_I_O)         1.404    26.404 r  i_xlnx_clk_gen/inst/clkin1_ibufg/O
                         net (fo=1, routed)           1.162    27.566    i_xlnx_clk_gen/inst/clk_in1_xlnx_clk_gen
    MMCME2_ADV_X1Y2      MMCME2_ADV (Prop_mmcme2_adv_CLKIN1_CLKOUT0)
                                                     -7.814    19.752 r  i_xlnx_clk_gen/inst/mmcm_adv_inst/CLKOUT0
                         net (fo=1, routed)           2.012    21.764    i_xlnx_clk_gen/inst/clk_out1_xlnx_clk_gen
    BUFGCTRL_X0Y16       BUFG (Prop_bufg_I_O)         0.091    21.855 r  i_xlnx_clk_gen/inst/clkout1_buf/O
                         net (fo=31820, routed)       1.609    23.464    i_dmi_jtag/i_dmi_cdc/i_cdc_req/i_dst/clk_out1
    SLICE_X105Y56        FDCE                                         r  i_dmi_jtag/i_dmi_cdc/i_cdc_req/i_dst/data_dst_q_reg[data][27]/C
                         clock pessimism              0.000    23.464    
                         clock uncertainty           -0.604    22.860    
    SLICE_X105Y56        FDCE (Setup_fdce_C_D)       -0.218    22.642    i_dmi_jtag/i_dmi_cdc/i_cdc_req/i_dst/data_dst_q_reg[data][27]
  -------------------------------------------------------------------
                         required time                         22.642    
                         arrival time                          -8.275    
  -------------------------------------------------------------------
                         slack                                 14.367    

Slack (MET) :             14.389ns  (required time - arrival time)
  Source:                 i_dmi_jtag/i_dmi_cdc/i_cdc_req/i_src/data_src_q_reg[data][25]/C
                            (rising edge-triggered cell FDCE clocked by tck  {rise@0.000ns fall@50.000ns period=100.000ns})
  Destination:            i_dmi_jtag/i_dmi_cdc/i_cdc_req/i_dst/data_dst_q_reg[data][25]/D
                            (rising edge-triggered cell FDCE clocked by clk_out1_xlnx_clk_gen  {rise@0.000ns fall@12.500ns period=25.000ns})
  Path Group:             clk_out1_xlnx_clk_gen
  Path Type:              Setup (Max at Slow Process Corner)
  Requirement:            25.000ns  (clk_out1_xlnx_clk_gen rise@25.000ns - tck rise@0.000ns)
  Data Path Delay:        1.126ns  (logic 0.419ns (37.214%)  route 0.707ns (62.786%))
  Logic Levels:           0  
  Clock Path Skew:        -8.663ns (DCD - SCD + CPR)
    Destination Clock Delay (DCD):    -1.536ns = ( 23.464 - 25.000 ) 
    Source Clock Delay      (SCD):    7.126ns
    Clock Pessimism Removal (CPR):    0.000ns
  Clock Uncertainty:      0.604ns  ((TSJ^2 + TIJ^2 + DJ^2)^1/2) / 2 + PE
    Total System Jitter     (TSJ):    0.071ns
    Total Input Jitter      (TIJ):    1.000ns
    Discrete Jitter          (DJ):    0.149ns
    Phase Error              (PE):    0.097ns
  Clock Domain Crossing:  Inter clock paths are considered valid unless explicitly excluded by timing constraints such as set_clock_groups or set_false_path.

    Location             Delay type                Incr(ns)  Path(ns)    Netlist Resource(s)
  -------------------------------------------------------------------    -------------------
                         (clock tck rise edge)        0.000     0.000 r  
    H15                                               0.000     0.000 r  tck (IN)
                         net (fo=0)                   0.000     0.000    tck
    H15                  IBUF (Prop_ibuf_I_O)         1.500     1.500 r  tck_IBUF_inst/O
                         net (fo=1, routed)           3.659     5.159    tck_IBUF
    BUFGCTRL_X0Y0        BUFG (Prop_bufg_I_O)         0.101     5.260 r  tck_IBUF_BUFG_inst/O
                         net (fo=258, routed)         1.866     7.126    i_dmi_jtag/i_dmi_cdc/i_cdc_req/i_src/CLK
    SLICE_X109Y56        FDCE                                         r  i_dmi_jtag/i_dmi_cdc/i_cdc_req/i_src/data_src_q_reg[data][25]/C
  -------------------------------------------------------------------    -------------------
    SLICE_X109Y56        FDCE (Prop_fdce_C_Q)         0.419     7.545 r  i_dmi_jtag/i_dmi_cdc/i_cdc_req/i_src/data_src_q_reg[data][25]/Q
                         net (fo=1, routed)           0.707     8.252    i_dmi_jtag/i_dmi_cdc/i_cdc_req/i_dst/data_dst_q_reg[data][31]_3[25]
    SLICE_X105Y56        FDCE                                         r  i_dmi_jtag/i_dmi_cdc/i_cdc_req/i_dst/data_dst_q_reg[data][25]/D
  -------------------------------------------------------------------    -------------------

                         (clock clk_out1_xlnx_clk_gen rise edge)
                                                     25.000    25.000 r  
    K17                                               0.000    25.000 r  clk_sys (IN)
                         net (fo=0)                   0.000    25.000    i_xlnx_clk_gen/inst/clk_in1
    K17                  IBUF (Prop_ibuf_I_O)         1.404    26.404 r  i_xlnx_clk_gen/inst/clkin1_ibufg/O
                         net (fo=1, routed)           1.162    27.566    i_xlnx_clk_gen/inst/clk_in1_xlnx_clk_gen
    MMCME2_ADV_X1Y2      MMCME2_ADV (Prop_mmcme2_adv_CLKIN1_CLKOUT0)
                                                     -7.814    19.752 r  i_xlnx_clk_gen/inst/mmcm_adv_inst/CLKOUT0
                         net (fo=1, routed)           2.012    21.764    i_xlnx_clk_gen/inst/clk_out1_xlnx_clk_gen
    BUFGCTRL_X0Y16       BUFG (Prop_bufg_I_O)         0.091    21.855 r  i_xlnx_clk_gen/inst/clkout1_buf/O
                         net (fo=31820, routed)       1.609    23.464    i_dmi_jtag/i_dmi_cdc/i_cdc_req/i_dst/clk_out1
    SLICE_X105Y56        FDCE                                         r  i_dmi_jtag/i_dmi_cdc/i_cdc_req/i_dst/data_dst_q_reg[data][25]/C
                         clock pessimism              0.000    23.464    
                         clock uncertainty           -0.604    22.860    
    SLICE_X105Y56        FDCE (Setup_fdce_C_D)       -0.219    22.641    i_dmi_jtag/i_dmi_cdc/i_cdc_req/i_dst/data_dst_q_reg[data][25]
  -------------------------------------------------------------------
                         required time                         22.641    
                         arrival time                          -8.252    
  -------------------------------------------------------------------
                         slack                                 14.389    

Slack (MET) :             14.429ns  (required time - arrival time)
  Source:                 i_dmi_jtag/i_dmi_cdc/i_cdc_req/i_src/data_src_q_reg[addr][6]/C
                            (rising edge-triggered cell FDCE clocked by tck  {rise@0.000ns fall@50.000ns period=100.000ns})
  Destination:            i_dmi_jtag/i_dmi_cdc/i_cdc_req/i_dst/data_dst_q_reg[addr][6]/D
                            (rising edge-triggered cell FDCE clocked by clk_out1_xlnx_clk_gen  {rise@0.000ns fall@12.500ns period=25.000ns})
  Path Group:             clk_out1_xlnx_clk_gen
  Path Type:              Setup (Max at Slow Process Corner)
  Requirement:            25.000ns  (clk_out1_xlnx_clk_gen rise@25.000ns - tck rise@0.000ns)
  Data Path Delay:        1.160ns  (logic 0.478ns (41.221%)  route 0.682ns (58.779%))
  Logic Levels:           0  
  Clock Path Skew:        -8.592ns (DCD - SCD + CPR)
    Destination Clock Delay (DCD):    -1.463ns = ( 23.537 - 25.000 ) 
    Source Clock Delay      (SCD):    7.128ns
    Clock Pessimism Removal (CPR):    0.000ns
  Clock Uncertainty:      0.604ns  ((TSJ^2 + TIJ^2 + DJ^2)^1/2) / 2 + PE
    Total System Jitter     (TSJ):    0.071ns
    Total Input Jitter      (TIJ):    1.000ns
    Discrete Jitter          (DJ):    0.149ns
    Phase Error              (PE):    0.097ns
  Clock Domain Crossing:  Inter clock paths are considered valid unless explicitly excluded by timing constraints such as set_clock_groups or set_false_path.

    Location             Delay type                Incr(ns)  Path(ns)    Netlist Resource(s)
  -------------------------------------------------------------------    -------------------
                         (clock tck rise edge)        0.000     0.000 r  
    H15                                               0.000     0.000 r  tck (IN)
                         net (fo=0)                   0.000     0.000    tck
    H15                  IBUF (Prop_ibuf_I_O)         1.500     1.500 r  tck_IBUF_inst/O
                         net (fo=1, routed)           3.659     5.159    tck_IBUF
    BUFGCTRL_X0Y0        BUFG (Prop_bufg_I_O)         0.101     5.260 r  tck_IBUF_BUFG_inst/O
                         net (fo=258, routed)         1.868     7.128    i_dmi_jtag/i_dmi_cdc/i_cdc_req/i_src/CLK
    SLICE_X112Y56        FDCE                                         r  i_dmi_jtag/i_dmi_cdc/i_cdc_req/i_src/data_src_q_reg[addr][6]/C
  -------------------------------------------------------------------    -------------------
    SLICE_X112Y56        FDCE (Prop_fdce_C_Q)         0.478     7.606 r  i_dmi_jtag/i_dmi_cdc/i_cdc_req/i_src/data_src_q_reg[addr][6]/Q
                         net (fo=1, routed)           0.682     8.288    i_dmi_jtag/i_dmi_cdc/i_cdc_req/i_dst/data_dst_q_reg[addr][6]_1[6]
    SLICE_X108Y57        FDCE                                         r  i_dmi_jtag/i_dmi_cdc/i_cdc_req/i_dst/data_dst_q_reg[addr][6]/D
  -------------------------------------------------------------------    -------------------

                         (clock clk_out1_xlnx_clk_gen rise edge)
                                                     25.000    25.000 r  
    K17                                               0.000    25.000 r  clk_sys (IN)
                         net (fo=0)                   0.000    25.000    i_xlnx_clk_gen/inst/clk_in1
    K17                  IBUF (Prop_ibuf_I_O)         1.404    26.404 r  i_xlnx_clk_gen/inst/clkin1_ibufg/O
                         net (fo=1, routed)           1.162    27.566    i_xlnx_clk_gen/inst/clk_in1_xlnx_clk_gen
    MMCME2_ADV_X1Y2      MMCME2_ADV (Prop_mmcme2_adv_CLKIN1_CLKOUT0)
                                                     -7.814    19.752 r  i_xlnx_clk_gen/inst/mmcm_adv_inst/CLKOUT0
                         net (fo=1, routed)           2.012    21.764    i_xlnx_clk_gen/inst/clk_out1_xlnx_clk_gen
    BUFGCTRL_X0Y16       BUFG (Prop_bufg_I_O)         0.091    21.855 r  i_xlnx_clk_gen/inst/clkout1_buf/O
                         net (fo=31820, routed)       1.682    23.537    i_dmi_jtag/i_dmi_cdc/i_cdc_req/i_dst/clk_out1
    SLICE_X108Y57        FDCE                                         r  i_dmi_jtag/i_dmi_cdc/i_cdc_req/i_dst/data_dst_q_reg[addr][6]/C
                         clock pessimism              0.000    23.537    
                         clock uncertainty           -0.604    22.933    
    SLICE_X108Y57        FDCE (Setup_fdce_C_D)       -0.216    22.717    i_dmi_jtag/i_dmi_cdc/i_cdc_req/i_dst/data_dst_q_reg[addr][6]
  -------------------------------------------------------------------
                         required time                         22.717    
                         arrival time                          -8.288    
  -------------------------------------------------------------------
                         slack                                 14.429    

Slack (MET) :             14.458ns  (required time - arrival time)
  Source:                 i_dmi_jtag/i_dmi_cdc/i_cdc_req/i_src/data_src_q_reg[addr][0]/C
                            (rising edge-triggered cell FDCE clocked by tck  {rise@0.000ns fall@50.000ns period=100.000ns})
  Destination:            i_dmi_jtag/i_dmi_cdc/i_cdc_req/i_dst/data_dst_q_reg[addr][0]/D
                            (rising edge-triggered cell FDCE clocked by clk_out1_xlnx_clk_gen  {rise@0.000ns fall@12.500ns period=25.000ns})
  Path Group:             clk_out1_xlnx_clk_gen
  Path Type:              Setup (Max at Slow Process Corner)
  Requirement:            25.000ns  (clk_out1_xlnx_clk_gen rise@25.000ns - tck rise@0.000ns)
  Data Path Delay:        1.289ns  (logic 0.456ns (35.371%)  route 0.833ns (64.629%))
  Logic Levels:           0  
  Clock Path Skew:        -8.591ns (DCD - SCD + CPR)
    Destination Clock Delay (DCD):    -1.462ns = ( 23.538 - 25.000 ) 
    Source Clock Delay      (SCD):    7.128ns
    Clock Pessimism Removal (CPR):    0.000ns
  Clock Uncertainty:      0.604ns  ((TSJ^2 + TIJ^2 + DJ^2)^1/2) / 2 + PE
    Total System Jitter     (TSJ):    0.071ns
    Total Input Jitter      (TIJ):    1.000ns
    Discrete Jitter          (DJ):    0.149ns
    Phase Error              (PE):    0.097ns
  Clock Domain Crossing:  Inter clock paths are considered valid unless explicitly excluded by timing constraints such as set_clock_groups or set_false_path.

    Location             Delay type                Incr(ns)  Path(ns)    Netlist Resource(s)
  -------------------------------------------------------------------    -------------------
                         (clock tck rise edge)        0.000     0.000 r  
    H15                                               0.000     0.000 r  tck (IN)
                         net (fo=0)                   0.000     0.000    tck
    H15                  IBUF (Prop_ibuf_I_O)         1.500     1.500 r  tck_IBUF_inst/O
                         net (fo=1, routed)           3.659     5.159    tck_IBUF
    BUFGCTRL_X0Y0        BUFG (Prop_bufg_I_O)         0.101     5.260 r  tck_IBUF_BUFG_inst/O
                         net (fo=258, routed)         1.868     7.128    i_dmi_jtag/i_dmi_cdc/i_cdc_req/i_src/CLK
    SLICE_X110Y56        FDCE                                         r  i_dmi_jtag/i_dmi_cdc/i_cdc_req/i_src/data_src_q_reg[addr][0]/C
  -------------------------------------------------------------------    -------------------
    SLICE_X110Y56        FDCE (Prop_fdce_C_Q)         0.456     7.584 r  i_dmi_jtag/i_dmi_cdc/i_cdc_req/i_src/data_src_q_reg[addr][0]/Q
                         net (fo=1, routed)           0.833     8.418    i_dmi_jtag/i_dmi_cdc/i_cdc_req/i_dst/data_dst_q_reg[addr][6]_1[0]
    SLICE_X108Y55        FDCE                                         r  i_dmi_jtag/i_dmi_cdc/i_cdc_req/i_dst/data_dst_q_reg[addr][0]/D
  -------------------------------------------------------------------    -------------------

                         (clock clk_out1_xlnx_clk_gen rise edge)
                                                     25.000    25.000 r  
    K17                                               0.000    25.000 r  clk_sys (IN)
                         net (fo=0)                   0.000    25.000    i_xlnx_clk_gen/inst/clk_in1
    K17                  IBUF (Prop_ibuf_I_O)         1.404    26.404 r  i_xlnx_clk_gen/inst/clkin1_ibufg/O
                         net (fo=1, routed)           1.162    27.566    i_xlnx_clk_gen/inst/clk_in1_xlnx_clk_gen
    MMCME2_ADV_X1Y2      MMCME2_ADV (Prop_mmcme2_adv_CLKIN1_CLKOUT0)
                                                     -7.814    19.752 r  i_xlnx_clk_gen/inst/mmcm_adv_inst/CLKOUT0
                         net (fo=1, routed)           2.012    21.764    i_xlnx_clk_gen/inst/clk_out1_xlnx_clk_gen
    BUFGCTRL_X0Y16       BUFG (Prop_bufg_I_O)         0.091    21.855 r  i_xlnx_clk_gen/inst/clkout1_buf/O
                         net (fo=31820, routed)       1.683    23.538    i_dmi_jtag/i_dmi_cdc/i_cdc_req/i_dst/clk_out1
    SLICE_X108Y55        FDCE                                         r  i_dmi_jtag/i_dmi_cdc/i_cdc_req/i_dst/data_dst_q_reg[addr][0]/C
                         clock pessimism              0.000    23.538    
                         clock uncertainty           -0.604    22.934    
    SLICE_X108Y55        FDCE (Setup_fdce_C_D)       -0.058    22.876    i_dmi_jtag/i_dmi_cdc/i_cdc_req/i_dst/data_dst_q_reg[addr][0]
  -------------------------------------------------------------------
                         required time                         22.876    
                         arrival time                          -8.418    
  -------------------------------------------------------------------
                         slack                                 14.458    

Slack (MET) :             14.464ns  (required time - arrival time)
  Source:                 i_dmi_jtag/i_dmi_cdc/i_cdc_req/i_src/data_src_q_reg[data][16]/C
                            (rising edge-triggered cell FDCE clocked by tck  {rise@0.000ns fall@50.000ns period=100.000ns})
  Destination:            i_dmi_jtag/i_dmi_cdc/i_cdc_req/i_dst/data_dst_q_reg[data][16]/D
                            (rising edge-triggered cell FDCE clocked by clk_out1_xlnx_clk_gen  {rise@0.000ns fall@12.500ns period=25.000ns})
  Path Group:             clk_out1_xlnx_clk_gen
  Path Type:              Setup (Max at Slow Process Corner)
  Requirement:            25.000ns  (clk_out1_xlnx_clk_gen rise@25.000ns - tck rise@0.000ns)
  Data Path Delay:        1.312ns  (logic 0.518ns (39.469%)  route 0.794ns (60.531%))
  Logic Levels:           0  
  Clock Path Skew:        -8.592ns (DCD - SCD + CPR)
    Destination Clock Delay (DCD):    -1.463ns = ( 23.537 - 25.000 ) 
    Source Clock Delay      (SCD):    7.128ns
    Clock Pessimism Removal (CPR):    0.000ns
  Clock Uncertainty:      0.604ns  ((TSJ^2 + TIJ^2 + DJ^2)^1/2) / 2 + PE
    Total System Jitter     (TSJ):    0.071ns
    Total Input Jitter      (TIJ):    1.000ns
    Discrete Jitter          (DJ):    0.149ns
    Phase Error              (PE):    0.097ns
  Clock Domain Crossing:  Inter clock paths are considered valid unless explicitly excluded by timing constraints such as set_clock_groups or set_false_path.

    Location             Delay type                Incr(ns)  Path(ns)    Netlist Resource(s)
  -------------------------------------------------------------------    -------------------
                         (clock tck rise edge)        0.000     0.000 r  
    H15                                               0.000     0.000 r  tck (IN)
                         net (fo=0)                   0.000     0.000    tck
    H15                  IBUF (Prop_ibuf_I_O)         1.500     1.500 r  tck_IBUF_inst/O
                         net (fo=1, routed)           3.659     5.159    tck_IBUF
    BUFGCTRL_X0Y0        BUFG (Prop_bufg_I_O)         0.101     5.260 r  tck_IBUF_BUFG_inst/O
                         net (fo=258, routed)         1.868     7.128    i_dmi_jtag/i_dmi_cdc/i_cdc_req/i_src/CLK
    SLICE_X112Y56        FDCE                                         r  i_dmi_jtag/i_dmi_cdc/i_cdc_req/i_src/data_src_q_reg[data][16]/C
  -------------------------------------------------------------------    -------------------
    SLICE_X112Y56        FDCE (Prop_fdce_C_Q)         0.518     7.646 r  i_dmi_jtag/i_dmi_cdc/i_cdc_req/i_src/data_src_q_reg[data][16]/Q
                         net (fo=1, routed)           0.794     8.441    i_dmi_jtag/i_dmi_cdc/i_cdc_req/i_dst/data_dst_q_reg[data][31]_3[16]
    SLICE_X108Y57        FDCE                                         r  i_dmi_jtag/i_dmi_cdc/i_cdc_req/i_dst/data_dst_q_reg[data][16]/D
  -------------------------------------------------------------------    -------------------

                         (clock clk_out1_xlnx_clk_gen rise edge)
                                                     25.000    25.000 r  
    K17                                               0.000    25.000 r  clk_sys (IN)
                         net (fo=0)                   0.000    25.000    i_xlnx_clk_gen/inst/clk_in1
    K17                  IBUF (Prop_ibuf_I_O)         1.404    26.404 r  i_xlnx_clk_gen/inst/clkin1_ibufg/O
                         net (fo=1, routed)           1.162    27.566    i_xlnx_clk_gen/inst/clk_in1_xlnx_clk_gen
    MMCME2_ADV_X1Y2      MMCME2_ADV (Prop_mmcme2_adv_CLKIN1_CLKOUT0)
                                                     -7.814    19.752 r  i_xlnx_clk_gen/inst/mmcm_adv_inst/CLKOUT0
                         net (fo=1, routed)           2.012    21.764    i_xlnx_clk_gen/inst/clk_out1_xlnx_clk_gen
    BUFGCTRL_X0Y16       BUFG (Prop_bufg_I_O)         0.091    21.855 r  i_xlnx_clk_gen/inst/clkout1_buf/O
                         net (fo=31820, routed)       1.682    23.537    i_dmi_jtag/i_dmi_cdc/i_cdc_req/i_dst/clk_out1
    SLICE_X108Y57        FDCE                                         r  i_dmi_jtag/i_dmi_cdc/i_cdc_req/i_dst/data_dst_q_reg[data][16]/C
                         clock pessimism              0.000    23.537    
                         clock uncertainty           -0.604    22.933    
    SLICE_X108Y57        FDCE (Setup_fdce_C_D)       -0.028    22.905    i_dmi_jtag/i_dmi_cdc/i_cdc_req/i_dst/data_dst_q_reg[data][16]
  -------------------------------------------------------------------
                         required time                         22.905    
                         arrival time                          -8.441    
  -------------------------------------------------------------------
                         slack                                 14.464    

Slack (MET) :             14.468ns  (required time - arrival time)
  Source:                 i_dmi_jtag/i_dmi_cdc/i_cdc_req/i_src/req_src_q_reg/C
                            (rising edge-triggered cell FDCE clocked by tck  {rise@0.000ns fall@50.000ns period=100.000ns})
  Destination:            i_dmi_jtag/i_dmi_cdc/i_cdc_req/i_dst/req_dst_q_reg/D
                            (rising edge-triggered cell FDCE clocked by clk_out1_xlnx_clk_gen  {rise@0.000ns fall@12.500ns period=25.000ns})
  Path Group:             clk_out1_xlnx_clk_gen
  Path Type:              Setup (Max at Slow Process Corner)
  Requirement:            25.000ns  (clk_out1_xlnx_clk_gen rise@25.000ns - tck rise@0.000ns)
  Data Path Delay:        1.312ns  (logic 0.518ns (39.473%)  route 0.794ns (60.527%))
  Logic Levels:           0  
  Clock Path Skew:        -8.588ns (DCD - SCD + CPR)
    Destination Clock Delay (DCD):    -1.459ns = ( 23.541 - 25.000 ) 
    Source Clock Delay      (SCD):    7.128ns
    Clock Pessimism Removal (CPR):    0.000ns
  Clock Uncertainty:      0.604ns  ((TSJ^2 + TIJ^2 + DJ^2)^1/2) / 2 + PE
    Total System Jitter     (TSJ):    0.071ns
    Total Input Jitter      (TIJ):    1.000ns
    Discrete Jitter          (DJ):    0.149ns
    Phase Error              (PE):    0.097ns
  Clock Domain Crossing:  Inter clock paths are considered valid unless explicitly excluded by timing constraints such as set_clock_groups or set_false_path.

    Location             Delay type                Incr(ns)  Path(ns)    Netlist Resource(s)
  -------------------------------------------------------------------    -------------------
                         (clock tck rise edge)        0.000     0.000 r  
    H15                                               0.000     0.000 r  tck (IN)
                         net (fo=0)                   0.000     0.000    tck
    H15                  IBUF (Prop_ibuf_I_O)         1.500     1.500 r  tck_IBUF_inst/O
                         net (fo=1, routed)           3.659     5.159    tck_IBUF
    BUFGCTRL_X0Y0        BUFG (Prop_bufg_I_O)         0.101     5.260 r  tck_IBUF_BUFG_inst/O
                         net (fo=258, routed)         1.868     7.128    i_dmi_jtag/i_dmi_cdc/i_cdc_req/i_src/CLK
    SLICE_X112Y56        FDCE                                         r  i_dmi_jtag/i_dmi_cdc/i_cdc_req/i_src/req_src_q_reg/C
  -------------------------------------------------------------------    -------------------
    SLICE_X112Y56        FDCE (Prop_fdce_C_Q)         0.518     7.646 r  i_dmi_jtag/i_dmi_cdc/i_cdc_req/i_src/req_src_q_reg/Q
                         net (fo=3, routed)           0.794     8.441    i_dmi_jtag/i_dmi_cdc/i_cdc_req/i_dst/req_dst_q_reg_0
    SLICE_X112Y54        FDCE                                         r  i_dmi_jtag/i_dmi_cdc/i_cdc_req/i_dst/req_dst_q_reg/D
  -------------------------------------------------------------------    -------------------

                         (clock clk_out1_xlnx_clk_gen rise edge)
                                                     25.000    25.000 r  
    K17                                               0.000    25.000 r  clk_sys (IN)
                         net (fo=0)                   0.000    25.000    i_xlnx_clk_gen/inst/clk_in1
    K17                  IBUF (Prop_ibuf_I_O)         1.404    26.404 r  i_xlnx_clk_gen/inst/clkin1_ibufg/O
                         net (fo=1, routed)           1.162    27.566    i_xlnx_clk_gen/inst/clk_in1_xlnx_clk_gen
    MMCME2_ADV_X1Y2      MMCME2_ADV (Prop_mmcme2_adv_CLKIN1_CLKOUT0)
                                                     -7.814    19.752 r  i_xlnx_clk_gen/inst/mmcm_adv_inst/CLKOUT0
                         net (fo=1, routed)           2.012    21.764    i_xlnx_clk_gen/inst/clk_out1_xlnx_clk_gen
    BUFGCTRL_X0Y16       BUFG (Prop_bufg_I_O)         0.091    21.855 r  i_xlnx_clk_gen/inst/clkout1_buf/O
                         net (fo=31820, routed)       1.686    23.541    i_dmi_jtag/i_dmi_cdc/i_cdc_req/i_dst/clk_out1
    SLICE_X112Y54        FDCE                                         r  i_dmi_jtag/i_dmi_cdc/i_cdc_req/i_dst/req_dst_q_reg/C
                         clock pessimism              0.000    23.541    
                         clock uncertainty           -0.604    22.937    
    SLICE_X112Y54        FDCE (Setup_fdce_C_D)       -0.028    22.909    i_dmi_jtag/i_dmi_cdc/i_cdc_req/i_dst/req_dst_q_reg
  -------------------------------------------------------------------
                         required time                         22.909    
                         arrival time                          -8.441    
  -------------------------------------------------------------------
                         slack                                 14.468    

Slack (MET) :             14.494ns  (required time - arrival time)
  Source:                 i_dmi_jtag/i_dmi_cdc/i_cdc_req/i_src/data_src_q_reg[data][24]/C
                            (rising edge-triggered cell FDCE clocked by tck  {rise@0.000ns fall@50.000ns period=100.000ns})
  Destination:            i_dmi_jtag/i_dmi_cdc/i_cdc_req/i_dst/data_dst_q_reg[data][24]/D
                            (rising edge-triggered cell FDCE clocked by clk_out1_xlnx_clk_gen  {rise@0.000ns fall@12.500ns period=25.000ns})
  Path Group:             clk_out1_xlnx_clk_gen
  Path Type:              Setup (Max at Slow Process Corner)
  Requirement:            25.000ns  (clk_out1_xlnx_clk_gen rise@25.000ns - tck rise@0.000ns)
  Data Path Delay:        1.181ns  (logic 0.456ns (38.598%)  route 0.725ns (61.402%))
  Logic Levels:           0  
  Clock Path Skew:        -8.663ns (DCD - SCD + CPR)
    Destination Clock Delay (DCD):    -1.536ns = ( 23.464 - 25.000 ) 
    Source Clock Delay      (SCD):    7.126ns
    Clock Pessimism Removal (CPR):    0.000ns
  Clock Uncertainty:      0.604ns  ((TSJ^2 + TIJ^2 + DJ^2)^1/2) / 2 + PE
    Total System Jitter     (TSJ):    0.071ns
    Total Input Jitter      (TIJ):    1.000ns
    Discrete Jitter          (DJ):    0.149ns
    Phase Error              (PE):    0.097ns
  Clock Domain Crossing:  Inter clock paths are considered valid unless explicitly excluded by timing constraints such as set_clock_groups or set_false_path.

    Location             Delay type                Incr(ns)  Path(ns)    Netlist Resource(s)
  -------------------------------------------------------------------    -------------------
                         (clock tck rise edge)        0.000     0.000 r  
    H15                                               0.000     0.000 r  tck (IN)
                         net (fo=0)                   0.000     0.000    tck
    H15                  IBUF (Prop_ibuf_I_O)         1.500     1.500 r  tck_IBUF_inst/O
                         net (fo=1, routed)           3.659     5.159    tck_IBUF
    BUFGCTRL_X0Y0        BUFG (Prop_bufg_I_O)         0.101     5.260 r  tck_IBUF_BUFG_inst/O
                         net (fo=258, routed)         1.866     7.126    i_dmi_jtag/i_dmi_cdc/i_cdc_req/i_src/CLK
    SLICE_X109Y56        FDCE                                         r  i_dmi_jtag/i_dmi_cdc/i_cdc_req/i_src/data_src_q_reg[data][24]/C
  -------------------------------------------------------------------    -------------------
    SLICE_X109Y56        FDCE (Prop_fdce_C_Q)         0.456     7.582 r  i_dmi_jtag/i_dmi_cdc/i_cdc_req/i_src/data_src_q_reg[data][24]/Q
                         net (fo=1, routed)           0.725     8.308    i_dmi_jtag/i_dmi_cdc/i_cdc_req/i_dst/data_dst_q_reg[data][31]_3[24]
    SLICE_X105Y56        FDCE                                         r  i_dmi_jtag/i_dmi_cdc/i_cdc_req/i_dst/data_dst_q_reg[data][24]/D
  -------------------------------------------------------------------    -------------------

                         (clock clk_out1_xlnx_clk_gen rise edge)
                                                     25.000    25.000 r  
    K17                                               0.000    25.000 r  clk_sys (IN)
                         net (fo=0)                   0.000    25.000    i_xlnx_clk_gen/inst/clk_in1
    K17                  IBUF (Prop_ibuf_I_O)         1.404    26.404 r  i_xlnx_clk_gen/inst/clkin1_ibufg/O
                         net (fo=1, routed)           1.162    27.566    i_xlnx_clk_gen/inst/clk_in1_xlnx_clk_gen
    MMCME2_ADV_X1Y2      MMCME2_ADV (Prop_mmcme2_adv_CLKIN1_CLKOUT0)
                                                     -7.814    19.752 r  i_xlnx_clk_gen/inst/mmcm_adv_inst/CLKOUT0
                         net (fo=1, routed)           2.012    21.764    i_xlnx_clk_gen/inst/clk_out1_xlnx_clk_gen
    BUFGCTRL_X0Y16       BUFG (Prop_bufg_I_O)         0.091    21.855 r  i_xlnx_clk_gen/inst/clkout1_buf/O
                         net (fo=31820, routed)       1.609    23.464    i_dmi_jtag/i_dmi_cdc/i_cdc_req/i_dst/clk_out1
    SLICE_X105Y56        FDCE                                         r  i_dmi_jtag/i_dmi_cdc/i_cdc_req/i_dst/data_dst_q_reg[data][24]/C
                         clock pessimism              0.000    23.464    
                         clock uncertainty           -0.604    22.860    
    SLICE_X105Y56        FDCE (Setup_fdce_C_D)       -0.058    22.802    i_dmi_jtag/i_dmi_cdc/i_cdc_req/i_dst/data_dst_q_reg[data][24]
  -------------------------------------------------------------------
                         required time                         22.802    
                         arrival time                          -8.308    
  -------------------------------------------------------------------
                         slack                                 14.494    

Slack (MET) :             14.496ns  (required time - arrival time)
  Source:                 i_dmi_jtag/i_dmi_cdc/i_cdc_req/i_src/data_src_q_reg[data][6]/C
                            (rising edge-triggered cell FDCE clocked by tck  {rise@0.000ns fall@50.000ns period=100.000ns})
  Destination:            i_dmi_jtag/i_dmi_cdc/i_cdc_req/i_dst/data_dst_q_reg[data][6]/D
                            (rising edge-triggered cell FDCE clocked by clk_out1_xlnx_clk_gen  {rise@0.000ns fall@12.500ns period=25.000ns})
  Path Group:             clk_out1_xlnx_clk_gen
  Path Type:              Setup (Max at Slow Process Corner)
  Requirement:            25.000ns  (clk_out1_xlnx_clk_gen rise@25.000ns - tck rise@0.000ns)
  Data Path Delay:        1.115ns  (logic 0.478ns (42.881%)  route 0.637ns (57.119%))
  Logic Levels:           0  
  Clock Path Skew:        -8.584ns (DCD - SCD + CPR)
    Destination Clock Delay (DCD):    -1.445ns = ( 23.555 - 25.000 ) 
    Source Clock Delay      (SCD):    7.139ns
    Clock Pessimism Removal (CPR):    0.000ns
  Clock Uncertainty:      0.604ns  ((TSJ^2 + TIJ^2 + DJ^2)^1/2) / 2 + PE
    Total System Jitter     (TSJ):    0.071ns
    Total Input Jitter      (TIJ):    1.000ns
    Discrete Jitter          (DJ):    0.149ns
    Phase Error              (PE):    0.097ns
  Clock Domain Crossing:  Inter clock paths are considered valid unless explicitly excluded by timing constraints such as set_clock_groups or set_false_path.

    Location             Delay type                Incr(ns)  Path(ns)    Netlist Resource(s)
  -------------------------------------------------------------------    -------------------
                         (clock tck rise edge)        0.000     0.000 r  
    H15                                               0.000     0.000 r  tck (IN)
                         net (fo=0)                   0.000     0.000    tck
    H15                  IBUF (Prop_ibuf_I_O)         1.500     1.500 r  tck_IBUF_inst/O
                         net (fo=1, routed)           3.659     5.159    tck_IBUF
    BUFGCTRL_X0Y0        BUFG (Prop_bufg_I_O)         0.101     5.260 r  tck_IBUF_BUFG_inst/O
                         net (fo=258, routed)         1.879     7.139    i_dmi_jtag/i_dmi_cdc/i_cdc_req/i_src/CLK
    SLICE_X108Y47        FDCE                                         r  i_dmi_jtag/i_dmi_cdc/i_cdc_req/i_src/data_src_q_reg[data][6]/C
  -------------------------------------------------------------------    -------------------
    SLICE_X108Y47        FDCE (Prop_fdce_C_Q)         0.478     7.617 r  i_dmi_jtag/i_dmi_cdc/i_cdc_req/i_src/data_src_q_reg[data][6]/Q
                         net (fo=1, routed)           0.637     8.254    i_dmi_jtag/i_dmi_cdc/i_cdc_req/i_dst/data_dst_q_reg[data][31]_3[6]
    SLICE_X108Y46        FDCE                                         r  i_dmi_jtag/i_dmi_cdc/i_cdc_req/i_dst/data_dst_q_reg[data][6]/D
  -------------------------------------------------------------------    -------------------

                         (clock clk_out1_xlnx_clk_gen rise edge)
                                                     25.000    25.000 r  
    K17                                               0.000    25.000 r  clk_sys (IN)
                         net (fo=0)                   0.000    25.000    i_xlnx_clk_gen/inst/clk_in1
    K17                  IBUF (Prop_ibuf_I_O)         1.404    26.404 r  i_xlnx_clk_gen/inst/clkin1_ibufg/O
                         net (fo=1, routed)           1.162    27.566    i_xlnx_clk_gen/inst/clk_in1_xlnx_clk_gen
    MMCME2_ADV_X1Y2      MMCME2_ADV (Prop_mmcme2_adv_CLKIN1_CLKOUT0)
                                                     -7.814    19.752 r  i_xlnx_clk_gen/inst/mmcm_adv_inst/CLKOUT0
                         net (fo=1, routed)           2.012    21.764    i_xlnx_clk_gen/inst/clk_out1_xlnx_clk_gen
    BUFGCTRL_X0Y16       BUFG (Prop_bufg_I_O)         0.091    21.855 r  i_xlnx_clk_gen/inst/clkout1_buf/O
                         net (fo=31820, routed)       1.700    23.555    i_dmi_jtag/i_dmi_cdc/i_cdc_req/i_dst/clk_out1
    SLICE_X108Y46        FDCE                                         r  i_dmi_jtag/i_dmi_cdc/i_cdc_req/i_dst/data_dst_q_reg[data][6]/C
                         clock pessimism              0.000    23.555    
                         clock uncertainty           -0.604    22.952    
    SLICE_X108Y46        FDCE (Setup_fdce_C_D)       -0.202    22.750    i_dmi_jtag/i_dmi_cdc/i_cdc_req/i_dst/data_dst_q_reg[data][6]
  -------------------------------------------------------------------
                         required time                         22.750    
                         arrival time                          -8.254    
  -------------------------------------------------------------------
                         slack                                 14.496    

Slack (MET) :             14.500ns  (required time - arrival time)
  Source:                 i_dmi_jtag/i_dmi_cdc/i_cdc_req/i_src/data_src_q_reg[data][22]/C
                            (rising edge-triggered cell FDCE clocked by tck  {rise@0.000ns fall@50.000ns period=100.000ns})
  Destination:            i_dmi_jtag/i_dmi_cdc/i_cdc_req/i_dst/data_dst_q_reg[data][22]/D
                            (rising edge-triggered cell FDCE clocked by clk_out1_xlnx_clk_gen  {rise@0.000ns fall@12.500ns period=25.000ns})
  Path Group:             clk_out1_xlnx_clk_gen
  Path Type:              Setup (Max at Slow Process Corner)
  Requirement:            25.000ns  (clk_out1_xlnx_clk_gen rise@25.000ns - tck rise@0.000ns)
  Data Path Delay:        1.053ns  (logic 0.419ns (39.807%)  route 0.634ns (60.193%))
  Logic Levels:           0  
  Clock Path Skew:        -8.591ns (DCD - SCD + CPR)
    Destination Clock Delay (DCD):    -1.462ns = ( 23.538 - 25.000 ) 
    Source Clock Delay      (SCD):    7.128ns
    Clock Pessimism Removal (CPR):    0.000ns
  Clock Uncertainty:      0.604ns  ((TSJ^2 + TIJ^2 + DJ^2)^1/2) / 2 + PE
    Total System Jitter     (TSJ):    0.071ns
    Total Input Jitter      (TIJ):    1.000ns
    Discrete Jitter          (DJ):    0.149ns
    Phase Error              (PE):    0.097ns
  Clock Domain Crossing:  Inter clock paths are considered valid unless explicitly excluded by timing constraints such as set_clock_groups or set_false_path.

    Location             Delay type                Incr(ns)  Path(ns)    Netlist Resource(s)
  -------------------------------------------------------------------    -------------------
                         (clock tck rise edge)        0.000     0.000 r  
    H15                                               0.000     0.000 r  tck (IN)
                         net (fo=0)                   0.000     0.000    tck
    H15                  IBUF (Prop_ibuf_I_O)         1.500     1.500 r  tck_IBUF_inst/O
                         net (fo=1, routed)           3.659     5.159    tck_IBUF
    BUFGCTRL_X0Y0        BUFG (Prop_bufg_I_O)         0.101     5.260 r  tck_IBUF_BUFG_inst/O
                         net (fo=258, routed)         1.868     7.128    i_dmi_jtag/i_dmi_cdc/i_cdc_req/i_src/CLK
    SLICE_X110Y56        FDCE                                         r  i_dmi_jtag/i_dmi_cdc/i_cdc_req/i_src/data_src_q_reg[data][22]/C
  -------------------------------------------------------------------    -------------------
    SLICE_X110Y56        FDCE (Prop_fdce_C_Q)         0.419     7.547 r  i_dmi_jtag/i_dmi_cdc/i_cdc_req/i_src/data_src_q_reg[data][22]/Q
                         net (fo=1, routed)           0.634     8.181    i_dmi_jtag/i_dmi_cdc/i_cdc_req/i_dst/data_dst_q_reg[data][31]_3[22]
    SLICE_X106Y54        FDCE                                         r  i_dmi_jtag/i_dmi_cdc/i_cdc_req/i_dst/data_dst_q_reg[data][22]/D
  -------------------------------------------------------------------    -------------------

                         (clock clk_out1_xlnx_clk_gen rise edge)
                                                     25.000    25.000 r  
    K17                                               0.000    25.000 r  clk_sys (IN)
                         net (fo=0)                   0.000    25.000    i_xlnx_clk_gen/inst/clk_in1
    K17                  IBUF (Prop_ibuf_I_O)         1.404    26.404 r  i_xlnx_clk_gen/inst/clkin1_ibufg/O
                         net (fo=1, routed)           1.162    27.566    i_xlnx_clk_gen/inst/clk_in1_xlnx_clk_gen
    MMCME2_ADV_X1Y2      MMCME2_ADV (Prop_mmcme2_adv_CLKIN1_CLKOUT0)
                                                     -7.814    19.752 r  i_xlnx_clk_gen/inst/mmcm_adv_inst/CLKOUT0
                         net (fo=1, routed)           2.012    21.764    i_xlnx_clk_gen/inst/clk_out1_xlnx_clk_gen
    BUFGCTRL_X0Y16       BUFG (Prop_bufg_I_O)         0.091    21.855 r  i_xlnx_clk_gen/inst/clkout1_buf/O
                         net (fo=31820, routed)       1.683    23.538    i_dmi_jtag/i_dmi_cdc/i_cdc_req/i_dst/clk_out1
    SLICE_X106Y54        FDCE                                         r  i_dmi_jtag/i_dmi_cdc/i_cdc_req/i_dst/data_dst_q_reg[data][22]/C
                         clock pessimism              0.000    23.538    
                         clock uncertainty           -0.604    22.934    
    SLICE_X106Y54        FDCE (Setup_fdce_C_D)       -0.253    22.681    i_dmi_jtag/i_dmi_cdc/i_cdc_req/i_dst/data_dst_q_reg[data][22]
  -------------------------------------------------------------------
                         required time                         22.681    
                         arrival time                          -8.181    
  -------------------------------------------------------------------
                         slack                                 14.500    





Min Delay Paths
--------------------------------------------------------------------------------------
Slack (MET) :             2.835ns  (arrival time - required time)
  Source:                 i_dmi_jtag/i_dmi_cdc/i_cdc_req/i_src/data_src_q_reg[addr][3]/C
                            (rising edge-triggered cell FDCE clocked by tck  {rise@0.000ns fall@50.000ns period=100.000ns})
  Destination:            i_dmi_jtag/i_dmi_cdc/i_cdc_req/i_dst/data_dst_q_reg[addr][3]/D
                            (rising edge-triggered cell FDCE clocked by clk_out1_xlnx_clk_gen  {rise@0.000ns fall@12.500ns period=25.000ns})
  Path Group:             clk_out1_xlnx_clk_gen
  Path Type:              Hold (Min at Fast Process Corner)
  Requirement:            0.000ns  (clk_out1_xlnx_clk_gen rise@0.000ns - tck rise@0.000ns)
  Data Path Delay:        0.256ns  (logic 0.141ns (55.067%)  route 0.115ns (44.933%))
  Logic Levels:           0  
  Clock Path Skew:        -3.258ns (DCD - SCD - CPR)
    Destination Clock Delay (DCD):    -0.810ns
    Source Clock Delay      (SCD):    2.448ns
    Clock Pessimism Removal (CPR):    -0.000ns
  Clock Uncertainty:      0.604ns  ((TSJ^2 + TIJ^2 + DJ^2)^1/2) / 2 + PE
    Total System Jitter     (TSJ):    0.071ns
    Total Input Jitter      (TIJ):    1.000ns
    Discrete Jitter          (DJ):    0.149ns
    Phase Error              (PE):    0.097ns
  Clock Domain Crossing:  Inter clock paths are considered valid unless explicitly excluded by timing constraints such as set_clock_groups or set_false_path.

    Location             Delay type                Incr(ns)  Path(ns)    Netlist Resource(s)
  -------------------------------------------------------------------    -------------------
                         (clock tck rise edge)        0.000     0.000 r  
    H15                                               0.000     0.000 r  tck (IN)
                         net (fo=0)                   0.000     0.000    tck
    H15                  IBUF (Prop_ibuf_I_O)         0.268     0.268 r  tck_IBUF_inst/O
                         net (fo=1, routed)           1.516     1.784    tck_IBUF
    BUFGCTRL_X0Y0        BUFG (Prop_bufg_I_O)         0.026     1.810 r  tck_IBUF_BUFG_inst/O
                         net (fo=258, routed)         0.638     2.448    i_dmi_jtag/i_dmi_cdc/i_cdc_req/i_src/CLK
    SLICE_X110Y56        FDCE                                         r  i_dmi_jtag/i_dmi_cdc/i_cdc_req/i_src/data_src_q_reg[addr][3]/C
  -------------------------------------------------------------------    -------------------
    SLICE_X110Y56        FDCE (Prop_fdce_C_Q)         0.141     2.589 r  i_dmi_jtag/i_dmi_cdc/i_cdc_req/i_src/data_src_q_reg[addr][3]/Q
                         net (fo=1, routed)           0.115     2.704    i_dmi_jtag/i_dmi_cdc/i_cdc_req/i_dst/data_dst_q_reg[addr][6]_1[3]
    SLICE_X108Y55        FDCE                                         r  i_dmi_jtag/i_dmi_cdc/i_cdc_req/i_dst/data_dst_q_reg[addr][3]/D
  -------------------------------------------------------------------    -------------------

                         (clock clk_out1_xlnx_clk_gen rise edge)
                                                      0.000     0.000 r  
    K17                                               0.000     0.000 r  clk_sys (IN)
                         net (fo=0)                   0.000     0.000    i_xlnx_clk_gen/inst/clk_in1
    K17                  IBUF (Prop_ibuf_I_O)         0.431     0.431 r  i_xlnx_clk_gen/inst/clkin1_ibufg/O
                         net (fo=1, routed)           0.480     0.911    i_xlnx_clk_gen/inst/clk_in1_xlnx_clk_gen
    MMCME2_ADV_X1Y2      MMCME2_ADV (Prop_mmcme2_adv_CLKIN1_CLKOUT0)
                                                     -3.407    -2.496 r  i_xlnx_clk_gen/inst/mmcm_adv_inst/CLKOUT0
                         net (fo=1, routed)           0.752    -1.744    i_xlnx_clk_gen/inst/clk_out1_xlnx_clk_gen
    BUFGCTRL_X0Y16       BUFG (Prop_bufg_I_O)         0.029    -1.715 r  i_xlnx_clk_gen/inst/clkout1_buf/O
                         net (fo=31820, routed)       0.905    -0.810    i_dmi_jtag/i_dmi_cdc/i_cdc_req/i_dst/clk_out1
    SLICE_X108Y55        FDCE                                         r  i_dmi_jtag/i_dmi_cdc/i_cdc_req/i_dst/data_dst_q_reg[addr][3]/C
                         clock pessimism              0.000    -0.810    
                         clock uncertainty            0.604    -0.207    
    SLICE_X108Y55        FDCE (Hold_fdce_C_D)         0.076    -0.131    i_dmi_jtag/i_dmi_cdc/i_cdc_req/i_dst/data_dst_q_reg[addr][3]
  -------------------------------------------------------------------
                         required time                          0.131    
                         arrival time                           2.704    
  -------------------------------------------------------------------
                         slack                                  2.835    

Slack (MET) :             2.840ns  (arrival time - required time)
  Source:                 i_dmi_jtag/i_dmi_cdc/i_cdc_req/i_src/data_src_q_reg[data][29]/C
                            (rising edge-triggered cell FDCE clocked by tck  {rise@0.000ns fall@50.000ns period=100.000ns})
  Destination:            i_dmi_jtag/i_dmi_cdc/i_cdc_req/i_dst/data_dst_q_reg[data][29]/D
                            (rising edge-triggered cell FDCE clocked by clk_out1_xlnx_clk_gen  {rise@0.000ns fall@12.500ns period=25.000ns})
  Path Group:             clk_out1_xlnx_clk_gen
  Path Type:              Hold (Min at Fast Process Corner)
  Requirement:            0.000ns  (clk_out1_xlnx_clk_gen rise@0.000ns - tck rise@0.000ns)
  Data Path Delay:        0.257ns  (logic 0.141ns (54.785%)  route 0.116ns (45.215%))
  Logic Levels:           0  
  Clock Path Skew:        -3.258ns (DCD - SCD - CPR)
    Destination Clock Delay (DCD):    -0.810ns
    Source Clock Delay      (SCD):    2.448ns
    Clock Pessimism Removal (CPR):    -0.000ns
  Clock Uncertainty:      0.604ns  ((TSJ^2 + TIJ^2 + DJ^2)^1/2) / 2 + PE
    Total System Jitter     (TSJ):    0.071ns
    Total Input Jitter      (TIJ):    1.000ns
    Discrete Jitter          (DJ):    0.149ns
    Phase Error              (PE):    0.097ns
  Clock Domain Crossing:  Inter clock paths are considered valid unless explicitly excluded by timing constraints such as set_clock_groups or set_false_path.

    Location             Delay type                Incr(ns)  Path(ns)    Netlist Resource(s)
  -------------------------------------------------------------------    -------------------
                         (clock tck rise edge)        0.000     0.000 r  
    H15                                               0.000     0.000 r  tck (IN)
                         net (fo=0)                   0.000     0.000    tck
    H15                  IBUF (Prop_ibuf_I_O)         0.268     0.268 r  tck_IBUF_inst/O
                         net (fo=1, routed)           1.516     1.784    tck_IBUF
    BUFGCTRL_X0Y0        BUFG (Prop_bufg_I_O)         0.026     1.810 r  tck_IBUF_BUFG_inst/O
                         net (fo=258, routed)         0.638     2.448    i_dmi_jtag/i_dmi_cdc/i_cdc_req/i_src/CLK
    SLICE_X111Y54        FDCE                                         r  i_dmi_jtag/i_dmi_cdc/i_cdc_req/i_src/data_src_q_reg[data][29]/C
  -------------------------------------------------------------------    -------------------
    SLICE_X111Y54        FDCE (Prop_fdce_C_Q)         0.141     2.589 r  i_dmi_jtag/i_dmi_cdc/i_cdc_req/i_src/data_src_q_reg[data][29]/Q
                         net (fo=1, routed)           0.116     2.705    i_dmi_jtag/i_dmi_cdc/i_cdc_req/i_dst/data_dst_q_reg[data][31]_3[29]
    SLICE_X109Y54        FDCE                                         r  i_dmi_jtag/i_dmi_cdc/i_cdc_req/i_dst/data_dst_q_reg[data][29]/D
  -------------------------------------------------------------------    -------------------

                         (clock clk_out1_xlnx_clk_gen rise edge)
                                                      0.000     0.000 r  
    K17                                               0.000     0.000 r  clk_sys (IN)
                         net (fo=0)                   0.000     0.000    i_xlnx_clk_gen/inst/clk_in1
    K17                  IBUF (Prop_ibuf_I_O)         0.431     0.431 r  i_xlnx_clk_gen/inst/clkin1_ibufg/O
                         net (fo=1, routed)           0.480     0.911    i_xlnx_clk_gen/inst/clk_in1_xlnx_clk_gen
    MMCME2_ADV_X1Y2      MMCME2_ADV (Prop_mmcme2_adv_CLKIN1_CLKOUT0)
                                                     -3.407    -2.496 r  i_xlnx_clk_gen/inst/mmcm_adv_inst/CLKOUT0
                         net (fo=1, routed)           0.752    -1.744    i_xlnx_clk_gen/inst/clk_out1_xlnx_clk_gen
    BUFGCTRL_X0Y16       BUFG (Prop_bufg_I_O)         0.029    -1.715 r  i_xlnx_clk_gen/inst/clkout1_buf/O
                         net (fo=31820, routed)       0.905    -0.810    i_dmi_jtag/i_dmi_cdc/i_cdc_req/i_dst/clk_out1
    SLICE_X109Y54        FDCE                                         r  i_dmi_jtag/i_dmi_cdc/i_cdc_req/i_dst/data_dst_q_reg[data][29]/C
                         clock pessimism              0.000    -0.810    
                         clock uncertainty            0.604    -0.207    
    SLICE_X109Y54        FDCE (Hold_fdce_C_D)         0.072    -0.135    i_dmi_jtag/i_dmi_cdc/i_cdc_req/i_dst/data_dst_q_reg[data][29]
  -------------------------------------------------------------------
                         required time                          0.135    
                         arrival time                           2.705    
  -------------------------------------------------------------------
                         slack                                  2.840    

Slack (MET) :             2.842ns  (arrival time - required time)
  Source:                 i_dmi_jtag/i_dmi_cdc/i_cdc_req/i_src/data_src_q_reg[addr][4]/C
                            (rising edge-triggered cell FDCE clocked by tck  {rise@0.000ns fall@50.000ns period=100.000ns})
  Destination:            i_dmi_jtag/i_dmi_cdc/i_cdc_req/i_dst/data_dst_q_reg[addr][4]/D
                            (rising edge-triggered cell FDCE clocked by clk_out1_xlnx_clk_gen  {rise@0.000ns fall@12.500ns period=25.000ns})
  Path Group:             clk_out1_xlnx_clk_gen
  Path Type:              Hold (Min at Fast Process Corner)
  Requirement:            0.000ns  (clk_out1_xlnx_clk_gen rise@0.000ns - tck rise@0.000ns)
  Data Path Delay:        0.261ns  (logic 0.141ns (54.008%)  route 0.120ns (45.991%))
  Logic Levels:           0  
  Clock Path Skew:        -3.259ns (DCD - SCD - CPR)
    Destination Clock Delay (DCD):    -0.811ns
    Source Clock Delay      (SCD):    2.448ns
    Clock Pessimism Removal (CPR):    -0.000ns
  Clock Uncertainty:      0.604ns  ((TSJ^2 + TIJ^2 + DJ^2)^1/2) / 2 + PE
    Total System Jitter     (TSJ):    0.071ns
    Total Input Jitter      (TIJ):    1.000ns
    Discrete Jitter          (DJ):    0.149ns
    Phase Error              (PE):    0.097ns
  Clock Domain Crossing:  Inter clock paths are considered valid unless explicitly excluded by timing constraints such as set_clock_groups or set_false_path.

    Location             Delay type                Incr(ns)  Path(ns)    Netlist Resource(s)
  -------------------------------------------------------------------    -------------------
                         (clock tck rise edge)        0.000     0.000 r  
    H15                                               0.000     0.000 r  tck (IN)
                         net (fo=0)                   0.000     0.000    tck
    H15                  IBUF (Prop_ibuf_I_O)         0.268     0.268 r  tck_IBUF_inst/O
                         net (fo=1, routed)           1.516     1.784    tck_IBUF
    BUFGCTRL_X0Y0        BUFG (Prop_bufg_I_O)         0.026     1.810 r  tck_IBUF_BUFG_inst/O
                         net (fo=258, routed)         0.638     2.448    i_dmi_jtag/i_dmi_cdc/i_cdc_req/i_src/CLK
    SLICE_X110Y56        FDCE                                         r  i_dmi_jtag/i_dmi_cdc/i_cdc_req/i_src/data_src_q_reg[addr][4]/C
  -------------------------------------------------------------------    -------------------
    SLICE_X110Y56        FDCE (Prop_fdce_C_Q)         0.141     2.589 r  i_dmi_jtag/i_dmi_cdc/i_cdc_req/i_src/data_src_q_reg[addr][4]/Q
                         net (fo=1, routed)           0.120     2.709    i_dmi_jtag/i_dmi_cdc/i_cdc_req/i_dst/data_dst_q_reg[addr][6]_1[4]
    SLICE_X108Y57        FDCE                                         r  i_dmi_jtag/i_dmi_cdc/i_cdc_req/i_dst/data_dst_q_reg[addr][4]/D
  -------------------------------------------------------------------    -------------------

                         (clock clk_out1_xlnx_clk_gen rise edge)
                                                      0.000     0.000 r  
    K17                                               0.000     0.000 r  clk_sys (IN)
                         net (fo=0)                   0.000     0.000    i_xlnx_clk_gen/inst/clk_in1
    K17                  IBUF (Prop_ibuf_I_O)         0.431     0.431 r  i_xlnx_clk_gen/inst/clkin1_ibufg/O
                         net (fo=1, routed)           0.480     0.911    i_xlnx_clk_gen/inst/clk_in1_xlnx_clk_gen
    MMCME2_ADV_X1Y2      MMCME2_ADV (Prop_mmcme2_adv_CLKIN1_CLKOUT0)
                                                     -3.407    -2.496 r  i_xlnx_clk_gen/inst/mmcm_adv_inst/CLKOUT0
                         net (fo=1, routed)           0.752    -1.744    i_xlnx_clk_gen/inst/clk_out1_xlnx_clk_gen
    BUFGCTRL_X0Y16       BUFG (Prop_bufg_I_O)         0.029    -1.715 r  i_xlnx_clk_gen/inst/clkout1_buf/O
                         net (fo=31820, routed)       0.904    -0.811    i_dmi_jtag/i_dmi_cdc/i_cdc_req/i_dst/clk_out1
    SLICE_X108Y57        FDCE                                         r  i_dmi_jtag/i_dmi_cdc/i_cdc_req/i_dst/data_dst_q_reg[addr][4]/C
                         clock pessimism              0.000    -0.811    
                         clock uncertainty            0.604    -0.208    
    SLICE_X108Y57        FDCE (Hold_fdce_C_D)         0.075    -0.133    i_dmi_jtag/i_dmi_cdc/i_cdc_req/i_dst/data_dst_q_reg[addr][4]
  -------------------------------------------------------------------
                         required time                          0.133    
                         arrival time                           2.709    
  -------------------------------------------------------------------
                         slack                                  2.842    

Slack (MET) :             2.846ns  (arrival time - required time)
  Source:                 i_dmi_jtag/i_dmi_cdc/i_cdc_req/i_src/data_src_q_reg[data][2]/C
                            (rising edge-triggered cell FDCE clocked by tck  {rise@0.000ns fall@50.000ns period=100.000ns})
  Destination:            i_dmi_jtag/i_dmi_cdc/i_cdc_req/i_dst/data_dst_q_reg[data][2]/D
                            (rising edge-triggered cell FDCE clocked by clk_out1_xlnx_clk_gen  {rise@0.000ns fall@12.500ns period=25.000ns})
  Path Group:             clk_out1_xlnx_clk_gen
  Path Type:              Hold (Min at Fast Process Corner)
  Requirement:            0.000ns  (clk_out1_xlnx_clk_gen rise@0.000ns - tck rise@0.000ns)
  Data Path Delay:        0.272ns  (logic 0.164ns (60.256%)  route 0.108ns (39.744%))
  Logic Levels:           0  
  Clock Path Skew:        -3.253ns (DCD - SCD - CPR)
    Destination Clock Delay (DCD):    -0.803ns
    Source Clock Delay      (SCD):    2.450ns
    Clock Pessimism Removal (CPR):    -0.000ns
  Clock Uncertainty:      0.604ns  ((TSJ^2 + TIJ^2 + DJ^2)^1/2) / 2 + PE
    Total System Jitter     (TSJ):    0.071ns
    Total Input Jitter      (TIJ):    1.000ns
    Discrete Jitter          (DJ):    0.149ns
    Phase Error              (PE):    0.097ns
  Clock Domain Crossing:  Inter clock paths are considered valid unless explicitly excluded by timing constraints such as set_clock_groups or set_false_path.

    Location             Delay type                Incr(ns)  Path(ns)    Netlist Resource(s)
  -------------------------------------------------------------------    -------------------
                         (clock tck rise edge)        0.000     0.000 r  
    H15                                               0.000     0.000 r  tck (IN)
                         net (fo=0)                   0.000     0.000    tck
    H15                  IBUF (Prop_ibuf_I_O)         0.268     0.268 r  tck_IBUF_inst/O
                         net (fo=1, routed)           1.516     1.784    tck_IBUF
    BUFGCTRL_X0Y0        BUFG (Prop_bufg_I_O)         0.026     1.810 r  tck_IBUF_BUFG_inst/O
                         net (fo=258, routed)         0.640     2.450    i_dmi_jtag/i_dmi_cdc/i_cdc_req/i_src/CLK
    SLICE_X108Y47        FDCE                                         r  i_dmi_jtag/i_dmi_cdc/i_cdc_req/i_src/data_src_q_reg[data][2]/C
  -------------------------------------------------------------------    -------------------
    SLICE_X108Y47        FDCE (Prop_fdce_C_Q)         0.164     2.614 r  i_dmi_jtag/i_dmi_cdc/i_cdc_req/i_src/data_src_q_reg[data][2]/Q
                         net (fo=1, routed)           0.108     2.722    i_dmi_jtag/i_dmi_cdc/i_cdc_req/i_dst/data_dst_q_reg[data][31]_3[2]
    SLICE_X108Y46        FDCE                                         r  i_dmi_jtag/i_dmi_cdc/i_cdc_req/i_dst/data_dst_q_reg[data][2]/D
  -------------------------------------------------------------------    -------------------

                         (clock clk_out1_xlnx_clk_gen rise edge)
                                                      0.000     0.000 r  
    K17                                               0.000     0.000 r  clk_sys (IN)
                         net (fo=0)                   0.000     0.000    i_xlnx_clk_gen/inst/clk_in1
    K17                  IBUF (Prop_ibuf_I_O)         0.431     0.431 r  i_xlnx_clk_gen/inst/clkin1_ibufg/O
                         net (fo=1, routed)           0.480     0.911    i_xlnx_clk_gen/inst/clk_in1_xlnx_clk_gen
    MMCME2_ADV_X1Y2      MMCME2_ADV (Prop_mmcme2_adv_CLKIN1_CLKOUT0)
                                                     -3.407    -2.496 r  i_xlnx_clk_gen/inst/mmcm_adv_inst/CLKOUT0
                         net (fo=1, routed)           0.752    -1.744    i_xlnx_clk_gen/inst/clk_out1_xlnx_clk_gen
    BUFGCTRL_X0Y16       BUFG (Prop_bufg_I_O)         0.029    -1.715 r  i_xlnx_clk_gen/inst/clkout1_buf/O
                         net (fo=31820, routed)       0.912    -0.803    i_dmi_jtag/i_dmi_cdc/i_cdc_req/i_dst/clk_out1
    SLICE_X108Y46        FDCE                                         r  i_dmi_jtag/i_dmi_cdc/i_cdc_req/i_dst/data_dst_q_reg[data][2]/C
                         clock pessimism              0.000    -0.803    
                         clock uncertainty            0.604    -0.200    
    SLICE_X108Y46        FDCE (Hold_fdce_C_D)         0.076    -0.124    i_dmi_jtag/i_dmi_cdc/i_cdc_req/i_dst/data_dst_q_reg[data][2]
  -------------------------------------------------------------------
                         required time                          0.124    
                         arrival time                           2.722    
  -------------------------------------------------------------------
                         slack                                  2.846    

Slack (MET) :             2.853ns  (arrival time - required time)
  Source:                 i_dmi_jtag/i_dmi_cdc/i_cdc_req/i_src/data_src_q_reg[addr][2]/C
                            (rising edge-triggered cell FDCE clocked by tck  {rise@0.000ns fall@50.000ns period=100.000ns})
  Destination:            i_dmi_jtag/i_dmi_cdc/i_cdc_req/i_dst/data_dst_q_reg[addr][2]/D
                            (rising edge-triggered cell FDCE clocked by clk_out1_xlnx_clk_gen  {rise@0.000ns fall@12.500ns period=25.000ns})
  Path Group:             clk_out1_xlnx_clk_gen
  Path Type:              Hold (Min at Fast Process Corner)
  Requirement:            0.000ns  (clk_out1_xlnx_clk_gen rise@0.000ns - tck rise@0.000ns)
  Data Path Delay:        0.271ns  (logic 0.164ns (60.547%)  route 0.107ns (39.453%))
  Logic Levels:           0  
  Clock Path Skew:        -3.255ns (DCD - SCD - CPR)
    Destination Clock Delay (DCD):    -0.807ns
    Source Clock Delay      (SCD):    2.448ns
    Clock Pessimism Removal (CPR):    -0.000ns
  Clock Uncertainty:      0.604ns  ((TSJ^2 + TIJ^2 + DJ^2)^1/2) / 2 + PE
    Total System Jitter     (TSJ):    0.071ns
    Total Input Jitter      (TIJ):    1.000ns
    Discrete Jitter          (DJ):    0.149ns
    Phase Error              (PE):    0.097ns
  Clock Domain Crossing:  Inter clock paths are considered valid unless explicitly excluded by timing constraints such as set_clock_groups or set_false_path.

    Location             Delay type                Incr(ns)  Path(ns)    Netlist Resource(s)
  -------------------------------------------------------------------    -------------------
                         (clock tck rise edge)        0.000     0.000 r  
    H15                                               0.000     0.000 r  tck (IN)
                         net (fo=0)                   0.000     0.000    tck
    H15                  IBUF (Prop_ibuf_I_O)         0.268     0.268 r  tck_IBUF_inst/O
                         net (fo=1, routed)           1.516     1.784    tck_IBUF
    BUFGCTRL_X0Y0        BUFG (Prop_bufg_I_O)         0.026     1.810 r  tck_IBUF_BUFG_inst/O
                         net (fo=258, routed)         0.638     2.448    i_dmi_jtag/i_dmi_cdc/i_cdc_req/i_src/CLK
    SLICE_X112Y53        FDCE                                         r  i_dmi_jtag/i_dmi_cdc/i_cdc_req/i_src/data_src_q_reg[addr][2]/C
  -------------------------------------------------------------------    -------------------
    SLICE_X112Y53        FDCE (Prop_fdce_C_Q)         0.164     2.612 r  i_dmi_jtag/i_dmi_cdc/i_cdc_req/i_src/data_src_q_reg[addr][2]/Q
                         net (fo=1, routed)           0.107     2.719    i_dmi_jtag/i_dmi_cdc/i_cdc_req/i_dst/data_dst_q_reg[addr][6]_1[2]
    SLICE_X110Y53        FDCE                                         r  i_dmi_jtag/i_dmi_cdc/i_cdc_req/i_dst/data_dst_q_reg[addr][2]/D
  -------------------------------------------------------------------    -------------------

                         (clock clk_out1_xlnx_clk_gen rise edge)
                                                      0.000     0.000 r  
    K17                                               0.000     0.000 r  clk_sys (IN)
                         net (fo=0)                   0.000     0.000    i_xlnx_clk_gen/inst/clk_in1
    K17                  IBUF (Prop_ibuf_I_O)         0.431     0.431 r  i_xlnx_clk_gen/inst/clkin1_ibufg/O
                         net (fo=1, routed)           0.480     0.911    i_xlnx_clk_gen/inst/clk_in1_xlnx_clk_gen
    MMCME2_ADV_X1Y2      MMCME2_ADV (Prop_mmcme2_adv_CLKIN1_CLKOUT0)
                                                     -3.407    -2.496 r  i_xlnx_clk_gen/inst/mmcm_adv_inst/CLKOUT0
                         net (fo=1, routed)           0.752    -1.744    i_xlnx_clk_gen/inst/clk_out1_xlnx_clk_gen
    BUFGCTRL_X0Y16       BUFG (Prop_bufg_I_O)         0.029    -1.715 r  i_xlnx_clk_gen/inst/clkout1_buf/O
                         net (fo=31820, routed)       0.908    -0.807    i_dmi_jtag/i_dmi_cdc/i_cdc_req/i_dst/clk_out1
    SLICE_X110Y53        FDCE                                         r  i_dmi_jtag/i_dmi_cdc/i_cdc_req/i_dst/data_dst_q_reg[addr][2]/C
                         clock pessimism              0.000    -0.807    
                         clock uncertainty            0.604    -0.204    
    SLICE_X110Y53        FDCE (Hold_fdce_C_D)         0.070    -0.134    i_dmi_jtag/i_dmi_cdc/i_cdc_req/i_dst/data_dst_q_reg[addr][2]
  -------------------------------------------------------------------
                         required time                          0.134    
                         arrival time                           2.719    
  -------------------------------------------------------------------
                         slack                                  2.853    

Slack (MET) :             2.877ns  (arrival time - required time)
  Source:                 i_dmi_jtag/i_dmi_cdc/i_cdc_req/i_src/data_src_q_reg[data][8]/C
                            (rising edge-triggered cell FDCE clocked by tck  {rise@0.000ns fall@50.000ns period=100.000ns})
  Destination:            i_dmi_jtag/i_dmi_cdc/i_cdc_req/i_dst/data_dst_q_reg[data][8]/D
                            (rising edge-triggered cell FDCE clocked by clk_out1_xlnx_clk_gen  {rise@0.000ns fall@12.500ns period=25.000ns})
  Path Group:             clk_out1_xlnx_clk_gen
  Path Type:              Hold (Min at Fast Process Corner)
  Requirement:            0.000ns  (clk_out1_xlnx_clk_gen rise@0.000ns - tck rise@0.000ns)
  Data Path Delay:        0.245ns  (logic 0.128ns (52.310%)  route 0.117ns (47.690%))
  Logic Levels:           0  
  Clock Path Skew:        -3.255ns (DCD - SCD - CPR)
    Destination Clock Delay (DCD):    -0.807ns
    Source Clock Delay      (SCD):    2.448ns
    Clock Pessimism Removal (CPR):    -0.000ns
  Clock Uncertainty:      0.604ns  ((TSJ^2 + TIJ^2 + DJ^2)^1/2) / 2 + PE
    Total System Jitter     (TSJ):    0.071ns
    Total Input Jitter      (TIJ):    1.000ns
    Discrete Jitter          (DJ):    0.149ns
    Phase Error              (PE):    0.097ns
  Clock Domain Crossing:  Inter clock paths are considered valid unless explicitly excluded by timing constraints such as set_clock_groups or set_false_path.

    Location             Delay type                Incr(ns)  Path(ns)    Netlist Resource(s)
  -------------------------------------------------------------------    -------------------
                         (clock tck rise edge)        0.000     0.000 r  
    H15                                               0.000     0.000 r  tck (IN)
                         net (fo=0)                   0.000     0.000    tck
    H15                  IBUF (Prop_ibuf_I_O)         0.268     0.268 r  tck_IBUF_inst/O
                         net (fo=1, routed)           1.516     1.784    tck_IBUF
    BUFGCTRL_X0Y0        BUFG (Prop_bufg_I_O)         0.026     1.810 r  tck_IBUF_BUFG_inst/O
                         net (fo=258, routed)         0.638     2.448    i_dmi_jtag/i_dmi_cdc/i_cdc_req/i_src/CLK
    SLICE_X111Y54        FDCE                                         r  i_dmi_jtag/i_dmi_cdc/i_cdc_req/i_src/data_src_q_reg[data][8]/C
  -------------------------------------------------------------------    -------------------
    SLICE_X111Y54        FDCE (Prop_fdce_C_Q)         0.128     2.576 r  i_dmi_jtag/i_dmi_cdc/i_cdc_req/i_src/data_src_q_reg[data][8]/Q
                         net (fo=1, routed)           0.117     2.693    i_dmi_jtag/i_dmi_cdc/i_cdc_req/i_dst/data_dst_q_reg[data][31]_3[8]
    SLICE_X110Y53        FDCE                                         r  i_dmi_jtag/i_dmi_cdc/i_cdc_req/i_dst/data_dst_q_reg[data][8]/D
  -------------------------------------------------------------------    -------------------

                         (clock clk_out1_xlnx_clk_gen rise edge)
                                                      0.000     0.000 r  
    K17                                               0.000     0.000 r  clk_sys (IN)
                         net (fo=0)                   0.000     0.000    i_xlnx_clk_gen/inst/clk_in1
    K17                  IBUF (Prop_ibuf_I_O)         0.431     0.431 r  i_xlnx_clk_gen/inst/clkin1_ibufg/O
                         net (fo=1, routed)           0.480     0.911    i_xlnx_clk_gen/inst/clk_in1_xlnx_clk_gen
    MMCME2_ADV_X1Y2      MMCME2_ADV (Prop_mmcme2_adv_CLKIN1_CLKOUT0)
                                                     -3.407    -2.496 r  i_xlnx_clk_gen/inst/mmcm_adv_inst/CLKOUT0
                         net (fo=1, routed)           0.752    -1.744    i_xlnx_clk_gen/inst/clk_out1_xlnx_clk_gen
    BUFGCTRL_X0Y16       BUFG (Prop_bufg_I_O)         0.029    -1.715 r  i_xlnx_clk_gen/inst/clkout1_buf/O
                         net (fo=31820, routed)       0.908    -0.807    i_dmi_jtag/i_dmi_cdc/i_cdc_req/i_dst/clk_out1
    SLICE_X110Y53        FDCE                                         r  i_dmi_jtag/i_dmi_cdc/i_cdc_req/i_dst/data_dst_q_reg[data][8]/C
                         clock pessimism              0.000    -0.807    
                         clock uncertainty            0.604    -0.204    
    SLICE_X110Y53        FDCE (Hold_fdce_C_D)         0.019    -0.185    i_dmi_jtag/i_dmi_cdc/i_cdc_req/i_dst/data_dst_q_reg[data][8]
  -------------------------------------------------------------------
                         required time                          0.185    
                         arrival time                           2.693    
  -------------------------------------------------------------------
                         slack                                  2.877    

Slack (MET) :             2.895ns  (arrival time - required time)
  Source:                 i_dmi_jtag/i_dmi_cdc/i_cdc_req/i_src/data_src_q_reg[data][28]/C
                            (rising edge-triggered cell FDCE clocked by tck  {rise@0.000ns fall@50.000ns period=100.000ns})
  Destination:            i_dmi_jtag/i_dmi_cdc/i_cdc_req/i_dst/data_dst_q_reg[data][28]/D
                            (rising edge-triggered cell FDCE clocked by clk_out1_xlnx_clk_gen  {rise@0.000ns fall@12.500ns period=25.000ns})
  Path Group:             clk_out1_xlnx_clk_gen
  Path Type:              Hold (Min at Fast Process Corner)
  Requirement:            0.000ns  (clk_out1_xlnx_clk_gen rise@0.000ns - tck rise@0.000ns)
  Data Path Delay:        0.310ns  (logic 0.141ns (45.479%)  route 0.169ns (54.521%))
  Logic Levels:           0  
  Clock Path Skew:        -3.258ns (DCD - SCD - CPR)
    Destination Clock Delay (DCD):    -0.810ns
    Source Clock Delay      (SCD):    2.448ns
    Clock Pessimism Removal (CPR):    -0.000ns
  Clock Uncertainty:      0.604ns  ((TSJ^2 + TIJ^2 + DJ^2)^1/2) / 2 + PE
    Total System Jitter     (TSJ):    0.071ns
    Total Input Jitter      (TIJ):    1.000ns
    Discrete Jitter          (DJ):    0.149ns
    Phase Error              (PE):    0.097ns
  Clock Domain Crossing:  Inter clock paths are considered valid unless explicitly excluded by timing constraints such as set_clock_groups or set_false_path.

    Location             Delay type                Incr(ns)  Path(ns)    Netlist Resource(s)
  -------------------------------------------------------------------    -------------------
                         (clock tck rise edge)        0.000     0.000 r  
    H15                                               0.000     0.000 r  tck (IN)
                         net (fo=0)                   0.000     0.000    tck
    H15                  IBUF (Prop_ibuf_I_O)         0.268     0.268 r  tck_IBUF_inst/O
                         net (fo=1, routed)           1.516     1.784    tck_IBUF
    BUFGCTRL_X0Y0        BUFG (Prop_bufg_I_O)         0.026     1.810 r  tck_IBUF_BUFG_inst/O
                         net (fo=258, routed)         0.638     2.448    i_dmi_jtag/i_dmi_cdc/i_cdc_req/i_src/CLK
    SLICE_X111Y54        FDCE                                         r  i_dmi_jtag/i_dmi_cdc/i_cdc_req/i_src/data_src_q_reg[data][28]/C
  -------------------------------------------------------------------    -------------------
    SLICE_X111Y54        FDCE (Prop_fdce_C_Q)         0.141     2.589 r  i_dmi_jtag/i_dmi_cdc/i_cdc_req/i_src/data_src_q_reg[data][28]/Q
                         net (fo=1, routed)           0.169     2.758    i_dmi_jtag/i_dmi_cdc/i_cdc_req/i_dst/data_dst_q_reg[data][31]_3[28]
    SLICE_X109Y54        FDCE                                         r  i_dmi_jtag/i_dmi_cdc/i_cdc_req/i_dst/data_dst_q_reg[data][28]/D
  -------------------------------------------------------------------    -------------------

                         (clock clk_out1_xlnx_clk_gen rise edge)
                                                      0.000     0.000 r  
    K17                                               0.000     0.000 r  clk_sys (IN)
                         net (fo=0)                   0.000     0.000    i_xlnx_clk_gen/inst/clk_in1
    K17                  IBUF (Prop_ibuf_I_O)         0.431     0.431 r  i_xlnx_clk_gen/inst/clkin1_ibufg/O
                         net (fo=1, routed)           0.480     0.911    i_xlnx_clk_gen/inst/clk_in1_xlnx_clk_gen
    MMCME2_ADV_X1Y2      MMCME2_ADV (Prop_mmcme2_adv_CLKIN1_CLKOUT0)
                                                     -3.407    -2.496 r  i_xlnx_clk_gen/inst/mmcm_adv_inst/CLKOUT0
                         net (fo=1, routed)           0.752    -1.744    i_xlnx_clk_gen/inst/clk_out1_xlnx_clk_gen
    BUFGCTRL_X0Y16       BUFG (Prop_bufg_I_O)         0.029    -1.715 r  i_xlnx_clk_gen/inst/clkout1_buf/O
                         net (fo=31820, routed)       0.905    -0.810    i_dmi_jtag/i_dmi_cdc/i_cdc_req/i_dst/clk_out1
    SLICE_X109Y54        FDCE                                         r  i_dmi_jtag/i_dmi_cdc/i_cdc_req/i_dst/data_dst_q_reg[data][28]/C
                         clock pessimism              0.000    -0.810    
                         clock uncertainty            0.604    -0.207    
    SLICE_X109Y54        FDCE (Hold_fdce_C_D)         0.070    -0.137    i_dmi_jtag/i_dmi_cdc/i_cdc_req/i_dst/data_dst_q_reg[data][28]
  -------------------------------------------------------------------
                         required time                          0.137    
                         arrival time                           2.758    
  -------------------------------------------------------------------
                         slack                                  2.895    

Slack (MET) :             2.896ns  (arrival time - required time)
  Source:                 i_dmi_jtag/i_dmi_cdc/i_cdc_req/i_src/data_src_q_reg[data][10]/C
                            (rising edge-triggered cell FDCE clocked by tck  {rise@0.000ns fall@50.000ns period=100.000ns})
  Destination:            i_dmi_jtag/i_dmi_cdc/i_cdc_req/i_dst/data_dst_q_reg[data][10]/D
                            (rising edge-triggered cell FDCE clocked by clk_out1_xlnx_clk_gen  {rise@0.000ns fall@12.500ns period=25.000ns})
  Path Group:             clk_out1_xlnx_clk_gen
  Path Type:              Hold (Min at Fast Process Corner)
  Requirement:            0.000ns  (clk_out1_xlnx_clk_gen rise@0.000ns - tck rise@0.000ns)
  Data Path Delay:        0.317ns  (logic 0.164ns (51.712%)  route 0.153ns (48.288%))
  Logic Levels:           0  
  Clock Path Skew:        -3.252ns (DCD - SCD - CPR)
    Destination Clock Delay (DCD):    -0.802ns
    Source Clock Delay      (SCD):    2.450ns
    Clock Pessimism Removal (CPR):    -0.000ns
  Clock Uncertainty:      0.604ns  ((TSJ^2 + TIJ^2 + DJ^2)^1/2) / 2 + PE
    Total System Jitter     (TSJ):    0.071ns
    Total Input Jitter      (TIJ):    1.000ns
    Discrete Jitter          (DJ):    0.149ns
    Phase Error              (PE):    0.097ns
  Clock Domain Crossing:  Inter clock paths are considered valid unless explicitly excluded by timing constraints such as set_clock_groups or set_false_path.

    Location             Delay type                Incr(ns)  Path(ns)    Netlist Resource(s)
  -------------------------------------------------------------------    -------------------
                         (clock tck rise edge)        0.000     0.000 r  
    H15                                               0.000     0.000 r  tck (IN)
                         net (fo=0)                   0.000     0.000    tck
    H15                  IBUF (Prop_ibuf_I_O)         0.268     0.268 r  tck_IBUF_inst/O
                         net (fo=1, routed)           1.516     1.784    tck_IBUF
    BUFGCTRL_X0Y0        BUFG (Prop_bufg_I_O)         0.026     1.810 r  tck_IBUF_BUFG_inst/O
                         net (fo=258, routed)         0.640     2.450    i_dmi_jtag/i_dmi_cdc/i_cdc_req/i_src/CLK
    SLICE_X108Y47        FDCE                                         r  i_dmi_jtag/i_dmi_cdc/i_cdc_req/i_src/data_src_q_reg[data][10]/C
  -------------------------------------------------------------------    -------------------
    SLICE_X108Y47        FDCE (Prop_fdce_C_Q)         0.164     2.614 r  i_dmi_jtag/i_dmi_cdc/i_cdc_req/i_src/data_src_q_reg[data][10]/Q
                         net (fo=1, routed)           0.153     2.767    i_dmi_jtag/i_dmi_cdc/i_cdc_req/i_dst/data_dst_q_reg[data][31]_3[10]
    SLICE_X107Y47        FDCE                                         r  i_dmi_jtag/i_dmi_cdc/i_cdc_req/i_dst/data_dst_q_reg[data][10]/D
  -------------------------------------------------------------------    -------------------

                         (clock clk_out1_xlnx_clk_gen rise edge)
                                                      0.000     0.000 r  
    K17                                               0.000     0.000 r  clk_sys (IN)
                         net (fo=0)                   0.000     0.000    i_xlnx_clk_gen/inst/clk_in1
    K17                  IBUF (Prop_ibuf_I_O)         0.431     0.431 r  i_xlnx_clk_gen/inst/clkin1_ibufg/O
                         net (fo=1, routed)           0.480     0.911    i_xlnx_clk_gen/inst/clk_in1_xlnx_clk_gen
    MMCME2_ADV_X1Y2      MMCME2_ADV (Prop_mmcme2_adv_CLKIN1_CLKOUT0)
                                                     -3.407    -2.496 r  i_xlnx_clk_gen/inst/mmcm_adv_inst/CLKOUT0
                         net (fo=1, routed)           0.752    -1.744    i_xlnx_clk_gen/inst/clk_out1_xlnx_clk_gen
    BUFGCTRL_X0Y16       BUFG (Prop_bufg_I_O)         0.029    -1.715 r  i_xlnx_clk_gen/inst/clkout1_buf/O
                         net (fo=31820, routed)       0.913    -0.802    i_dmi_jtag/i_dmi_cdc/i_cdc_req/i_dst/clk_out1
    SLICE_X107Y47        FDCE                                         r  i_dmi_jtag/i_dmi_cdc/i_cdc_req/i_dst/data_dst_q_reg[data][10]/C
                         clock pessimism              0.000    -0.802    
                         clock uncertainty            0.604    -0.199    
    SLICE_X107Y47        FDCE (Hold_fdce_C_D)         0.070    -0.129    i_dmi_jtag/i_dmi_cdc/i_cdc_req/i_dst/data_dst_q_reg[data][10]
  -------------------------------------------------------------------
                         required time                          0.129    
                         arrival time                           2.767    
  -------------------------------------------------------------------
                         slack                                  2.896    

Slack (MET) :             2.903ns  (arrival time - required time)
  Source:                 i_dmi_jtag/i_dmi_cdc/i_cdc_req/i_src/data_src_q_reg[data][7]/C
                            (rising edge-triggered cell FDCE clocked by tck  {rise@0.000ns fall@50.000ns period=100.000ns})
  Destination:            i_dmi_jtag/i_dmi_cdc/i_cdc_req/i_dst/data_dst_q_reg[data][7]/D
                            (rising edge-triggered cell FDCE clocked by clk_out1_xlnx_clk_gen  {rise@0.000ns fall@12.500ns period=25.000ns})
  Path Group:             clk_out1_xlnx_clk_gen
  Path Type:              Hold (Min at Fast Process Corner)
  Requirement:            0.000ns  (clk_out1_xlnx_clk_gen rise@0.000ns - tck rise@0.000ns)
  Data Path Delay:        0.265ns  (logic 0.148ns (55.918%)  route 0.117ns (44.082%))
  Logic Levels:           0  
  Clock Path Skew:        -3.253ns (DCD - SCD - CPR)
    Destination Clock Delay (DCD):    -0.803ns
    Source Clock Delay      (SCD):    2.450ns
    Clock Pessimism Removal (CPR):    -0.000ns
  Clock Uncertainty:      0.604ns  ((TSJ^2 + TIJ^2 + DJ^2)^1/2) / 2 + PE
    Total System Jitter     (TSJ):    0.071ns
    Total Input Jitter      (TIJ):    1.000ns
    Discrete Jitter          (DJ):    0.149ns
    Phase Error              (PE):    0.097ns
  Clock Domain Crossing:  Inter clock paths are considered valid unless explicitly excluded by timing constraints such as set_clock_groups or set_false_path.

    Location             Delay type                Incr(ns)  Path(ns)    Netlist Resource(s)
  -------------------------------------------------------------------    -------------------
                         (clock tck rise edge)        0.000     0.000 r  
    H15                                               0.000     0.000 r  tck (IN)
                         net (fo=0)                   0.000     0.000    tck
    H15                  IBUF (Prop_ibuf_I_O)         0.268     0.268 r  tck_IBUF_inst/O
                         net (fo=1, routed)           1.516     1.784    tck_IBUF
    BUFGCTRL_X0Y0        BUFG (Prop_bufg_I_O)         0.026     1.810 r  tck_IBUF_BUFG_inst/O
                         net (fo=258, routed)         0.640     2.450    i_dmi_jtag/i_dmi_cdc/i_cdc_req/i_src/CLK
    SLICE_X108Y47        FDCE                                         r  i_dmi_jtag/i_dmi_cdc/i_cdc_req/i_src/data_src_q_reg[data][7]/C
  -------------------------------------------------------------------    -------------------
    SLICE_X108Y47        FDCE (Prop_fdce_C_Q)         0.148     2.598 r  i_dmi_jtag/i_dmi_cdc/i_cdc_req/i_src/data_src_q_reg[data][7]/Q
                         net (fo=1, routed)           0.117     2.714    i_dmi_jtag/i_dmi_cdc/i_cdc_req/i_dst/data_dst_q_reg[data][31]_3[7]
    SLICE_X108Y46        FDCE                                         r  i_dmi_jtag/i_dmi_cdc/i_cdc_req/i_dst/data_dst_q_reg[data][7]/D
  -------------------------------------------------------------------    -------------------

                         (clock clk_out1_xlnx_clk_gen rise edge)
                                                      0.000     0.000 r  
    K17                                               0.000     0.000 r  clk_sys (IN)
                         net (fo=0)                   0.000     0.000    i_xlnx_clk_gen/inst/clk_in1
    K17                  IBUF (Prop_ibuf_I_O)         0.431     0.431 r  i_xlnx_clk_gen/inst/clkin1_ibufg/O
                         net (fo=1, routed)           0.480     0.911    i_xlnx_clk_gen/inst/clk_in1_xlnx_clk_gen
    MMCME2_ADV_X1Y2      MMCME2_ADV (Prop_mmcme2_adv_CLKIN1_CLKOUT0)
                                                     -3.407    -2.496 r  i_xlnx_clk_gen/inst/mmcm_adv_inst/CLKOUT0
                         net (fo=1, routed)           0.752    -1.744    i_xlnx_clk_gen/inst/clk_out1_xlnx_clk_gen
    BUFGCTRL_X0Y16       BUFG (Prop_bufg_I_O)         0.029    -1.715 r  i_xlnx_clk_gen/inst/clkout1_buf/O
                         net (fo=31820, routed)       0.912    -0.803    i_dmi_jtag/i_dmi_cdc/i_cdc_req/i_dst/clk_out1
    SLICE_X108Y46        FDCE                                         r  i_dmi_jtag/i_dmi_cdc/i_cdc_req/i_dst/data_dst_q_reg[data][7]/C
                         clock pessimism              0.000    -0.803    
                         clock uncertainty            0.604    -0.200    
    SLICE_X108Y46        FDCE (Hold_fdce_C_D)         0.011    -0.189    i_dmi_jtag/i_dmi_cdc/i_cdc_req/i_dst/data_dst_q_reg[data][7]
  -------------------------------------------------------------------
                         required time                          0.189    
                         arrival time                           2.714    
  -------------------------------------------------------------------
                         slack                                  2.903    

Slack (MET) :             2.904ns  (arrival time - required time)
  Source:                 i_dmi_jtag/i_dmi_cdc/i_cdc_req/i_src/data_src_q_reg[data][3]/C
                            (rising edge-triggered cell FDCE clocked by tck  {rise@0.000ns fall@50.000ns period=100.000ns})
  Destination:            i_dmi_jtag/i_dmi_cdc/i_cdc_req/i_dst/data_dst_q_reg[data][3]/D
                            (rising edge-triggered cell FDCE clocked by clk_out1_xlnx_clk_gen  {rise@0.000ns fall@12.500ns period=25.000ns})
  Path Group:             clk_out1_xlnx_clk_gen
  Path Type:              Hold (Min at Fast Process Corner)
  Requirement:            0.000ns  (clk_out1_xlnx_clk_gen rise@0.000ns - tck rise@0.000ns)
  Data Path Delay:        0.330ns  (logic 0.164ns (49.690%)  route 0.166ns (50.310%))
  Logic Levels:           0  
  Clock Path Skew:        -3.253ns (DCD - SCD - CPR)
    Destination Clock Delay (DCD):    -0.803ns
    Source Clock Delay      (SCD):    2.450ns
    Clock Pessimism Removal (CPR):    -0.000ns
  Clock Uncertainty:      0.604ns  ((TSJ^2 + TIJ^2 + DJ^2)^1/2) / 2 + PE
    Total System Jitter     (TSJ):    0.071ns
    Total Input Jitter      (TIJ):    1.000ns
    Discrete Jitter          (DJ):    0.149ns
    Phase Error              (PE):    0.097ns
  Clock Domain Crossing:  Inter clock paths are considered valid unless explicitly excluded by timing constraints such as set_clock_groups or set_false_path.

    Location             Delay type                Incr(ns)  Path(ns)    Netlist Resource(s)
  -------------------------------------------------------------------    -------------------
                         (clock tck rise edge)        0.000     0.000 r  
    H15                                               0.000     0.000 r  tck (IN)
                         net (fo=0)                   0.000     0.000    tck
    H15                  IBUF (Prop_ibuf_I_O)         0.268     0.268 r  tck_IBUF_inst/O
                         net (fo=1, routed)           1.516     1.784    tck_IBUF
    BUFGCTRL_X0Y0        BUFG (Prop_bufg_I_O)         0.026     1.810 r  tck_IBUF_BUFG_inst/O
                         net (fo=258, routed)         0.640     2.450    i_dmi_jtag/i_dmi_cdc/i_cdc_req/i_src/CLK
    SLICE_X108Y47        FDCE                                         r  i_dmi_jtag/i_dmi_cdc/i_cdc_req/i_src/data_src_q_reg[data][3]/C
  -------------------------------------------------------------------    -------------------
    SLICE_X108Y47        FDCE (Prop_fdce_C_Q)         0.164     2.614 r  i_dmi_jtag/i_dmi_cdc/i_cdc_req/i_src/data_src_q_reg[data][3]/Q
                         net (fo=1, routed)           0.166     2.780    i_dmi_jtag/i_dmi_cdc/i_cdc_req/i_dst/data_dst_q_reg[data][31]_3[3]
    SLICE_X108Y46        FDCE                                         r  i_dmi_jtag/i_dmi_cdc/i_cdc_req/i_dst/data_dst_q_reg[data][3]/D
  -------------------------------------------------------------------    -------------------

                         (clock clk_out1_xlnx_clk_gen rise edge)
                                                      0.000     0.000 r  
    K17                                               0.000     0.000 r  clk_sys (IN)
                         net (fo=0)                   0.000     0.000    i_xlnx_clk_gen/inst/clk_in1
    K17                  IBUF (Prop_ibuf_I_O)         0.431     0.431 r  i_xlnx_clk_gen/inst/clkin1_ibufg/O
                         net (fo=1, routed)           0.480     0.911    i_xlnx_clk_gen/inst/clk_in1_xlnx_clk_gen
    MMCME2_ADV_X1Y2      MMCME2_ADV (Prop_mmcme2_adv_CLKIN1_CLKOUT0)
                                                     -3.407    -2.496 r  i_xlnx_clk_gen/inst/mmcm_adv_inst/CLKOUT0
                         net (fo=1, routed)           0.752    -1.744    i_xlnx_clk_gen/inst/clk_out1_xlnx_clk_gen
    BUFGCTRL_X0Y16       BUFG (Prop_bufg_I_O)         0.029    -1.715 r  i_xlnx_clk_gen/inst/clkout1_buf/O
                         net (fo=31820, routed)       0.912    -0.803    i_dmi_jtag/i_dmi_cdc/i_cdc_req/i_dst/clk_out1
    SLICE_X108Y46        FDCE                                         r  i_dmi_jtag/i_dmi_cdc/i_cdc_req/i_dst/data_dst_q_reg[data][3]/C
                         clock pessimism              0.000    -0.803    
                         clock uncertainty            0.604    -0.200    
    SLICE_X108Y46        FDCE (Hold_fdce_C_D)         0.076    -0.124    i_dmi_jtag/i_dmi_cdc/i_cdc_req/i_dst/data_dst_q_reg[data][3]
  -------------------------------------------------------------------
                         required time                          0.124    
                         arrival time                           2.780    
  -------------------------------------------------------------------
                         slack                                  2.904    





---------------------------------------------------------------------------------------------------
From Clock:  clk_out1_xlnx_clk_gen
  To Clock:  tck

Setup :            0  Failing Endpoints,  Worst Slack       18.478ns,  Total Violation        0.000ns
Hold  :           NA  Failing Endpoints,  Worst Slack           NA  ,  Total Violation           NA
---------------------------------------------------------------------------------------------------


Max Delay Paths
--------------------------------------------------------------------------------------
Slack (MET) :             18.478ns  (required time - arrival time)
  Source:                 i_dmi_jtag/i_dmi_cdc/i_cdc_resp/i_src/data_src_q_reg[data][11]/C
                            (rising edge-triggered cell FDCE clocked by clk_out1_xlnx_clk_gen  {rise@0.000ns fall@12.500ns period=25.000ns})
  Destination:            i_dmi_jtag/i_dmi_cdc/i_cdc_resp/i_dst/data_dst_q_reg[data][11]/D
                            (rising edge-triggered cell FDCE clocked by tck  {rise@0.000ns fall@50.000ns period=100.000ns})
  Path Group:             tck
  Path Type:              Setup (Max at Slow Process Corner)
  Requirement:            20.000ns  (MaxDelay Path 20.000ns)
  Data Path Delay:        1.284ns  (logic 0.478ns (37.241%)  route 0.806ns (62.759%))
  Logic Levels:           0  
  Timing Exception:       MaxDelay Path 20.000ns -datapath_only

    Location             Delay type                Incr(ns)  Path(ns)    Netlist Resource(s)
  -------------------------------------------------------------------    -------------------
    SLICE_X112Y44                                     0.000     0.000 r  i_dmi_jtag/i_dmi_cdc/i_cdc_resp/i_src/data_src_q_reg[data][11]/C
    SLICE_X112Y44        FDCE (Prop_fdce_C_Q)         0.478     0.478 r  i_dmi_jtag/i_dmi_cdc/i_cdc_resp/i_src/data_src_q_reg[data][11]/Q
                         net (fo=1, routed)           0.806     1.284    i_dmi_jtag/i_dmi_cdc/i_cdc_resp/i_dst/D[11]
    SLICE_X111Y45        FDCE                                         r  i_dmi_jtag/i_dmi_cdc/i_cdc_resp/i_dst/data_dst_q_reg[data][11]/D
  -------------------------------------------------------------------    -------------------

                         max delay                   20.000    20.000    
    SLICE_X111Y45        FDCE (Setup_fdce_C_D)       -0.238    19.762    i_dmi_jtag/i_dmi_cdc/i_cdc_resp/i_dst/data_dst_q_reg[data][11]
  -------------------------------------------------------------------
                         required time                         19.762    
                         arrival time                          -1.284    
  -------------------------------------------------------------------
                         slack                                 18.478    

Slack (MET) :             18.590ns  (required time - arrival time)
  Source:                 i_dmi_jtag/i_dmi_cdc/i_cdc_req/i_dst/ack_dst_q_reg/C
                            (rising edge-triggered cell FDCE clocked by clk_out1_xlnx_clk_gen  {rise@0.000ns fall@12.500ns period=25.000ns})
  Destination:            i_dmi_jtag/i_dmi_cdc/i_cdc_req/i_src/ack_src_q_reg/D
                            (rising edge-triggered cell FDCE clocked by tck  {rise@0.000ns fall@50.000ns period=100.000ns})
  Path Group:             tck
  Path Type:              Setup (Max at Slow Process Corner)
  Requirement:            20.000ns  (MaxDelay Path 20.000ns)
  Data Path Delay:        1.380ns  (logic 0.456ns (33.038%)  route 0.924ns (66.962%))
  Logic Levels:           0  
  Timing Exception:       MaxDelay Path 20.000ns -datapath_only

    Location             Delay type                Incr(ns)  Path(ns)    Netlist Resource(s)
  -------------------------------------------------------------------    -------------------
    SLICE_X113Y54                                     0.000     0.000 r  i_dmi_jtag/i_dmi_cdc/i_cdc_req/i_dst/ack_dst_q_reg/C
    SLICE_X113Y54        FDCE (Prop_fdce_C_Q)         0.456     0.456 r  i_dmi_jtag/i_dmi_cdc/i_cdc_req/i_dst/ack_dst_q_reg/Q
                         net (fo=11, routed)          0.924     1.380    i_dmi_jtag/i_dmi_cdc/i_cdc_req/i_src/ack_src_q_reg_0
    SLICE_X112Y58        FDCE                                         r  i_dmi_jtag/i_dmi_cdc/i_cdc_req/i_src/ack_src_q_reg/D
  -------------------------------------------------------------------    -------------------

                         max delay                   20.000    20.000    
    SLICE_X112Y58        FDCE (Setup_fdce_C_D)       -0.030    19.970    i_dmi_jtag/i_dmi_cdc/i_cdc_req/i_src/ack_src_q_reg
  -------------------------------------------------------------------
                         required time                         19.970    
                         arrival time                          -1.380    
  -------------------------------------------------------------------
                         slack                                 18.590    

Slack (MET) :             18.640ns  (required time - arrival time)
  Source:                 i_dmi_jtag/i_dmi_cdc/i_cdc_resp/i_src/data_src_q_reg[data][2]/C
                            (rising edge-triggered cell FDCE clocked by clk_out1_xlnx_clk_gen  {rise@0.000ns fall@12.500ns period=25.000ns})
  Destination:            i_dmi_jtag/i_dmi_cdc/i_cdc_resp/i_dst/data_dst_q_reg[data][2]/D
                            (rising edge-triggered cell FDCE clocked by tck  {rise@0.000ns fall@50.000ns period=100.000ns})
  Path Group:             tck
  Path Type:              Setup (Max at Slow Process Corner)
  Requirement:            20.000ns  (MaxDelay Path 20.000ns)
  Data Path Delay:        1.268ns  (logic 0.456ns (35.955%)  route 0.812ns (64.045%))
  Logic Levels:           0  
  Timing Exception:       MaxDelay Path 20.000ns -datapath_only

    Location             Delay type                Incr(ns)  Path(ns)    Netlist Resource(s)
  -------------------------------------------------------------------    -------------------
    SLICE_X110Y43                                     0.000     0.000 r  i_dmi_jtag/i_dmi_cdc/i_cdc_resp/i_src/data_src_q_reg[data][2]/C
    SLICE_X110Y43        FDCE (Prop_fdce_C_Q)         0.456     0.456 r  i_dmi_jtag/i_dmi_cdc/i_cdc_resp/i_src/data_src_q_reg[data][2]/Q
                         net (fo=1, routed)           0.812     1.268    i_dmi_jtag/i_dmi_cdc/i_cdc_resp/i_dst/D[2]
    SLICE_X110Y50        FDCE                                         r  i_dmi_jtag/i_dmi_cdc/i_cdc_resp/i_dst/data_dst_q_reg[data][2]/D
  -------------------------------------------------------------------    -------------------

                         max delay                   20.000    20.000    
    SLICE_X110Y50        FDCE (Setup_fdce_C_D)       -0.092    19.908    i_dmi_jtag/i_dmi_cdc/i_cdc_resp/i_dst/data_dst_q_reg[data][2]
  -------------------------------------------------------------------
                         required time                         19.908    
                         arrival time                          -1.268    
  -------------------------------------------------------------------
                         slack                                 18.640    

Slack (MET) :             18.640ns  (required time - arrival time)
  Source:                 i_dmi_jtag/i_dmi_cdc/i_cdc_resp/i_src/data_src_q_reg[data][15]/C
                            (rising edge-triggered cell FDCE clocked by clk_out1_xlnx_clk_gen  {rise@0.000ns fall@12.500ns period=25.000ns})
  Destination:            i_dmi_jtag/i_dmi_cdc/i_cdc_resp/i_dst/data_dst_q_reg[data][15]/D
                            (rising edge-triggered cell FDCE clocked by tck  {rise@0.000ns fall@50.000ns period=100.000ns})
  Path Group:             tck
  Path Type:              Setup (Max at Slow Process Corner)
  Requirement:            20.000ns  (MaxDelay Path 20.000ns)
  Data Path Delay:        1.092ns  (logic 0.419ns (38.362%)  route 0.673ns (61.638%))
  Logic Levels:           0  
  Timing Exception:       MaxDelay Path 20.000ns -datapath_only

    Location             Delay type                Incr(ns)  Path(ns)    Netlist Resource(s)
  -------------------------------------------------------------------    -------------------
    SLICE_X110Y54                                     0.000     0.000 r  i_dmi_jtag/i_dmi_cdc/i_cdc_resp/i_src/data_src_q_reg[data][15]/C
    SLICE_X110Y54        FDCE (Prop_fdce_C_Q)         0.419     0.419 r  i_dmi_jtag/i_dmi_cdc/i_cdc_resp/i_src/data_src_q_reg[data][15]/Q
                         net (fo=1, routed)           0.673     1.092    i_dmi_jtag/i_dmi_cdc/i_cdc_resp/i_dst/D[15]
    SLICE_X110Y50        FDCE                                         r  i_dmi_jtag/i_dmi_cdc/i_cdc_resp/i_dst/data_dst_q_reg[data][15]/D
  -------------------------------------------------------------------    -------------------

                         max delay                   20.000    20.000    
    SLICE_X110Y50        FDCE (Setup_fdce_C_D)       -0.268    19.732    i_dmi_jtag/i_dmi_cdc/i_cdc_resp/i_dst/data_dst_q_reg[data][15]
  -------------------------------------------------------------------
                         required time                         19.732    
                         arrival time                          -1.092    
  -------------------------------------------------------------------
                         slack                                 18.640    

Slack (MET) :             18.652ns  (required time - arrival time)
  Source:                 i_dmi_jtag/i_dmi_cdc/i_cdc_resp/i_src/req_src_q_reg/C
                            (rising edge-triggered cell FDCE clocked by clk_out1_xlnx_clk_gen  {rise@0.000ns fall@12.500ns period=25.000ns})
  Destination:            i_dmi_jtag/i_dmi_cdc/i_cdc_resp/i_dst/req_dst_q_reg/D
                            (rising edge-triggered cell FDCE clocked by tck  {rise@0.000ns fall@50.000ns period=100.000ns})
  Path Group:             tck
  Path Type:              Setup (Max at Slow Process Corner)
  Requirement:            20.000ns  (MaxDelay Path 20.000ns)
  Data Path Delay:        1.245ns  (logic 0.456ns (36.624%)  route 0.789ns (63.376%))
  Logic Levels:           0  
  Timing Exception:       MaxDelay Path 20.000ns -datapath_only

    Location             Delay type                Incr(ns)  Path(ns)    Netlist Resource(s)
  -------------------------------------------------------------------    -------------------
    SLICE_X111Y50                                     0.000     0.000 r  i_dmi_jtag/i_dmi_cdc/i_cdc_resp/i_src/req_src_q_reg/C
    SLICE_X111Y50        FDCE (Prop_fdce_C_Q)         0.456     0.456 r  i_dmi_jtag/i_dmi_cdc/i_cdc_resp/i_src/req_src_q_reg/Q
                         net (fo=6, routed)           0.789     1.245    i_dmi_jtag/i_dmi_cdc/i_cdc_resp/i_dst/req_dst_q_reg_0
    SLICE_X113Y50        FDCE                                         r  i_dmi_jtag/i_dmi_cdc/i_cdc_resp/i_dst/req_dst_q_reg/D
  -------------------------------------------------------------------    -------------------

                         max delay                   20.000    20.000    
    SLICE_X113Y50        FDCE (Setup_fdce_C_D)       -0.103    19.897    i_dmi_jtag/i_dmi_cdc/i_cdc_resp/i_dst/req_dst_q_reg
  -------------------------------------------------------------------
                         required time                         19.897    
                         arrival time                          -1.245    
  -------------------------------------------------------------------
                         slack                                 18.652    

Slack (MET) :             18.670ns  (required time - arrival time)
  Source:                 i_dmi_jtag/i_dmi_cdc/i_cdc_resp/i_src/data_src_q_reg[data][1]/C
                            (rising edge-triggered cell FDCE clocked by clk_out1_xlnx_clk_gen  {rise@0.000ns fall@12.500ns period=25.000ns})
  Destination:            i_dmi_jtag/i_dmi_cdc/i_cdc_resp/i_dst/data_dst_q_reg[data][1]/D
                            (rising edge-triggered cell FDCE clocked by tck  {rise@0.000ns fall@50.000ns period=100.000ns})
  Path Group:             tck
  Path Type:              Setup (Max at Slow Process Corner)
  Requirement:            20.000ns  (MaxDelay Path 20.000ns)
  Data Path Delay:        1.092ns  (logic 0.478ns (43.765%)  route 0.614ns (56.235%))
  Logic Levels:           0  
  Timing Exception:       MaxDelay Path 20.000ns -datapath_only

    Location             Delay type                Incr(ns)  Path(ns)    Netlist Resource(s)
  -------------------------------------------------------------------    -------------------
    SLICE_X112Y52                                     0.000     0.000 r  i_dmi_jtag/i_dmi_cdc/i_cdc_resp/i_src/data_src_q_reg[data][1]/C
    SLICE_X112Y52        FDCE (Prop_fdce_C_Q)         0.478     0.478 r  i_dmi_jtag/i_dmi_cdc/i_cdc_resp/i_src/data_src_q_reg[data][1]/Q
                         net (fo=1, routed)           0.614     1.092    i_dmi_jtag/i_dmi_cdc/i_cdc_resp/i_dst/D[1]
    SLICE_X113Y55        FDCE                                         r  i_dmi_jtag/i_dmi_cdc/i_cdc_resp/i_dst/data_dst_q_reg[data][1]/D
  -------------------------------------------------------------------    -------------------

                         max delay                   20.000    20.000    
    SLICE_X113Y55        FDCE (Setup_fdce_C_D)       -0.238    19.762    i_dmi_jtag/i_dmi_cdc/i_cdc_resp/i_dst/data_dst_q_reg[data][1]
  -------------------------------------------------------------------
                         required time                         19.762    
                         arrival time                          -1.092    
  -------------------------------------------------------------------
                         slack                                 18.670    

Slack (MET) :             18.688ns  (required time - arrival time)
  Source:                 i_dmi_jtag/i_dmi_cdc/i_cdc_resp/i_src/data_src_q_reg[data][8]/C
                            (rising edge-triggered cell FDCE clocked by clk_out1_xlnx_clk_gen  {rise@0.000ns fall@12.500ns period=25.000ns})
  Destination:            i_dmi_jtag/i_dmi_cdc/i_cdc_resp/i_dst/data_dst_q_reg[data][8]/D
                            (rising edge-triggered cell FDCE clocked by tck  {rise@0.000ns fall@50.000ns period=100.000ns})
  Path Group:             tck
  Path Type:              Setup (Max at Slow Process Corner)
  Requirement:            20.000ns  (MaxDelay Path 20.000ns)
  Data Path Delay:        1.250ns  (logic 0.456ns (36.478%)  route 0.794ns (63.522%))
  Logic Levels:           0  
  Timing Exception:       MaxDelay Path 20.000ns -datapath_only

    Location             Delay type                Incr(ns)  Path(ns)    Netlist Resource(s)
  -------------------------------------------------------------------    -------------------
    SLICE_X111Y50                                     0.000     0.000 r  i_dmi_jtag/i_dmi_cdc/i_cdc_resp/i_src/data_src_q_reg[data][8]/C
    SLICE_X111Y50        FDCE (Prop_fdce_C_Q)         0.456     0.456 r  i_dmi_jtag/i_dmi_cdc/i_cdc_resp/i_src/data_src_q_reg[data][8]/Q
                         net (fo=1, routed)           0.794     1.250    i_dmi_jtag/i_dmi_cdc/i_cdc_resp/i_dst/D[8]
    SLICE_X110Y50        FDCE                                         r  i_dmi_jtag/i_dmi_cdc/i_cdc_resp/i_dst/data_dst_q_reg[data][8]/D
  -------------------------------------------------------------------    -------------------

                         max delay                   20.000    20.000    
    SLICE_X110Y50        FDCE (Setup_fdce_C_D)       -0.062    19.938    i_dmi_jtag/i_dmi_cdc/i_cdc_resp/i_dst/data_dst_q_reg[data][8]
  -------------------------------------------------------------------
                         required time                         19.938    
                         arrival time                          -1.250    
  -------------------------------------------------------------------
                         slack                                 18.688    

Slack (MET) :             18.716ns  (required time - arrival time)
  Source:                 i_dmi_jtag/i_dmi_cdc/i_cdc_resp/i_src/data_src_q_reg[data][4]/C
                            (rising edge-triggered cell FDCE clocked by clk_out1_xlnx_clk_gen  {rise@0.000ns fall@12.500ns period=25.000ns})
  Destination:            i_dmi_jtag/i_dmi_cdc/i_cdc_resp/i_dst/data_dst_q_reg[data][4]/D
                            (rising edge-triggered cell FDCE clocked by tck  {rise@0.000ns fall@50.000ns period=100.000ns})
  Path Group:             tck
  Path Type:              Setup (Max at Slow Process Corner)
  Requirement:            20.000ns  (MaxDelay Path 20.000ns)
  Data Path Delay:        1.223ns  (logic 0.456ns (37.282%)  route 0.767ns (62.718%))
  Logic Levels:           0  
  Timing Exception:       MaxDelay Path 20.000ns -datapath_only

    Location             Delay type                Incr(ns)  Path(ns)    Netlist Resource(s)
  -------------------------------------------------------------------    -------------------
    SLICE_X110Y43                                     0.000     0.000 r  i_dmi_jtag/i_dmi_cdc/i_cdc_resp/i_src/data_src_q_reg[data][4]/C
    SLICE_X110Y43        FDCE (Prop_fdce_C_Q)         0.456     0.456 r  i_dmi_jtag/i_dmi_cdc/i_cdc_resp/i_src/data_src_q_reg[data][4]/Q
                         net (fo=1, routed)           0.767     1.223    i_dmi_jtag/i_dmi_cdc/i_cdc_resp/i_dst/D[4]
    SLICE_X110Y45        FDCE                                         r  i_dmi_jtag/i_dmi_cdc/i_cdc_resp/i_dst/data_dst_q_reg[data][4]/D
  -------------------------------------------------------------------    -------------------

                         max delay                   20.000    20.000    
    SLICE_X110Y45        FDCE (Setup_fdce_C_D)       -0.061    19.939    i_dmi_jtag/i_dmi_cdc/i_cdc_resp/i_dst/data_dst_q_reg[data][4]
  -------------------------------------------------------------------
                         required time                         19.939    
                         arrival time                          -1.223    
  -------------------------------------------------------------------
                         slack                                 18.716    

Slack (MET) :             18.728ns  (required time - arrival time)
  Source:                 i_dmi_jtag/i_dmi_cdc/i_cdc_resp/i_src/data_src_q_reg[data][13]/C
                            (rising edge-triggered cell FDCE clocked by clk_out1_xlnx_clk_gen  {rise@0.000ns fall@12.500ns period=25.000ns})
  Destination:            i_dmi_jtag/i_dmi_cdc/i_cdc_resp/i_dst/data_dst_q_reg[data][13]/D
                            (rising edge-triggered cell FDCE clocked by tck  {rise@0.000ns fall@50.000ns period=100.000ns})
  Path Group:             tck
  Path Type:              Setup (Max at Slow Process Corner)
  Requirement:            20.000ns  (MaxDelay Path 20.000ns)
  Data Path Delay:        1.004ns  (logic 0.419ns (41.725%)  route 0.585ns (58.275%))
  Logic Levels:           0  
  Timing Exception:       MaxDelay Path 20.000ns -datapath_only

    Location             Delay type                Incr(ns)  Path(ns)    Netlist Resource(s)
  -------------------------------------------------------------------    -------------------
    SLICE_X111Y50                                     0.000     0.000 r  i_dmi_jtag/i_dmi_cdc/i_cdc_resp/i_src/data_src_q_reg[data][13]/C
    SLICE_X111Y50        FDCE (Prop_fdce_C_Q)         0.419     0.419 r  i_dmi_jtag/i_dmi_cdc/i_cdc_resp/i_src/data_src_q_reg[data][13]/Q
                         net (fo=1, routed)           0.585     1.004    i_dmi_jtag/i_dmi_cdc/i_cdc_resp/i_dst/D[13]
    SLICE_X110Y50        FDCE                                         r  i_dmi_jtag/i_dmi_cdc/i_cdc_resp/i_dst/data_dst_q_reg[data][13]/D
  -------------------------------------------------------------------    -------------------

                         max delay                   20.000    20.000    
    SLICE_X110Y50        FDCE (Setup_fdce_C_D)       -0.268    19.732    i_dmi_jtag/i_dmi_cdc/i_cdc_resp/i_dst/data_dst_q_reg[data][13]
  -------------------------------------------------------------------
                         required time                         19.732    
                         arrival time                          -1.004    
  -------------------------------------------------------------------
                         slack                                 18.728    

Slack (MET) :             18.731ns  (required time - arrival time)
  Source:                 i_dmi_jtag/i_dmi_cdc/i_cdc_resp/i_src/data_src_q_reg[data][7]/C
                            (rising edge-triggered cell FDCE clocked by clk_out1_xlnx_clk_gen  {rise@0.000ns fall@12.500ns period=25.000ns})
  Destination:            i_dmi_jtag/i_dmi_cdc/i_cdc_resp/i_dst/data_dst_q_reg[data][7]/D
                            (rising edge-triggered cell FDCE clocked by tck  {rise@0.000ns fall@50.000ns period=100.000ns})
  Path Group:             tck
  Path Type:              Setup (Max at Slow Process Corner)
  Requirement:            20.000ns  (MaxDelay Path 20.000ns)
  Data Path Delay:        1.035ns  (logic 0.419ns (40.477%)  route 0.616ns (59.523%))
  Logic Levels:           0  
  Timing Exception:       MaxDelay Path 20.000ns -datapath_only

    Location             Delay type                Incr(ns)  Path(ns)    Netlist Resource(s)
  -------------------------------------------------------------------    -------------------
    SLICE_X110Y43                                     0.000     0.000 r  i_dmi_jtag/i_dmi_cdc/i_cdc_resp/i_src/data_src_q_reg[data][7]/C
    SLICE_X110Y43        FDCE (Prop_fdce_C_Q)         0.419     0.419 r  i_dmi_jtag/i_dmi_cdc/i_cdc_resp/i_src/data_src_q_reg[data][7]/Q
                         net (fo=1, routed)           0.616     1.035    i_dmi_jtag/i_dmi_cdc/i_cdc_resp/i_dst/D[7]
    SLICE_X111Y45        FDCE                                         r  i_dmi_jtag/i_dmi_cdc/i_cdc_resp/i_dst/data_dst_q_reg[data][7]/D
  -------------------------------------------------------------------    -------------------

                         max delay                   20.000    20.000    
    SLICE_X111Y45        FDCE (Setup_fdce_C_D)       -0.234    19.766    i_dmi_jtag/i_dmi_cdc/i_cdc_resp/i_dst/data_dst_q_reg[data][7]
  -------------------------------------------------------------------
                         required time                         19.766    
                         arrival time                          -1.035    
  -------------------------------------------------------------------
                         slack                                 18.731    





---------------------------------------------------------------------------------------------------
Path Group:  **async_default**
From Clock:  clk_out1_xlnx_clk_gen
  To Clock:  clk_out1_xlnx_clk_gen

Setup :            0  Failing Endpoints,  Worst Slack       21.216ns,  Total Violation        0.000ns
Hold  :            0  Failing Endpoints,  Worst Slack        0.537ns,  Total Violation        0.000ns
---------------------------------------------------------------------------------------------------


Max Delay Paths
--------------------------------------------------------------------------------------
Slack (MET) :             21.216ns  (required time - arrival time)
  Source:                 i_axi_dwidth_converter_dm_slave/inst/gen_downsizer.gen_simple_downsizer.axi_downsizer_inst/USE_WRITE.write_addr_inst/cmd_queue/inst/fifo_gen_inst/inst_fifo_gen/gconvfifo.rf/grf.rf/rstblk/ngwrdrst.grst.g7serrst.gnsckt_wrst.rst_wr_reg2_inst/arststages_ff_reg[1]/C
                            (rising edge-triggered cell FDPE clocked by clk_out1_xlnx_clk_gen  {rise@0.000ns fall@12.500ns period=25.000ns})
  Destination:            i_axi_dwidth_converter_dm_slave/inst/gen_downsizer.gen_simple_downsizer.axi_downsizer_inst/USE_WRITE.write_addr_inst/cmd_queue/inst/fifo_gen_inst/inst_fifo_gen/gconvfifo.rf/grf.rf/gntv_or_sync_fifo.gl0.rd/gr1.gr1_int.rfwft/gpregsm1.user_valid_reg/CLR
                            (recovery check against rising-edge clock clk_out1_xlnx_clk_gen  {rise@0.000ns fall@12.500ns period=25.000ns})
  Path Group:             **async_default**
  Path Type:              Recovery (Max at Slow Process Corner)
  Requirement:            25.000ns  (clk_out1_xlnx_clk_gen rise@25.000ns - clk_out1_xlnx_clk_gen rise@0.000ns)
  Data Path Delay:        3.235ns  (logic 0.718ns (22.197%)  route 2.517ns (77.803%))
  Logic Levels:           1  (LUT3=1)
  Clock Path Skew:        -0.062ns (DCD - SCD + CPR)
    Destination Clock Delay (DCD):    -1.450ns = ( 23.550 - 25.000 ) 
    Source Clock Delay      (SCD):    -0.820ns
    Clock Pessimism Removal (CPR):    0.567ns
  Clock Uncertainty:      0.082ns  ((TSJ^2 + DJ^2)^1/2) / 2 + PE
    Total System Jitter     (TSJ):    0.071ns
    Discrete Jitter          (DJ):    0.149ns
    Phase Error              (PE):    0.000ns

    Location             Delay type                Incr(ns)  Path(ns)    Netlist Resource(s)
  -------------------------------------------------------------------    -------------------
                         (clock clk_out1_xlnx_clk_gen rise edge)
                                                      0.000     0.000 r  
    K17                                               0.000     0.000 r  clk_sys (IN)
                         net (fo=0)                   0.000     0.000    i_xlnx_clk_gen/inst/clk_in1
    K17                  IBUF (Prop_ibuf_I_O)         1.475     1.475 r  i_xlnx_clk_gen/inst/clkin1_ibufg/O
                         net (fo=1, routed)           1.285     2.760    i_xlnx_clk_gen/inst/clk_in1_xlnx_clk_gen
    MMCME2_ADV_X1Y2      MMCME2_ADV (Prop_mmcme2_adv_CLKIN1_CLKOUT0)
                                                     -7.759    -4.999 r  i_xlnx_clk_gen/inst/mmcm_adv_inst/CLKOUT0
                         net (fo=1, routed)           2.206    -2.793    i_xlnx_clk_gen/inst/clk_out1_xlnx_clk_gen
    BUFGCTRL_X0Y16       BUFG (Prop_bufg_I_O)         0.101    -2.692 r  i_xlnx_clk_gen/inst/clkout1_buf/O
                         net (fo=31820, routed)       1.872    -0.820    i_axi_dwidth_converter_dm_slave/inst/gen_downsizer.gen_simple_downsizer.axi_downsizer_inst/USE_WRITE.write_addr_inst/cmd_queue/inst/fifo_gen_inst/inst_fifo_gen/gconvfifo.rf/grf.rf/rstblk/ngwrdrst.grst.g7serrst.gnsckt_wrst.rst_wr_reg2_inst/dest_clk
    SLICE_X106Y17        FDPE                                         r  i_axi_dwidth_converter_dm_slave/inst/gen_downsizer.gen_simple_downsizer.axi_downsizer_inst/USE_WRITE.write_addr_inst/cmd_queue/inst/fifo_gen_inst/inst_fifo_gen/gconvfifo.rf/grf.rf/rstblk/ngwrdrst.grst.g7serrst.gnsckt_wrst.rst_wr_reg2_inst/arststages_ff_reg[1]/C
  -------------------------------------------------------------------    -------------------
    SLICE_X106Y17        FDPE (Prop_fdpe_C_Q)         0.419    -0.401 f  i_axi_dwidth_converter_dm_slave/inst/gen_downsizer.gen_simple_downsizer.axi_downsizer_inst/USE_WRITE.write_addr_inst/cmd_queue/inst/fifo_gen_inst/inst_fifo_gen/gconvfifo.rf/grf.rf/rstblk/ngwrdrst.grst.g7serrst.gnsckt_wrst.rst_wr_reg2_inst/arststages_ff_reg[1]/Q
                         net (fo=3, routed)           1.276     0.875    i_axi_dwidth_converter_dm_slave/inst/gen_downsizer.gen_simple_downsizer.axi_downsizer_inst/USE_WRITE.write_addr_inst/cmd_queue/inst/fifo_gen_inst/inst_fifo_gen/gconvfifo.rf/grf.rf/rstblk/ngwrdrst.rst_wr_reg2
    SLICE_X112Y20        LUT3 (Prop_lut3_I2_O)        0.299     1.174 f  i_axi_dwidth_converter_dm_slave/inst/gen_downsizer.gen_simple_downsizer.axi_downsizer_inst/USE_WRITE.write_addr_inst/cmd_queue/inst/fifo_gen_inst/inst_fifo_gen/gconvfifo.rf/grf.rf/rstblk/gpregsm1.curr_fwft_state[1]_i_2/O
                         net (fo=32, routed)          1.241     2.414    i_axi_dwidth_converter_dm_slave/inst/gen_downsizer.gen_simple_downsizer.axi_downsizer_inst/USE_WRITE.write_addr_inst/cmd_queue/inst/fifo_gen_inst/inst_fifo_gen/gconvfifo.rf/grf.rf/gntv_or_sync_fifo.gl0.rd/gr1.gr1_int.rfwft/gpregsm1.user_valid_reg_0
    SLICE_X111Y16        FDCE                                         f  i_axi_dwidth_converter_dm_slave/inst/gen_downsizer.gen_simple_downsizer.axi_downsizer_inst/USE_WRITE.write_addr_inst/cmd_queue/inst/fifo_gen_inst/inst_fifo_gen/gconvfifo.rf/grf.rf/gntv_or_sync_fifo.gl0.rd/gr1.gr1_int.rfwft/gpregsm1.user_valid_reg/CLR
  -------------------------------------------------------------------    -------------------

                         (clock clk_out1_xlnx_clk_gen rise edge)
                                                     25.000    25.000 r  
    K17                                               0.000    25.000 r  clk_sys (IN)
                         net (fo=0)                   0.000    25.000    i_xlnx_clk_gen/inst/clk_in1
    K17                  IBUF (Prop_ibuf_I_O)         1.404    26.404 r  i_xlnx_clk_gen/inst/clkin1_ibufg/O
                         net (fo=1, routed)           1.162    27.566    i_xlnx_clk_gen/inst/clk_in1_xlnx_clk_gen
    MMCME2_ADV_X1Y2      MMCME2_ADV (Prop_mmcme2_adv_CLKIN1_CLKOUT0)
                                                     -7.814    19.752 r  i_xlnx_clk_gen/inst/mmcm_adv_inst/CLKOUT0
                         net (fo=1, routed)           2.012    21.764    i_xlnx_clk_gen/inst/clk_out1_xlnx_clk_gen
    BUFGCTRL_X0Y16       BUFG (Prop_bufg_I_O)         0.091    21.855 r  i_xlnx_clk_gen/inst/clkout1_buf/O
                         net (fo=31820, routed)       1.695    23.550    i_axi_dwidth_converter_dm_slave/inst/gen_downsizer.gen_simple_downsizer.axi_downsizer_inst/USE_WRITE.write_addr_inst/cmd_queue/inst/fifo_gen_inst/inst_fifo_gen/gconvfifo.rf/grf.rf/gntv_or_sync_fifo.gl0.rd/gr1.gr1_int.rfwft/clk
    SLICE_X111Y16        FDCE                                         r  i_axi_dwidth_converter_dm_slave/inst/gen_downsizer.gen_simple_downsizer.axi_downsizer_inst/USE_WRITE.write_addr_inst/cmd_queue/inst/fifo_gen_inst/inst_fifo_gen/gconvfifo.rf/grf.rf/gntv_or_sync_fifo.gl0.rd/gr1.gr1_int.rfwft/gpregsm1.user_valid_reg/C
                         clock pessimism              0.567    24.118    
                         clock uncertainty           -0.082    24.036    
    SLICE_X111Y16        FDCE (Recov_fdce_C_CLR)     -0.405    23.631    i_axi_dwidth_converter_dm_slave/inst/gen_downsizer.gen_simple_downsizer.axi_downsizer_inst/USE_WRITE.write_addr_inst/cmd_queue/inst/fifo_gen_inst/inst_fifo_gen/gconvfifo.rf/grf.rf/gntv_or_sync_fifo.gl0.rd/gr1.gr1_int.rfwft/gpregsm1.user_valid_reg
  -------------------------------------------------------------------
                         required time                         23.631    
                         arrival time                          -2.414    
  -------------------------------------------------------------------
                         slack                                 21.216    

Slack (MET) :             21.216ns  (required time - arrival time)
  Source:                 i_axi_dwidth_converter_dm_slave/inst/gen_downsizer.gen_simple_downsizer.axi_downsizer_inst/USE_WRITE.write_addr_inst/cmd_queue/inst/fifo_gen_inst/inst_fifo_gen/gconvfifo.rf/grf.rf/rstblk/ngwrdrst.grst.g7serrst.gnsckt_wrst.rst_wr_reg2_inst/arststages_ff_reg[1]/C
                            (rising edge-triggered cell FDPE clocked by clk_out1_xlnx_clk_gen  {rise@0.000ns fall@12.500ns period=25.000ns})
  Destination:            i_axi_dwidth_converter_dm_slave/inst/gen_downsizer.gen_simple_downsizer.axi_downsizer_inst/USE_WRITE.write_addr_inst/cmd_queue/inst/fifo_gen_inst/inst_fifo_gen/gconvfifo.rf/grf.rf/gntv_or_sync_fifo.gl0.wr/gwss.wsts/ram_full_i_reg/CLR
                            (recovery check against rising-edge clock clk_out1_xlnx_clk_gen  {rise@0.000ns fall@12.500ns period=25.000ns})
  Path Group:             **async_default**
  Path Type:              Recovery (Max at Slow Process Corner)
  Requirement:            25.000ns  (clk_out1_xlnx_clk_gen rise@25.000ns - clk_out1_xlnx_clk_gen rise@0.000ns)
  Data Path Delay:        3.235ns  (logic 0.718ns (22.197%)  route 2.517ns (77.803%))
  Logic Levels:           1  (LUT3=1)
  Clock Path Skew:        -0.062ns (DCD - SCD + CPR)
    Destination Clock Delay (DCD):    -1.450ns = ( 23.550 - 25.000 ) 
    Source Clock Delay      (SCD):    -0.820ns
    Clock Pessimism Removal (CPR):    0.567ns
  Clock Uncertainty:      0.082ns  ((TSJ^2 + DJ^2)^1/2) / 2 + PE
    Total System Jitter     (TSJ):    0.071ns
    Discrete Jitter          (DJ):    0.149ns
    Phase Error              (PE):    0.000ns

    Location             Delay type                Incr(ns)  Path(ns)    Netlist Resource(s)
  -------------------------------------------------------------------    -------------------
                         (clock clk_out1_xlnx_clk_gen rise edge)
                                                      0.000     0.000 r  
    K17                                               0.000     0.000 r  clk_sys (IN)
                         net (fo=0)                   0.000     0.000    i_xlnx_clk_gen/inst/clk_in1
    K17                  IBUF (Prop_ibuf_I_O)         1.475     1.475 r  i_xlnx_clk_gen/inst/clkin1_ibufg/O
                         net (fo=1, routed)           1.285     2.760    i_xlnx_clk_gen/inst/clk_in1_xlnx_clk_gen
    MMCME2_ADV_X1Y2      MMCME2_ADV (Prop_mmcme2_adv_CLKIN1_CLKOUT0)
                                                     -7.759    -4.999 r  i_xlnx_clk_gen/inst/mmcm_adv_inst/CLKOUT0
                         net (fo=1, routed)           2.206    -2.793    i_xlnx_clk_gen/inst/clk_out1_xlnx_clk_gen
    BUFGCTRL_X0Y16       BUFG (Prop_bufg_I_O)         0.101    -2.692 r  i_xlnx_clk_gen/inst/clkout1_buf/O
                         net (fo=31820, routed)       1.872    -0.820    i_axi_dwidth_converter_dm_slave/inst/gen_downsizer.gen_simple_downsizer.axi_downsizer_inst/USE_WRITE.write_addr_inst/cmd_queue/inst/fifo_gen_inst/inst_fifo_gen/gconvfifo.rf/grf.rf/rstblk/ngwrdrst.grst.g7serrst.gnsckt_wrst.rst_wr_reg2_inst/dest_clk
    SLICE_X106Y17        FDPE                                         r  i_axi_dwidth_converter_dm_slave/inst/gen_downsizer.gen_simple_downsizer.axi_downsizer_inst/USE_WRITE.write_addr_inst/cmd_queue/inst/fifo_gen_inst/inst_fifo_gen/gconvfifo.rf/grf.rf/rstblk/ngwrdrst.grst.g7serrst.gnsckt_wrst.rst_wr_reg2_inst/arststages_ff_reg[1]/C
  -------------------------------------------------------------------    -------------------
    SLICE_X106Y17        FDPE (Prop_fdpe_C_Q)         0.419    -0.401 f  i_axi_dwidth_converter_dm_slave/inst/gen_downsizer.gen_simple_downsizer.axi_downsizer_inst/USE_WRITE.write_addr_inst/cmd_queue/inst/fifo_gen_inst/inst_fifo_gen/gconvfifo.rf/grf.rf/rstblk/ngwrdrst.grst.g7serrst.gnsckt_wrst.rst_wr_reg2_inst/arststages_ff_reg[1]/Q
                         net (fo=3, routed)           1.276     0.875    i_axi_dwidth_converter_dm_slave/inst/gen_downsizer.gen_simple_downsizer.axi_downsizer_inst/USE_WRITE.write_addr_inst/cmd_queue/inst/fifo_gen_inst/inst_fifo_gen/gconvfifo.rf/grf.rf/rstblk/ngwrdrst.rst_wr_reg2
    SLICE_X112Y20        LUT3 (Prop_lut3_I2_O)        0.299     1.174 f  i_axi_dwidth_converter_dm_slave/inst/gen_downsizer.gen_simple_downsizer.axi_downsizer_inst/USE_WRITE.write_addr_inst/cmd_queue/inst/fifo_gen_inst/inst_fifo_gen/gconvfifo.rf/grf.rf/rstblk/gpregsm1.curr_fwft_state[1]_i_2/O
                         net (fo=32, routed)          1.241     2.414    i_axi_dwidth_converter_dm_slave/inst/gen_downsizer.gen_simple_downsizer.axi_downsizer_inst/USE_WRITE.write_addr_inst/cmd_queue/inst/fifo_gen_inst/inst_fifo_gen/gconvfifo.rf/grf.rf/gntv_or_sync_fifo.gl0.wr/gwss.wsts/AR[0]
    SLICE_X111Y16        FDCE                                         f  i_axi_dwidth_converter_dm_slave/inst/gen_downsizer.gen_simple_downsizer.axi_downsizer_inst/USE_WRITE.write_addr_inst/cmd_queue/inst/fifo_gen_inst/inst_fifo_gen/gconvfifo.rf/grf.rf/gntv_or_sync_fifo.gl0.wr/gwss.wsts/ram_full_i_reg/CLR
  -------------------------------------------------------------------    -------------------

                         (clock clk_out1_xlnx_clk_gen rise edge)
                                                     25.000    25.000 r  
    K17                                               0.000    25.000 r  clk_sys (IN)
                         net (fo=0)                   0.000    25.000    i_xlnx_clk_gen/inst/clk_in1
    K17                  IBUF (Prop_ibuf_I_O)         1.404    26.404 r  i_xlnx_clk_gen/inst/clkin1_ibufg/O
                         net (fo=1, routed)           1.162    27.566    i_xlnx_clk_gen/inst/clk_in1_xlnx_clk_gen
    MMCME2_ADV_X1Y2      MMCME2_ADV (Prop_mmcme2_adv_CLKIN1_CLKOUT0)
                                                     -7.814    19.752 r  i_xlnx_clk_gen/inst/mmcm_adv_inst/CLKOUT0
                         net (fo=1, routed)           2.012    21.764    i_xlnx_clk_gen/inst/clk_out1_xlnx_clk_gen
    BUFGCTRL_X0Y16       BUFG (Prop_bufg_I_O)         0.091    21.855 r  i_xlnx_clk_gen/inst/clkout1_buf/O
                         net (fo=31820, routed)       1.695    23.550    i_axi_dwidth_converter_dm_slave/inst/gen_downsizer.gen_simple_downsizer.axi_downsizer_inst/USE_WRITE.write_addr_inst/cmd_queue/inst/fifo_gen_inst/inst_fifo_gen/gconvfifo.rf/grf.rf/gntv_or_sync_fifo.gl0.wr/gwss.wsts/clk
    SLICE_X111Y16        FDCE                                         r  i_axi_dwidth_converter_dm_slave/inst/gen_downsizer.gen_simple_downsizer.axi_downsizer_inst/USE_WRITE.write_addr_inst/cmd_queue/inst/fifo_gen_inst/inst_fifo_gen/gconvfifo.rf/grf.rf/gntv_or_sync_fifo.gl0.wr/gwss.wsts/ram_full_i_reg/C
                         clock pessimism              0.567    24.118    
                         clock uncertainty           -0.082    24.036    
    SLICE_X111Y16        FDCE (Recov_fdce_C_CLR)     -0.405    23.631    i_axi_dwidth_converter_dm_slave/inst/gen_downsizer.gen_simple_downsizer.axi_downsizer_inst/USE_WRITE.write_addr_inst/cmd_queue/inst/fifo_gen_inst/inst_fifo_gen/gconvfifo.rf/grf.rf/gntv_or_sync_fifo.gl0.wr/gwss.wsts/ram_full_i_reg
  -------------------------------------------------------------------
                         required time                         23.631    
                         arrival time                          -2.414    
  -------------------------------------------------------------------
                         slack                                 21.216    

Slack (MET) :             21.262ns  (required time - arrival time)
  Source:                 i_axi_dwidth_converter_dm_slave/inst/gen_downsizer.gen_simple_downsizer.axi_downsizer_inst/USE_WRITE.write_addr_inst/cmd_queue/inst/fifo_gen_inst/inst_fifo_gen/gconvfifo.rf/grf.rf/rstblk/ngwrdrst.grst.g7serrst.gnsckt_wrst.rst_wr_reg2_inst/arststages_ff_reg[1]/C
                            (rising edge-triggered cell FDPE clocked by clk_out1_xlnx_clk_gen  {rise@0.000ns fall@12.500ns period=25.000ns})
  Destination:            i_axi_dwidth_converter_dm_slave/inst/gen_downsizer.gen_simple_downsizer.axi_downsizer_inst/USE_WRITE.write_addr_inst/cmd_queue/inst/fifo_gen_inst/inst_fifo_gen/gconvfifo.rf/grf.rf/gntv_or_sync_fifo.gl0.rd/gr1.gr1_int.rfwft/aempty_fwft_fb_i_reg/PRE
                            (recovery check against rising-edge clock clk_out1_xlnx_clk_gen  {rise@0.000ns fall@12.500ns period=25.000ns})
  Path Group:             **async_default**
  Path Type:              Recovery (Max at Slow Process Corner)
  Requirement:            25.000ns  (clk_out1_xlnx_clk_gen rise@25.000ns - clk_out1_xlnx_clk_gen rise@0.000ns)
  Data Path Delay:        3.235ns  (logic 0.718ns (22.197%)  route 2.517ns (77.803%))
  Logic Levels:           1  (LUT3=1)
  Clock Path Skew:        -0.062ns (DCD - SCD + CPR)
    Destination Clock Delay (DCD):    -1.450ns = ( 23.550 - 25.000 ) 
    Source Clock Delay      (SCD):    -0.820ns
    Clock Pessimism Removal (CPR):    0.567ns
  Clock Uncertainty:      0.082ns  ((TSJ^2 + DJ^2)^1/2) / 2 + PE
    Total System Jitter     (TSJ):    0.071ns
    Discrete Jitter          (DJ):    0.149ns
    Phase Error              (PE):    0.000ns

    Location             Delay type                Incr(ns)  Path(ns)    Netlist Resource(s)
  -------------------------------------------------------------------    -------------------
                         (clock clk_out1_xlnx_clk_gen rise edge)
                                                      0.000     0.000 r  
    K17                                               0.000     0.000 r  clk_sys (IN)
                         net (fo=0)                   0.000     0.000    i_xlnx_clk_gen/inst/clk_in1
    K17                  IBUF (Prop_ibuf_I_O)         1.475     1.475 r  i_xlnx_clk_gen/inst/clkin1_ibufg/O
                         net (fo=1, routed)           1.285     2.760    i_xlnx_clk_gen/inst/clk_in1_xlnx_clk_gen
    MMCME2_ADV_X1Y2      MMCME2_ADV (Prop_mmcme2_adv_CLKIN1_CLKOUT0)
                                                     -7.759    -4.999 r  i_xlnx_clk_gen/inst/mmcm_adv_inst/CLKOUT0
                         net (fo=1, routed)           2.206    -2.793    i_xlnx_clk_gen/inst/clk_out1_xlnx_clk_gen
    BUFGCTRL_X0Y16       BUFG (Prop_bufg_I_O)         0.101    -2.692 r  i_xlnx_clk_gen/inst/clkout1_buf/O
                         net (fo=31820, routed)       1.872    -0.820    i_axi_dwidth_converter_dm_slave/inst/gen_downsizer.gen_simple_downsizer.axi_downsizer_inst/USE_WRITE.write_addr_inst/cmd_queue/inst/fifo_gen_inst/inst_fifo_gen/gconvfifo.rf/grf.rf/rstblk/ngwrdrst.grst.g7serrst.gnsckt_wrst.rst_wr_reg2_inst/dest_clk
    SLICE_X106Y17        FDPE                                         r  i_axi_dwidth_converter_dm_slave/inst/gen_downsizer.gen_simple_downsizer.axi_downsizer_inst/USE_WRITE.write_addr_inst/cmd_queue/inst/fifo_gen_inst/inst_fifo_gen/gconvfifo.rf/grf.rf/rstblk/ngwrdrst.grst.g7serrst.gnsckt_wrst.rst_wr_reg2_inst/arststages_ff_reg[1]/C
  -------------------------------------------------------------------    -------------------
    SLICE_X106Y17        FDPE (Prop_fdpe_C_Q)         0.419    -0.401 f  i_axi_dwidth_converter_dm_slave/inst/gen_downsizer.gen_simple_downsizer.axi_downsizer_inst/USE_WRITE.write_addr_inst/cmd_queue/inst/fifo_gen_inst/inst_fifo_gen/gconvfifo.rf/grf.rf/rstblk/ngwrdrst.grst.g7serrst.gnsckt_wrst.rst_wr_reg2_inst/arststages_ff_reg[1]/Q
                         net (fo=3, routed)           1.276     0.875    i_axi_dwidth_converter_dm_slave/inst/gen_downsizer.gen_simple_downsizer.axi_downsizer_inst/USE_WRITE.write_addr_inst/cmd_queue/inst/fifo_gen_inst/inst_fifo_gen/gconvfifo.rf/grf.rf/rstblk/ngwrdrst.rst_wr_reg2
    SLICE_X112Y20        LUT3 (Prop_lut3_I2_O)        0.299     1.174 f  i_axi_dwidth_converter_dm_slave/inst/gen_downsizer.gen_simple_downsizer.axi_downsizer_inst/USE_WRITE.write_addr_inst/cmd_queue/inst/fifo_gen_inst/inst_fifo_gen/gconvfifo.rf/grf.rf/rstblk/gpregsm1.curr_fwft_state[1]_i_2/O
                         net (fo=32, routed)          1.241     2.414    i_axi_dwidth_converter_dm_slave/inst/gen_downsizer.gen_simple_downsizer.axi_downsizer_inst/USE_WRITE.write_addr_inst/cmd_queue/inst/fifo_gen_inst/inst_fifo_gen/gconvfifo.rf/grf.rf/gntv_or_sync_fifo.gl0.rd/gr1.gr1_int.rfwft/gpregsm1.user_valid_reg_0
    SLICE_X111Y16        FDPE                                         f  i_axi_dwidth_converter_dm_slave/inst/gen_downsizer.gen_simple_downsizer.axi_downsizer_inst/USE_WRITE.write_addr_inst/cmd_queue/inst/fifo_gen_inst/inst_fifo_gen/gconvfifo.rf/grf.rf/gntv_or_sync_fifo.gl0.rd/gr1.gr1_int.rfwft/aempty_fwft_fb_i_reg/PRE
  -------------------------------------------------------------------    -------------------

                         (clock clk_out1_xlnx_clk_gen rise edge)
                                                     25.000    25.000 r  
    K17                                               0.000    25.000 r  clk_sys (IN)
                         net (fo=0)                   0.000    25.000    i_xlnx_clk_gen/inst/clk_in1
    K17                  IBUF (Prop_ibuf_I_O)         1.404    26.404 r  i_xlnx_clk_gen/inst/clkin1_ibufg/O
                         net (fo=1, routed)           1.162    27.566    i_xlnx_clk_gen/inst/clk_in1_xlnx_clk_gen
    MMCME2_ADV_X1Y2      MMCME2_ADV (Prop_mmcme2_adv_CLKIN1_CLKOUT0)
                                                     -7.814    19.752 r  i_xlnx_clk_gen/inst/mmcm_adv_inst/CLKOUT0
                         net (fo=1, routed)           2.012    21.764    i_xlnx_clk_gen/inst/clk_out1_xlnx_clk_gen
    BUFGCTRL_X0Y16       BUFG (Prop_bufg_I_O)         0.091    21.855 r  i_xlnx_clk_gen/inst/clkout1_buf/O
                         net (fo=31820, routed)       1.695    23.550    i_axi_dwidth_converter_dm_slave/inst/gen_downsizer.gen_simple_downsizer.axi_downsizer_inst/USE_WRITE.write_addr_inst/cmd_queue/inst/fifo_gen_inst/inst_fifo_gen/gconvfifo.rf/grf.rf/gntv_or_sync_fifo.gl0.rd/gr1.gr1_int.rfwft/clk
    SLICE_X111Y16        FDPE                                         r  i_axi_dwidth_converter_dm_slave/inst/gen_downsizer.gen_simple_downsizer.axi_downsizer_inst/USE_WRITE.write_addr_inst/cmd_queue/inst/fifo_gen_inst/inst_fifo_gen/gconvfifo.rf/grf.rf/gntv_or_sync_fifo.gl0.rd/gr1.gr1_int.rfwft/aempty_fwft_fb_i_reg/C
                         clock pessimism              0.567    24.118    
                         clock uncertainty           -0.082    24.036    
    SLICE_X111Y16        FDPE (Recov_fdpe_C_PRE)     -0.359    23.677    i_axi_dwidth_converter_dm_slave/inst/gen_downsizer.gen_simple_downsizer.axi_downsizer_inst/USE_WRITE.write_addr_inst/cmd_queue/inst/fifo_gen_inst/inst_fifo_gen/gconvfifo.rf/grf.rf/gntv_or_sync_fifo.gl0.rd/gr1.gr1_int.rfwft/aempty_fwft_fb_i_reg
  -------------------------------------------------------------------
                         required time                         23.677    
                         arrival time                          -2.414    
  -------------------------------------------------------------------
                         slack                                 21.262    

Slack (MET) :             21.262ns  (required time - arrival time)
  Source:                 i_axi_dwidth_converter_dm_slave/inst/gen_downsizer.gen_simple_downsizer.axi_downsizer_inst/USE_WRITE.write_addr_inst/cmd_queue/inst/fifo_gen_inst/inst_fifo_gen/gconvfifo.rf/grf.rf/rstblk/ngwrdrst.grst.g7serrst.gnsckt_wrst.rst_wr_reg2_inst/arststages_ff_reg[1]/C
                            (rising edge-triggered cell FDPE clocked by clk_out1_xlnx_clk_gen  {rise@0.000ns fall@12.500ns period=25.000ns})
  Destination:            i_axi_dwidth_converter_dm_slave/inst/gen_downsizer.gen_simple_downsizer.axi_downsizer_inst/USE_WRITE.write_addr_inst/cmd_queue/inst/fifo_gen_inst/inst_fifo_gen/gconvfifo.rf/grf.rf/gntv_or_sync_fifo.gl0.rd/gr1.gr1_int.rfwft/aempty_fwft_i_reg/PRE
                            (recovery check against rising-edge clock clk_out1_xlnx_clk_gen  {rise@0.000ns fall@12.500ns period=25.000ns})
  Path Group:             **async_default**
  Path Type:              Recovery (Max at Slow Process Corner)
  Requirement:            25.000ns  (clk_out1_xlnx_clk_gen rise@25.000ns - clk_out1_xlnx_clk_gen rise@0.000ns)
  Data Path Delay:        3.235ns  (logic 0.718ns (22.197%)  route 2.517ns (77.803%))
  Logic Levels:           1  (LUT3=1)
  Clock Path Skew:        -0.062ns (DCD - SCD + CPR)
    Destination Clock Delay (DCD):    -1.450ns = ( 23.550 - 25.000 ) 
    Source Clock Delay      (SCD):    -0.820ns
    Clock Pessimism Removal (CPR):    0.567ns
  Clock Uncertainty:      0.082ns  ((TSJ^2 + DJ^2)^1/2) / 2 + PE
    Total System Jitter     (TSJ):    0.071ns
    Discrete Jitter          (DJ):    0.149ns
    Phase Error              (PE):    0.000ns

    Location             Delay type                Incr(ns)  Path(ns)    Netlist Resource(s)
  -------------------------------------------------------------------    -------------------
                         (clock clk_out1_xlnx_clk_gen rise edge)
                                                      0.000     0.000 r  
    K17                                               0.000     0.000 r  clk_sys (IN)
                         net (fo=0)                   0.000     0.000    i_xlnx_clk_gen/inst/clk_in1
    K17                  IBUF (Prop_ibuf_I_O)         1.475     1.475 r  i_xlnx_clk_gen/inst/clkin1_ibufg/O
                         net (fo=1, routed)           1.285     2.760    i_xlnx_clk_gen/inst/clk_in1_xlnx_clk_gen
    MMCME2_ADV_X1Y2      MMCME2_ADV (Prop_mmcme2_adv_CLKIN1_CLKOUT0)
                                                     -7.759    -4.999 r  i_xlnx_clk_gen/inst/mmcm_adv_inst/CLKOUT0
                         net (fo=1, routed)           2.206    -2.793    i_xlnx_clk_gen/inst/clk_out1_xlnx_clk_gen
    BUFGCTRL_X0Y16       BUFG (Prop_bufg_I_O)         0.101    -2.692 r  i_xlnx_clk_gen/inst/clkout1_buf/O
                         net (fo=31820, routed)       1.872    -0.820    i_axi_dwidth_converter_dm_slave/inst/gen_downsizer.gen_simple_downsizer.axi_downsizer_inst/USE_WRITE.write_addr_inst/cmd_queue/inst/fifo_gen_inst/inst_fifo_gen/gconvfifo.rf/grf.rf/rstblk/ngwrdrst.grst.g7serrst.gnsckt_wrst.rst_wr_reg2_inst/dest_clk
    SLICE_X106Y17        FDPE                                         r  i_axi_dwidth_converter_dm_slave/inst/gen_downsizer.gen_simple_downsizer.axi_downsizer_inst/USE_WRITE.write_addr_inst/cmd_queue/inst/fifo_gen_inst/inst_fifo_gen/gconvfifo.rf/grf.rf/rstblk/ngwrdrst.grst.g7serrst.gnsckt_wrst.rst_wr_reg2_inst/arststages_ff_reg[1]/C
  -------------------------------------------------------------------    -------------------
    SLICE_X106Y17        FDPE (Prop_fdpe_C_Q)         0.419    -0.401 f  i_axi_dwidth_converter_dm_slave/inst/gen_downsizer.gen_simple_downsizer.axi_downsizer_inst/USE_WRITE.write_addr_inst/cmd_queue/inst/fifo_gen_inst/inst_fifo_gen/gconvfifo.rf/grf.rf/rstblk/ngwrdrst.grst.g7serrst.gnsckt_wrst.rst_wr_reg2_inst/arststages_ff_reg[1]/Q
                         net (fo=3, routed)           1.276     0.875    i_axi_dwidth_converter_dm_slave/inst/gen_downsizer.gen_simple_downsizer.axi_downsizer_inst/USE_WRITE.write_addr_inst/cmd_queue/inst/fifo_gen_inst/inst_fifo_gen/gconvfifo.rf/grf.rf/rstblk/ngwrdrst.rst_wr_reg2
    SLICE_X112Y20        LUT3 (Prop_lut3_I2_O)        0.299     1.174 f  i_axi_dwidth_converter_dm_slave/inst/gen_downsizer.gen_simple_downsizer.axi_downsizer_inst/USE_WRITE.write_addr_inst/cmd_queue/inst/fifo_gen_inst/inst_fifo_gen/gconvfifo.rf/grf.rf/rstblk/gpregsm1.curr_fwft_state[1]_i_2/O
                         net (fo=32, routed)          1.241     2.414    i_axi_dwidth_converter_dm_slave/inst/gen_downsizer.gen_simple_downsizer.axi_downsizer_inst/USE_WRITE.write_addr_inst/cmd_queue/inst/fifo_gen_inst/inst_fifo_gen/gconvfifo.rf/grf.rf/gntv_or_sync_fifo.gl0.rd/gr1.gr1_int.rfwft/gpregsm1.user_valid_reg_0
    SLICE_X111Y16        FDPE                                         f  i_axi_dwidth_converter_dm_slave/inst/gen_downsizer.gen_simple_downsizer.axi_downsizer_inst/USE_WRITE.write_addr_inst/cmd_queue/inst/fifo_gen_inst/inst_fifo_gen/gconvfifo.rf/grf.rf/gntv_or_sync_fifo.gl0.rd/gr1.gr1_int.rfwft/aempty_fwft_i_reg/PRE
  -------------------------------------------------------------------    -------------------

                         (clock clk_out1_xlnx_clk_gen rise edge)
                                                     25.000    25.000 r  
    K17                                               0.000    25.000 r  clk_sys (IN)
                         net (fo=0)                   0.000    25.000    i_xlnx_clk_gen/inst/clk_in1
    K17                  IBUF (Prop_ibuf_I_O)         1.404    26.404 r  i_xlnx_clk_gen/inst/clkin1_ibufg/O
                         net (fo=1, routed)           1.162    27.566    i_xlnx_clk_gen/inst/clk_in1_xlnx_clk_gen
    MMCME2_ADV_X1Y2      MMCME2_ADV (Prop_mmcme2_adv_CLKIN1_CLKOUT0)
                                                     -7.814    19.752 r  i_xlnx_clk_gen/inst/mmcm_adv_inst/CLKOUT0
                         net (fo=1, routed)           2.012    21.764    i_xlnx_clk_gen/inst/clk_out1_xlnx_clk_gen
    BUFGCTRL_X0Y16       BUFG (Prop_bufg_I_O)         0.091    21.855 r  i_xlnx_clk_gen/inst/clkout1_buf/O
                         net (fo=31820, routed)       1.695    23.550    i_axi_dwidth_converter_dm_slave/inst/gen_downsizer.gen_simple_downsizer.axi_downsizer_inst/USE_WRITE.write_addr_inst/cmd_queue/inst/fifo_gen_inst/inst_fifo_gen/gconvfifo.rf/grf.rf/gntv_or_sync_fifo.gl0.rd/gr1.gr1_int.rfwft/clk
    SLICE_X111Y16        FDPE                                         r  i_axi_dwidth_converter_dm_slave/inst/gen_downsizer.gen_simple_downsizer.axi_downsizer_inst/USE_WRITE.write_addr_inst/cmd_queue/inst/fifo_gen_inst/inst_fifo_gen/gconvfifo.rf/grf.rf/gntv_or_sync_fifo.gl0.rd/gr1.gr1_int.rfwft/aempty_fwft_i_reg/C
                         clock pessimism              0.567    24.118    
                         clock uncertainty           -0.082    24.036    
    SLICE_X111Y16        FDPE (Recov_fdpe_C_PRE)     -0.359    23.677    i_axi_dwidth_converter_dm_slave/inst/gen_downsizer.gen_simple_downsizer.axi_downsizer_inst/USE_WRITE.write_addr_inst/cmd_queue/inst/fifo_gen_inst/inst_fifo_gen/gconvfifo.rf/grf.rf/gntv_or_sync_fifo.gl0.rd/gr1.gr1_int.rfwft/aempty_fwft_i_reg
  -------------------------------------------------------------------
                         required time                         23.677    
                         arrival time                          -2.414    
  -------------------------------------------------------------------
                         slack                                 21.262    

Slack (MET) :             21.334ns  (required time - arrival time)
  Source:                 i_axi_dwidth_converter_dm_slave/inst/gen_downsizer.gen_simple_downsizer.axi_downsizer_inst/USE_WRITE.write_addr_inst/cmd_queue/inst/fifo_gen_inst/inst_fifo_gen/gconvfifo.rf/grf.rf/rstblk/ngwrdrst.grst.g7serrst.gnsckt_wrst.rst_wr_reg2_inst/arststages_ff_reg[1]/C
                            (rising edge-triggered cell FDPE clocked by clk_out1_xlnx_clk_gen  {rise@0.000ns fall@12.500ns period=25.000ns})
  Destination:            i_axi_dwidth_converter_dm_slave/inst/gen_downsizer.gen_simple_downsizer.axi_downsizer_inst/USE_WRITE.write_addr_inst/cmd_queue/inst/fifo_gen_inst/inst_fifo_gen/gconvfifo.rf/grf.rf/gntv_or_sync_fifo.gl0.wr/wpntr/gcc0.gc0.count_d1_reg[3]/CLR
                            (recovery check against rising-edge clock clk_out1_xlnx_clk_gen  {rise@0.000ns fall@12.500ns period=25.000ns})
  Path Group:             **async_default**
  Path Type:              Recovery (Max at Slow Process Corner)
  Requirement:            25.000ns  (clk_out1_xlnx_clk_gen rise@25.000ns - clk_out1_xlnx_clk_gen rise@0.000ns)
  Data Path Delay:        3.155ns  (logic 0.718ns (22.759%)  route 2.437ns (77.241%))
  Logic Levels:           1  (LUT3=1)
  Clock Path Skew:        -0.024ns (DCD - SCD + CPR)
    Destination Clock Delay (DCD):    -1.453ns = ( 23.547 - 25.000 ) 
    Source Clock Delay      (SCD):    -0.820ns
    Clock Pessimism Removal (CPR):    0.608ns
  Clock Uncertainty:      0.082ns  ((TSJ^2 + DJ^2)^1/2) / 2 + PE
    Total System Jitter     (TSJ):    0.071ns
    Discrete Jitter          (DJ):    0.149ns
    Phase Error              (PE):    0.000ns

    Location             Delay type                Incr(ns)  Path(ns)    Netlist Resource(s)
  -------------------------------------------------------------------    -------------------
                         (clock clk_out1_xlnx_clk_gen rise edge)
                                                      0.000     0.000 r  
    K17                                               0.000     0.000 r  clk_sys (IN)
                         net (fo=0)                   0.000     0.000    i_xlnx_clk_gen/inst/clk_in1
    K17                  IBUF (Prop_ibuf_I_O)         1.475     1.475 r  i_xlnx_clk_gen/inst/clkin1_ibufg/O
                         net (fo=1, routed)           1.285     2.760    i_xlnx_clk_gen/inst/clk_in1_xlnx_clk_gen
    MMCME2_ADV_X1Y2      MMCME2_ADV (Prop_mmcme2_adv_CLKIN1_CLKOUT0)
                                                     -7.759    -4.999 r  i_xlnx_clk_gen/inst/mmcm_adv_inst/CLKOUT0
                         net (fo=1, routed)           2.206    -2.793    i_xlnx_clk_gen/inst/clk_out1_xlnx_clk_gen
    BUFGCTRL_X0Y16       BUFG (Prop_bufg_I_O)         0.101    -2.692 r  i_xlnx_clk_gen/inst/clkout1_buf/O
                         net (fo=31820, routed)       1.872    -0.820    i_axi_dwidth_converter_dm_slave/inst/gen_downsizer.gen_simple_downsizer.axi_downsizer_inst/USE_WRITE.write_addr_inst/cmd_queue/inst/fifo_gen_inst/inst_fifo_gen/gconvfifo.rf/grf.rf/rstblk/ngwrdrst.grst.g7serrst.gnsckt_wrst.rst_wr_reg2_inst/dest_clk
    SLICE_X106Y17        FDPE                                         r  i_axi_dwidth_converter_dm_slave/inst/gen_downsizer.gen_simple_downsizer.axi_downsizer_inst/USE_WRITE.write_addr_inst/cmd_queue/inst/fifo_gen_inst/inst_fifo_gen/gconvfifo.rf/grf.rf/rstblk/ngwrdrst.grst.g7serrst.gnsckt_wrst.rst_wr_reg2_inst/arststages_ff_reg[1]/C
  -------------------------------------------------------------------    -------------------
    SLICE_X106Y17        FDPE (Prop_fdpe_C_Q)         0.419    -0.401 f  i_axi_dwidth_converter_dm_slave/inst/gen_downsizer.gen_simple_downsizer.axi_downsizer_inst/USE_WRITE.write_addr_inst/cmd_queue/inst/fifo_gen_inst/inst_fifo_gen/gconvfifo.rf/grf.rf/rstblk/ngwrdrst.grst.g7serrst.gnsckt_wrst.rst_wr_reg2_inst/arststages_ff_reg[1]/Q
                         net (fo=3, routed)           1.276     0.875    i_axi_dwidth_converter_dm_slave/inst/gen_downsizer.gen_simple_downsizer.axi_downsizer_inst/USE_WRITE.write_addr_inst/cmd_queue/inst/fifo_gen_inst/inst_fifo_gen/gconvfifo.rf/grf.rf/rstblk/ngwrdrst.rst_wr_reg2
    SLICE_X112Y20        LUT3 (Prop_lut3_I2_O)        0.299     1.174 f  i_axi_dwidth_converter_dm_slave/inst/gen_downsizer.gen_simple_downsizer.axi_downsizer_inst/USE_WRITE.write_addr_inst/cmd_queue/inst/fifo_gen_inst/inst_fifo_gen/gconvfifo.rf/grf.rf/rstblk/gpregsm1.curr_fwft_state[1]_i_2/O
                         net (fo=32, routed)          1.161     2.335    i_axi_dwidth_converter_dm_slave/inst/gen_downsizer.gen_simple_downsizer.axi_downsizer_inst/USE_WRITE.write_addr_inst/cmd_queue/inst/fifo_gen_inst/inst_fifo_gen/gconvfifo.rf/grf.rf/gntv_or_sync_fifo.gl0.wr/wpntr/AR[0]
    SLICE_X109Y17        FDCE                                         f  i_axi_dwidth_converter_dm_slave/inst/gen_downsizer.gen_simple_downsizer.axi_downsizer_inst/USE_WRITE.write_addr_inst/cmd_queue/inst/fifo_gen_inst/inst_fifo_gen/gconvfifo.rf/grf.rf/gntv_or_sync_fifo.gl0.wr/wpntr/gcc0.gc0.count_d1_reg[3]/CLR
  -------------------------------------------------------------------    -------------------

                         (clock clk_out1_xlnx_clk_gen rise edge)
                                                     25.000    25.000 r  
    K17                                               0.000    25.000 r  clk_sys (IN)
                         net (fo=0)                   0.000    25.000    i_xlnx_clk_gen/inst/clk_in1
    K17                  IBUF (Prop_ibuf_I_O)         1.404    26.404 r  i_xlnx_clk_gen/inst/clkin1_ibufg/O
                         net (fo=1, routed)           1.162    27.566    i_xlnx_clk_gen/inst/clk_in1_xlnx_clk_gen
    MMCME2_ADV_X1Y2      MMCME2_ADV (Prop_mmcme2_adv_CLKIN1_CLKOUT0)
                                                     -7.814    19.752 r  i_xlnx_clk_gen/inst/mmcm_adv_inst/CLKOUT0
                         net (fo=1, routed)           2.012    21.764    i_xlnx_clk_gen/inst/clk_out1_xlnx_clk_gen
    BUFGCTRL_X0Y16       BUFG (Prop_bufg_I_O)         0.091    21.855 r  i_xlnx_clk_gen/inst/clkout1_buf/O
                         net (fo=31820, routed)       1.692    23.547    i_axi_dwidth_converter_dm_slave/inst/gen_downsizer.gen_simple_downsizer.axi_downsizer_inst/USE_WRITE.write_addr_inst/cmd_queue/inst/fifo_gen_inst/inst_fifo_gen/gconvfifo.rf/grf.rf/gntv_or_sync_fifo.gl0.wr/wpntr/clk
    SLICE_X109Y17        FDCE                                         r  i_axi_dwidth_converter_dm_slave/inst/gen_downsizer.gen_simple_downsizer.axi_downsizer_inst/USE_WRITE.write_addr_inst/cmd_queue/inst/fifo_gen_inst/inst_fifo_gen/gconvfifo.rf/grf.rf/gntv_or_sync_fifo.gl0.wr/wpntr/gcc0.gc0.count_d1_reg[3]/C
                         clock pessimism              0.608    24.156    
                         clock uncertainty           -0.082    24.074    
    SLICE_X109Y17        FDCE (Recov_fdce_C_CLR)     -0.405    23.669    i_axi_dwidth_converter_dm_slave/inst/gen_downsizer.gen_simple_downsizer.axi_downsizer_inst/USE_WRITE.write_addr_inst/cmd_queue/inst/fifo_gen_inst/inst_fifo_gen/gconvfifo.rf/grf.rf/gntv_or_sync_fifo.gl0.wr/wpntr/gcc0.gc0.count_d1_reg[3]
  -------------------------------------------------------------------
                         required time                         23.669    
                         arrival time                          -2.335    
  -------------------------------------------------------------------
                         slack                                 21.334    

Slack (MET) :             21.334ns  (required time - arrival time)
  Source:                 i_axi_dwidth_converter_dm_slave/inst/gen_downsizer.gen_simple_downsizer.axi_downsizer_inst/USE_WRITE.write_addr_inst/cmd_queue/inst/fifo_gen_inst/inst_fifo_gen/gconvfifo.rf/grf.rf/rstblk/ngwrdrst.grst.g7serrst.gnsckt_wrst.rst_wr_reg2_inst/arststages_ff_reg[1]/C
                            (rising edge-triggered cell FDPE clocked by clk_out1_xlnx_clk_gen  {rise@0.000ns fall@12.500ns period=25.000ns})
  Destination:            i_axi_dwidth_converter_dm_slave/inst/gen_downsizer.gen_simple_downsizer.axi_downsizer_inst/USE_WRITE.write_addr_inst/cmd_queue/inst/fifo_gen_inst/inst_fifo_gen/gconvfifo.rf/grf.rf/gntv_or_sync_fifo.gl0.wr/wpntr/gcc0.gc0.count_reg[3]/CLR
                            (recovery check against rising-edge clock clk_out1_xlnx_clk_gen  {rise@0.000ns fall@12.500ns period=25.000ns})
  Path Group:             **async_default**
  Path Type:              Recovery (Max at Slow Process Corner)
  Requirement:            25.000ns  (clk_out1_xlnx_clk_gen rise@25.000ns - clk_out1_xlnx_clk_gen rise@0.000ns)
  Data Path Delay:        3.155ns  (logic 0.718ns (22.759%)  route 2.437ns (77.241%))
  Logic Levels:           1  (LUT3=1)
  Clock Path Skew:        -0.024ns (DCD - SCD + CPR)
    Destination Clock Delay (DCD):    -1.453ns = ( 23.547 - 25.000 ) 
    Source Clock Delay      (SCD):    -0.820ns
    Clock Pessimism Removal (CPR):    0.608ns
  Clock Uncertainty:      0.082ns  ((TSJ^2 + DJ^2)^1/2) / 2 + PE
    Total System Jitter     (TSJ):    0.071ns
    Discrete Jitter          (DJ):    0.149ns
    Phase Error              (PE):    0.000ns

    Location             Delay type                Incr(ns)  Path(ns)    Netlist Resource(s)
  -------------------------------------------------------------------    -------------------
                         (clock clk_out1_xlnx_clk_gen rise edge)
                                                      0.000     0.000 r  
    K17                                               0.000     0.000 r  clk_sys (IN)
                         net (fo=0)                   0.000     0.000    i_xlnx_clk_gen/inst/clk_in1
    K17                  IBUF (Prop_ibuf_I_O)         1.475     1.475 r  i_xlnx_clk_gen/inst/clkin1_ibufg/O
                         net (fo=1, routed)           1.285     2.760    i_xlnx_clk_gen/inst/clk_in1_xlnx_clk_gen
    MMCME2_ADV_X1Y2      MMCME2_ADV (Prop_mmcme2_adv_CLKIN1_CLKOUT0)
                                                     -7.759    -4.999 r  i_xlnx_clk_gen/inst/mmcm_adv_inst/CLKOUT0
                         net (fo=1, routed)           2.206    -2.793    i_xlnx_clk_gen/inst/clk_out1_xlnx_clk_gen
    BUFGCTRL_X0Y16       BUFG (Prop_bufg_I_O)         0.101    -2.692 r  i_xlnx_clk_gen/inst/clkout1_buf/O
                         net (fo=31820, routed)       1.872    -0.820    i_axi_dwidth_converter_dm_slave/inst/gen_downsizer.gen_simple_downsizer.axi_downsizer_inst/USE_WRITE.write_addr_inst/cmd_queue/inst/fifo_gen_inst/inst_fifo_gen/gconvfifo.rf/grf.rf/rstblk/ngwrdrst.grst.g7serrst.gnsckt_wrst.rst_wr_reg2_inst/dest_clk
    SLICE_X106Y17        FDPE                                         r  i_axi_dwidth_converter_dm_slave/inst/gen_downsizer.gen_simple_downsizer.axi_downsizer_inst/USE_WRITE.write_addr_inst/cmd_queue/inst/fifo_gen_inst/inst_fifo_gen/gconvfifo.rf/grf.rf/rstblk/ngwrdrst.grst.g7serrst.gnsckt_wrst.rst_wr_reg2_inst/arststages_ff_reg[1]/C
  -------------------------------------------------------------------    -------------------
    SLICE_X106Y17        FDPE (Prop_fdpe_C_Q)         0.419    -0.401 f  i_axi_dwidth_converter_dm_slave/inst/gen_downsizer.gen_simple_downsizer.axi_downsizer_inst/USE_WRITE.write_addr_inst/cmd_queue/inst/fifo_gen_inst/inst_fifo_gen/gconvfifo.rf/grf.rf/rstblk/ngwrdrst.grst.g7serrst.gnsckt_wrst.rst_wr_reg2_inst/arststages_ff_reg[1]/Q
                         net (fo=3, routed)           1.276     0.875    i_axi_dwidth_converter_dm_slave/inst/gen_downsizer.gen_simple_downsizer.axi_downsizer_inst/USE_WRITE.write_addr_inst/cmd_queue/inst/fifo_gen_inst/inst_fifo_gen/gconvfifo.rf/grf.rf/rstblk/ngwrdrst.rst_wr_reg2
    SLICE_X112Y20        LUT3 (Prop_lut3_I2_O)        0.299     1.174 f  i_axi_dwidth_converter_dm_slave/inst/gen_downsizer.gen_simple_downsizer.axi_downsizer_inst/USE_WRITE.write_addr_inst/cmd_queue/inst/fifo_gen_inst/inst_fifo_gen/gconvfifo.rf/grf.rf/rstblk/gpregsm1.curr_fwft_state[1]_i_2/O
                         net (fo=32, routed)          1.161     2.335    i_axi_dwidth_converter_dm_slave/inst/gen_downsizer.gen_simple_downsizer.axi_downsizer_inst/USE_WRITE.write_addr_inst/cmd_queue/inst/fifo_gen_inst/inst_fifo_gen/gconvfifo.rf/grf.rf/gntv_or_sync_fifo.gl0.wr/wpntr/AR[0]
    SLICE_X109Y17        FDCE                                         f  i_axi_dwidth_converter_dm_slave/inst/gen_downsizer.gen_simple_downsizer.axi_downsizer_inst/USE_WRITE.write_addr_inst/cmd_queue/inst/fifo_gen_inst/inst_fifo_gen/gconvfifo.rf/grf.rf/gntv_or_sync_fifo.gl0.wr/wpntr/gcc0.gc0.count_reg[3]/CLR
  -------------------------------------------------------------------    -------------------

                         (clock clk_out1_xlnx_clk_gen rise edge)
                                                     25.000    25.000 r  
    K17                                               0.000    25.000 r  clk_sys (IN)
                         net (fo=0)                   0.000    25.000    i_xlnx_clk_gen/inst/clk_in1
    K17                  IBUF (Prop_ibuf_I_O)         1.404    26.404 r  i_xlnx_clk_gen/inst/clkin1_ibufg/O
                         net (fo=1, routed)           1.162    27.566    i_xlnx_clk_gen/inst/clk_in1_xlnx_clk_gen
    MMCME2_ADV_X1Y2      MMCME2_ADV (Prop_mmcme2_adv_CLKIN1_CLKOUT0)
                                                     -7.814    19.752 r  i_xlnx_clk_gen/inst/mmcm_adv_inst/CLKOUT0
                         net (fo=1, routed)           2.012    21.764    i_xlnx_clk_gen/inst/clk_out1_xlnx_clk_gen
    BUFGCTRL_X0Y16       BUFG (Prop_bufg_I_O)         0.091    21.855 r  i_xlnx_clk_gen/inst/clkout1_buf/O
                         net (fo=31820, routed)       1.692    23.547    i_axi_dwidth_converter_dm_slave/inst/gen_downsizer.gen_simple_downsizer.axi_downsizer_inst/USE_WRITE.write_addr_inst/cmd_queue/inst/fifo_gen_inst/inst_fifo_gen/gconvfifo.rf/grf.rf/gntv_or_sync_fifo.gl0.wr/wpntr/clk
    SLICE_X109Y17        FDCE                                         r  i_axi_dwidth_converter_dm_slave/inst/gen_downsizer.gen_simple_downsizer.axi_downsizer_inst/USE_WRITE.write_addr_inst/cmd_queue/inst/fifo_gen_inst/inst_fifo_gen/gconvfifo.rf/grf.rf/gntv_or_sync_fifo.gl0.wr/wpntr/gcc0.gc0.count_reg[3]/C
                         clock pessimism              0.608    24.156    
                         clock uncertainty           -0.082    24.074    
    SLICE_X109Y17        FDCE (Recov_fdce_C_CLR)     -0.405    23.669    i_axi_dwidth_converter_dm_slave/inst/gen_downsizer.gen_simple_downsizer.axi_downsizer_inst/USE_WRITE.write_addr_inst/cmd_queue/inst/fifo_gen_inst/inst_fifo_gen/gconvfifo.rf/grf.rf/gntv_or_sync_fifo.gl0.wr/wpntr/gcc0.gc0.count_reg[3]
  -------------------------------------------------------------------
                         required time                         23.669    
                         arrival time                          -2.335    
  -------------------------------------------------------------------
                         slack                                 21.334    

Slack (MET) :             21.334ns  (required time - arrival time)
  Source:                 i_axi_dwidth_converter_dm_slave/inst/gen_downsizer.gen_simple_downsizer.axi_downsizer_inst/USE_WRITE.write_addr_inst/cmd_queue/inst/fifo_gen_inst/inst_fifo_gen/gconvfifo.rf/grf.rf/rstblk/ngwrdrst.grst.g7serrst.gnsckt_wrst.rst_wr_reg2_inst/arststages_ff_reg[1]/C
                            (rising edge-triggered cell FDPE clocked by clk_out1_xlnx_clk_gen  {rise@0.000ns fall@12.500ns period=25.000ns})
  Destination:            i_axi_dwidth_converter_dm_slave/inst/gen_downsizer.gen_simple_downsizer.axi_downsizer_inst/USE_WRITE.write_addr_inst/cmd_queue/inst/fifo_gen_inst/inst_fifo_gen/gconvfifo.rf/grf.rf/gntv_or_sync_fifo.gl0.wr/wpntr/gcc0.gc0.count_reg[4]/CLR
                            (recovery check against rising-edge clock clk_out1_xlnx_clk_gen  {rise@0.000ns fall@12.500ns period=25.000ns})
  Path Group:             **async_default**
  Path Type:              Recovery (Max at Slow Process Corner)
  Requirement:            25.000ns  (clk_out1_xlnx_clk_gen rise@25.000ns - clk_out1_xlnx_clk_gen rise@0.000ns)
  Data Path Delay:        3.155ns  (logic 0.718ns (22.759%)  route 2.437ns (77.241%))
  Logic Levels:           1  (LUT3=1)
  Clock Path Skew:        -0.024ns (DCD - SCD + CPR)
    Destination Clock Delay (DCD):    -1.453ns = ( 23.547 - 25.000 ) 
    Source Clock Delay      (SCD):    -0.820ns
    Clock Pessimism Removal (CPR):    0.608ns
  Clock Uncertainty:      0.082ns  ((TSJ^2 + DJ^2)^1/2) / 2 + PE
    Total System Jitter     (TSJ):    0.071ns
    Discrete Jitter          (DJ):    0.149ns
    Phase Error              (PE):    0.000ns

    Location             Delay type                Incr(ns)  Path(ns)    Netlist Resource(s)
  -------------------------------------------------------------------    -------------------
                         (clock clk_out1_xlnx_clk_gen rise edge)
                                                      0.000     0.000 r  
    K17                                               0.000     0.000 r  clk_sys (IN)
                         net (fo=0)                   0.000     0.000    i_xlnx_clk_gen/inst/clk_in1
    K17                  IBUF (Prop_ibuf_I_O)         1.475     1.475 r  i_xlnx_clk_gen/inst/clkin1_ibufg/O
                         net (fo=1, routed)           1.285     2.760    i_xlnx_clk_gen/inst/clk_in1_xlnx_clk_gen
    MMCME2_ADV_X1Y2      MMCME2_ADV (Prop_mmcme2_adv_CLKIN1_CLKOUT0)
                                                     -7.759    -4.999 r  i_xlnx_clk_gen/inst/mmcm_adv_inst/CLKOUT0
                         net (fo=1, routed)           2.206    -2.793    i_xlnx_clk_gen/inst/clk_out1_xlnx_clk_gen
    BUFGCTRL_X0Y16       BUFG (Prop_bufg_I_O)         0.101    -2.692 r  i_xlnx_clk_gen/inst/clkout1_buf/O
                         net (fo=31820, routed)       1.872    -0.820    i_axi_dwidth_converter_dm_slave/inst/gen_downsizer.gen_simple_downsizer.axi_downsizer_inst/USE_WRITE.write_addr_inst/cmd_queue/inst/fifo_gen_inst/inst_fifo_gen/gconvfifo.rf/grf.rf/rstblk/ngwrdrst.grst.g7serrst.gnsckt_wrst.rst_wr_reg2_inst/dest_clk
    SLICE_X106Y17        FDPE                                         r  i_axi_dwidth_converter_dm_slave/inst/gen_downsizer.gen_simple_downsizer.axi_downsizer_inst/USE_WRITE.write_addr_inst/cmd_queue/inst/fifo_gen_inst/inst_fifo_gen/gconvfifo.rf/grf.rf/rstblk/ngwrdrst.grst.g7serrst.gnsckt_wrst.rst_wr_reg2_inst/arststages_ff_reg[1]/C
  -------------------------------------------------------------------    -------------------
    SLICE_X106Y17        FDPE (Prop_fdpe_C_Q)         0.419    -0.401 f  i_axi_dwidth_converter_dm_slave/inst/gen_downsizer.gen_simple_downsizer.axi_downsizer_inst/USE_WRITE.write_addr_inst/cmd_queue/inst/fifo_gen_inst/inst_fifo_gen/gconvfifo.rf/grf.rf/rstblk/ngwrdrst.grst.g7serrst.gnsckt_wrst.rst_wr_reg2_inst/arststages_ff_reg[1]/Q
                         net (fo=3, routed)           1.276     0.875    i_axi_dwidth_converter_dm_slave/inst/gen_downsizer.gen_simple_downsizer.axi_downsizer_inst/USE_WRITE.write_addr_inst/cmd_queue/inst/fifo_gen_inst/inst_fifo_gen/gconvfifo.rf/grf.rf/rstblk/ngwrdrst.rst_wr_reg2
    SLICE_X112Y20        LUT3 (Prop_lut3_I2_O)        0.299     1.174 f  i_axi_dwidth_converter_dm_slave/inst/gen_downsizer.gen_simple_downsizer.axi_downsizer_inst/USE_WRITE.write_addr_inst/cmd_queue/inst/fifo_gen_inst/inst_fifo_gen/gconvfifo.rf/grf.rf/rstblk/gpregsm1.curr_fwft_state[1]_i_2/O
                         net (fo=32, routed)          1.161     2.335    i_axi_dwidth_converter_dm_slave/inst/gen_downsizer.gen_simple_downsizer.axi_downsizer_inst/USE_WRITE.write_addr_inst/cmd_queue/inst/fifo_gen_inst/inst_fifo_gen/gconvfifo.rf/grf.rf/gntv_or_sync_fifo.gl0.wr/wpntr/AR[0]
    SLICE_X109Y17        FDCE                                         f  i_axi_dwidth_converter_dm_slave/inst/gen_downsizer.gen_simple_downsizer.axi_downsizer_inst/USE_WRITE.write_addr_inst/cmd_queue/inst/fifo_gen_inst/inst_fifo_gen/gconvfifo.rf/grf.rf/gntv_or_sync_fifo.gl0.wr/wpntr/gcc0.gc0.count_reg[4]/CLR
  -------------------------------------------------------------------    -------------------

                         (clock clk_out1_xlnx_clk_gen rise edge)
                                                     25.000    25.000 r  
    K17                                               0.000    25.000 r  clk_sys (IN)
                         net (fo=0)                   0.000    25.000    i_xlnx_clk_gen/inst/clk_in1
    K17                  IBUF (Prop_ibuf_I_O)         1.404    26.404 r  i_xlnx_clk_gen/inst/clkin1_ibufg/O
                         net (fo=1, routed)           1.162    27.566    i_xlnx_clk_gen/inst/clk_in1_xlnx_clk_gen
    MMCME2_ADV_X1Y2      MMCME2_ADV (Prop_mmcme2_adv_CLKIN1_CLKOUT0)
                                                     -7.814    19.752 r  i_xlnx_clk_gen/inst/mmcm_adv_inst/CLKOUT0
                         net (fo=1, routed)           2.012    21.764    i_xlnx_clk_gen/inst/clk_out1_xlnx_clk_gen
    BUFGCTRL_X0Y16       BUFG (Prop_bufg_I_O)         0.091    21.855 r  i_xlnx_clk_gen/inst/clkout1_buf/O
                         net (fo=31820, routed)       1.692    23.547    i_axi_dwidth_converter_dm_slave/inst/gen_downsizer.gen_simple_downsizer.axi_downsizer_inst/USE_WRITE.write_addr_inst/cmd_queue/inst/fifo_gen_inst/inst_fifo_gen/gconvfifo.rf/grf.rf/gntv_or_sync_fifo.gl0.wr/wpntr/clk
    SLICE_X109Y17        FDCE                                         r  i_axi_dwidth_converter_dm_slave/inst/gen_downsizer.gen_simple_downsizer.axi_downsizer_inst/USE_WRITE.write_addr_inst/cmd_queue/inst/fifo_gen_inst/inst_fifo_gen/gconvfifo.rf/grf.rf/gntv_or_sync_fifo.gl0.wr/wpntr/gcc0.gc0.count_reg[4]/C
                         clock pessimism              0.608    24.156    
                         clock uncertainty           -0.082    24.074    
    SLICE_X109Y17        FDCE (Recov_fdce_C_CLR)     -0.405    23.669    i_axi_dwidth_converter_dm_slave/inst/gen_downsizer.gen_simple_downsizer.axi_downsizer_inst/USE_WRITE.write_addr_inst/cmd_queue/inst/fifo_gen_inst/inst_fifo_gen/gconvfifo.rf/grf.rf/gntv_or_sync_fifo.gl0.wr/wpntr/gcc0.gc0.count_reg[4]
  -------------------------------------------------------------------
                         required time                         23.669    
                         arrival time                          -2.335    
  -------------------------------------------------------------------
                         slack                                 21.334    

Slack (MET) :             21.407ns  (required time - arrival time)
  Source:                 i_axi_dwidth_converter_dm_slave/inst/gen_downsizer.gen_simple_downsizer.axi_downsizer_inst/USE_WRITE.write_addr_inst/cmd_queue/inst/fifo_gen_inst/inst_fifo_gen/gconvfifo.rf/grf.rf/rstblk/ngwrdrst.grst.g7serrst.gnsckt_wrst.rst_wr_reg2_inst/arststages_ff_reg[1]/C
                            (rising edge-triggered cell FDPE clocked by clk_out1_xlnx_clk_gen  {rise@0.000ns fall@12.500ns period=25.000ns})
  Destination:            i_axi_dwidth_converter_dm_slave/inst/gen_downsizer.gen_simple_downsizer.axi_downsizer_inst/USE_WRITE.write_addr_inst/cmd_queue/inst/fifo_gen_inst/inst_fifo_gen/gconvfifo.rf/grf.rf/gntv_or_sync_fifo.gl0.rd/gr1.gr1_int.rfwft/gpregsm1.curr_fwft_state_reg[0]/CLR
                            (recovery check against rising-edge clock clk_out1_xlnx_clk_gen  {rise@0.000ns fall@12.500ns period=25.000ns})
  Path Group:             **async_default**
  Path Type:              Recovery (Max at Slow Process Corner)
  Requirement:            25.000ns  (clk_out1_xlnx_clk_gen rise@25.000ns - clk_out1_xlnx_clk_gen rise@0.000ns)
  Data Path Delay:        3.043ns  (logic 0.718ns (23.595%)  route 2.325ns (76.405%))
  Logic Levels:           1  (LUT3=1)
  Clock Path Skew:        -0.063ns (DCD - SCD + CPR)
    Destination Clock Delay (DCD):    -1.451ns = ( 23.549 - 25.000 ) 
    Source Clock Delay      (SCD):    -0.820ns
    Clock Pessimism Removal (CPR):    0.567ns
  Clock Uncertainty:      0.082ns  ((TSJ^2 + DJ^2)^1/2) / 2 + PE
    Total System Jitter     (TSJ):    0.071ns
    Discrete Jitter          (DJ):    0.149ns
    Phase Error              (PE):    0.000ns

    Location             Delay type                Incr(ns)  Path(ns)    Netlist Resource(s)
  -------------------------------------------------------------------    -------------------
                         (clock clk_out1_xlnx_clk_gen rise edge)
                                                      0.000     0.000 r  
    K17                                               0.000     0.000 r  clk_sys (IN)
                         net (fo=0)                   0.000     0.000    i_xlnx_clk_gen/inst/clk_in1
    K17                  IBUF (Prop_ibuf_I_O)         1.475     1.475 r  i_xlnx_clk_gen/inst/clkin1_ibufg/O
                         net (fo=1, routed)           1.285     2.760    i_xlnx_clk_gen/inst/clk_in1_xlnx_clk_gen
    MMCME2_ADV_X1Y2      MMCME2_ADV (Prop_mmcme2_adv_CLKIN1_CLKOUT0)
                                                     -7.759    -4.999 r  i_xlnx_clk_gen/inst/mmcm_adv_inst/CLKOUT0
                         net (fo=1, routed)           2.206    -2.793    i_xlnx_clk_gen/inst/clk_out1_xlnx_clk_gen
    BUFGCTRL_X0Y16       BUFG (Prop_bufg_I_O)         0.101    -2.692 r  i_xlnx_clk_gen/inst/clkout1_buf/O
                         net (fo=31820, routed)       1.872    -0.820    i_axi_dwidth_converter_dm_slave/inst/gen_downsizer.gen_simple_downsizer.axi_downsizer_inst/USE_WRITE.write_addr_inst/cmd_queue/inst/fifo_gen_inst/inst_fifo_gen/gconvfifo.rf/grf.rf/rstblk/ngwrdrst.grst.g7serrst.gnsckt_wrst.rst_wr_reg2_inst/dest_clk
    SLICE_X106Y17        FDPE                                         r  i_axi_dwidth_converter_dm_slave/inst/gen_downsizer.gen_simple_downsizer.axi_downsizer_inst/USE_WRITE.write_addr_inst/cmd_queue/inst/fifo_gen_inst/inst_fifo_gen/gconvfifo.rf/grf.rf/rstblk/ngwrdrst.grst.g7serrst.gnsckt_wrst.rst_wr_reg2_inst/arststages_ff_reg[1]/C
  -------------------------------------------------------------------    -------------------
    SLICE_X106Y17        FDPE (Prop_fdpe_C_Q)         0.419    -0.401 f  i_axi_dwidth_converter_dm_slave/inst/gen_downsizer.gen_simple_downsizer.axi_downsizer_inst/USE_WRITE.write_addr_inst/cmd_queue/inst/fifo_gen_inst/inst_fifo_gen/gconvfifo.rf/grf.rf/rstblk/ngwrdrst.grst.g7serrst.gnsckt_wrst.rst_wr_reg2_inst/arststages_ff_reg[1]/Q
                         net (fo=3, routed)           1.276     0.875    i_axi_dwidth_converter_dm_slave/inst/gen_downsizer.gen_simple_downsizer.axi_downsizer_inst/USE_WRITE.write_addr_inst/cmd_queue/inst/fifo_gen_inst/inst_fifo_gen/gconvfifo.rf/grf.rf/rstblk/ngwrdrst.rst_wr_reg2
    SLICE_X112Y20        LUT3 (Prop_lut3_I2_O)        0.299     1.174 f  i_axi_dwidth_converter_dm_slave/inst/gen_downsizer.gen_simple_downsizer.axi_downsizer_inst/USE_WRITE.write_addr_inst/cmd_queue/inst/fifo_gen_inst/inst_fifo_gen/gconvfifo.rf/grf.rf/rstblk/gpregsm1.curr_fwft_state[1]_i_2/O
                         net (fo=32, routed)          1.049     2.223    i_axi_dwidth_converter_dm_slave/inst/gen_downsizer.gen_simple_downsizer.axi_downsizer_inst/USE_WRITE.write_addr_inst/cmd_queue/inst/fifo_gen_inst/inst_fifo_gen/gconvfifo.rf/grf.rf/gntv_or_sync_fifo.gl0.rd/gr1.gr1_int.rfwft/gpregsm1.user_valid_reg_0
    SLICE_X110Y17        FDCE                                         f  i_axi_dwidth_converter_dm_slave/inst/gen_downsizer.gen_simple_downsizer.axi_downsizer_inst/USE_WRITE.write_addr_inst/cmd_queue/inst/fifo_gen_inst/inst_fifo_gen/gconvfifo.rf/grf.rf/gntv_or_sync_fifo.gl0.rd/gr1.gr1_int.rfwft/gpregsm1.curr_fwft_state_reg[0]/CLR
  -------------------------------------------------------------------    -------------------

                         (clock clk_out1_xlnx_clk_gen rise edge)
                                                     25.000    25.000 r  
    K17                                               0.000    25.000 r  clk_sys (IN)
                         net (fo=0)                   0.000    25.000    i_xlnx_clk_gen/inst/clk_in1
    K17                  IBUF (Prop_ibuf_I_O)         1.404    26.404 r  i_xlnx_clk_gen/inst/clkin1_ibufg/O
                         net (fo=1, routed)           1.162    27.566    i_xlnx_clk_gen/inst/clk_in1_xlnx_clk_gen
    MMCME2_ADV_X1Y2      MMCME2_ADV (Prop_mmcme2_adv_CLKIN1_CLKOUT0)
                                                     -7.814    19.752 r  i_xlnx_clk_gen/inst/mmcm_adv_inst/CLKOUT0
                         net (fo=1, routed)           2.012    21.764    i_xlnx_clk_gen/inst/clk_out1_xlnx_clk_gen
    BUFGCTRL_X0Y16       BUFG (Prop_bufg_I_O)         0.091    21.855 r  i_xlnx_clk_gen/inst/clkout1_buf/O
                         net (fo=31820, routed)       1.694    23.549    i_axi_dwidth_converter_dm_slave/inst/gen_downsizer.gen_simple_downsizer.axi_downsizer_inst/USE_WRITE.write_addr_inst/cmd_queue/inst/fifo_gen_inst/inst_fifo_gen/gconvfifo.rf/grf.rf/gntv_or_sync_fifo.gl0.rd/gr1.gr1_int.rfwft/clk
    SLICE_X110Y17        FDCE                                         r  i_axi_dwidth_converter_dm_slave/inst/gen_downsizer.gen_simple_downsizer.axi_downsizer_inst/USE_WRITE.write_addr_inst/cmd_queue/inst/fifo_gen_inst/inst_fifo_gen/gconvfifo.rf/grf.rf/gntv_or_sync_fifo.gl0.rd/gr1.gr1_int.rfwft/gpregsm1.curr_fwft_state_reg[0]/C
                         clock pessimism              0.567    24.117    
                         clock uncertainty           -0.082    24.035    
    SLICE_X110Y17        FDCE (Recov_fdce_C_CLR)     -0.405    23.630    i_axi_dwidth_converter_dm_slave/inst/gen_downsizer.gen_simple_downsizer.axi_downsizer_inst/USE_WRITE.write_addr_inst/cmd_queue/inst/fifo_gen_inst/inst_fifo_gen/gconvfifo.rf/grf.rf/gntv_or_sync_fifo.gl0.rd/gr1.gr1_int.rfwft/gpregsm1.curr_fwft_state_reg[0]
  -------------------------------------------------------------------
                         required time                         23.630    
                         arrival time                          -2.223    
  -------------------------------------------------------------------
                         slack                                 21.407    

Slack (MET) :             21.407ns  (required time - arrival time)
  Source:                 i_axi_dwidth_converter_dm_slave/inst/gen_downsizer.gen_simple_downsizer.axi_downsizer_inst/USE_WRITE.write_addr_inst/cmd_queue/inst/fifo_gen_inst/inst_fifo_gen/gconvfifo.rf/grf.rf/rstblk/ngwrdrst.grst.g7serrst.gnsckt_wrst.rst_wr_reg2_inst/arststages_ff_reg[1]/C
                            (rising edge-triggered cell FDPE clocked by clk_out1_xlnx_clk_gen  {rise@0.000ns fall@12.500ns period=25.000ns})
  Destination:            i_axi_dwidth_converter_dm_slave/inst/gen_downsizer.gen_simple_downsizer.axi_downsizer_inst/USE_WRITE.write_addr_inst/cmd_queue/inst/fifo_gen_inst/inst_fifo_gen/gconvfifo.rf/grf.rf/gntv_or_sync_fifo.gl0.rd/gr1.gr1_int.rfwft/gpregsm1.curr_fwft_state_reg[1]/CLR
                            (recovery check against rising-edge clock clk_out1_xlnx_clk_gen  {rise@0.000ns fall@12.500ns period=25.000ns})
  Path Group:             **async_default**
  Path Type:              Recovery (Max at Slow Process Corner)
  Requirement:            25.000ns  (clk_out1_xlnx_clk_gen rise@25.000ns - clk_out1_xlnx_clk_gen rise@0.000ns)
  Data Path Delay:        3.043ns  (logic 0.718ns (23.595%)  route 2.325ns (76.405%))
  Logic Levels:           1  (LUT3=1)
  Clock Path Skew:        -0.063ns (DCD - SCD + CPR)
    Destination Clock Delay (DCD):    -1.451ns = ( 23.549 - 25.000 ) 
    Source Clock Delay      (SCD):    -0.820ns
    Clock Pessimism Removal (CPR):    0.567ns
  Clock Uncertainty:      0.082ns  ((TSJ^2 + DJ^2)^1/2) / 2 + PE
    Total System Jitter     (TSJ):    0.071ns
    Discrete Jitter          (DJ):    0.149ns
    Phase Error              (PE):    0.000ns

    Location             Delay type                Incr(ns)  Path(ns)    Netlist Resource(s)
  -------------------------------------------------------------------    -------------------
                         (clock clk_out1_xlnx_clk_gen rise edge)
                                                      0.000     0.000 r  
    K17                                               0.000     0.000 r  clk_sys (IN)
                         net (fo=0)                   0.000     0.000    i_xlnx_clk_gen/inst/clk_in1
    K17                  IBUF (Prop_ibuf_I_O)         1.475     1.475 r  i_xlnx_clk_gen/inst/clkin1_ibufg/O
                         net (fo=1, routed)           1.285     2.760    i_xlnx_clk_gen/inst/clk_in1_xlnx_clk_gen
    MMCME2_ADV_X1Y2      MMCME2_ADV (Prop_mmcme2_adv_CLKIN1_CLKOUT0)
                                                     -7.759    -4.999 r  i_xlnx_clk_gen/inst/mmcm_adv_inst/CLKOUT0
                         net (fo=1, routed)           2.206    -2.793    i_xlnx_clk_gen/inst/clk_out1_xlnx_clk_gen
    BUFGCTRL_X0Y16       BUFG (Prop_bufg_I_O)         0.101    -2.692 r  i_xlnx_clk_gen/inst/clkout1_buf/O
                         net (fo=31820, routed)       1.872    -0.820    i_axi_dwidth_converter_dm_slave/inst/gen_downsizer.gen_simple_downsizer.axi_downsizer_inst/USE_WRITE.write_addr_inst/cmd_queue/inst/fifo_gen_inst/inst_fifo_gen/gconvfifo.rf/grf.rf/rstblk/ngwrdrst.grst.g7serrst.gnsckt_wrst.rst_wr_reg2_inst/dest_clk
    SLICE_X106Y17        FDPE                                         r  i_axi_dwidth_converter_dm_slave/inst/gen_downsizer.gen_simple_downsizer.axi_downsizer_inst/USE_WRITE.write_addr_inst/cmd_queue/inst/fifo_gen_inst/inst_fifo_gen/gconvfifo.rf/grf.rf/rstblk/ngwrdrst.grst.g7serrst.gnsckt_wrst.rst_wr_reg2_inst/arststages_ff_reg[1]/C
  -------------------------------------------------------------------    -------------------
    SLICE_X106Y17        FDPE (Prop_fdpe_C_Q)         0.419    -0.401 f  i_axi_dwidth_converter_dm_slave/inst/gen_downsizer.gen_simple_downsizer.axi_downsizer_inst/USE_WRITE.write_addr_inst/cmd_queue/inst/fifo_gen_inst/inst_fifo_gen/gconvfifo.rf/grf.rf/rstblk/ngwrdrst.grst.g7serrst.gnsckt_wrst.rst_wr_reg2_inst/arststages_ff_reg[1]/Q
                         net (fo=3, routed)           1.276     0.875    i_axi_dwidth_converter_dm_slave/inst/gen_downsizer.gen_simple_downsizer.axi_downsizer_inst/USE_WRITE.write_addr_inst/cmd_queue/inst/fifo_gen_inst/inst_fifo_gen/gconvfifo.rf/grf.rf/rstblk/ngwrdrst.rst_wr_reg2
    SLICE_X112Y20        LUT3 (Prop_lut3_I2_O)        0.299     1.174 f  i_axi_dwidth_converter_dm_slave/inst/gen_downsizer.gen_simple_downsizer.axi_downsizer_inst/USE_WRITE.write_addr_inst/cmd_queue/inst/fifo_gen_inst/inst_fifo_gen/gconvfifo.rf/grf.rf/rstblk/gpregsm1.curr_fwft_state[1]_i_2/O
                         net (fo=32, routed)          1.049     2.223    i_axi_dwidth_converter_dm_slave/inst/gen_downsizer.gen_simple_downsizer.axi_downsizer_inst/USE_WRITE.write_addr_inst/cmd_queue/inst/fifo_gen_inst/inst_fifo_gen/gconvfifo.rf/grf.rf/gntv_or_sync_fifo.gl0.rd/gr1.gr1_int.rfwft/gpregsm1.user_valid_reg_0
    SLICE_X110Y17        FDCE                                         f  i_axi_dwidth_converter_dm_slave/inst/gen_downsizer.gen_simple_downsizer.axi_downsizer_inst/USE_WRITE.write_addr_inst/cmd_queue/inst/fifo_gen_inst/inst_fifo_gen/gconvfifo.rf/grf.rf/gntv_or_sync_fifo.gl0.rd/gr1.gr1_int.rfwft/gpregsm1.curr_fwft_state_reg[1]/CLR
  -------------------------------------------------------------------    -------------------

                         (clock clk_out1_xlnx_clk_gen rise edge)
                                                     25.000    25.000 r  
    K17                                               0.000    25.000 r  clk_sys (IN)
                         net (fo=0)                   0.000    25.000    i_xlnx_clk_gen/inst/clk_in1
    K17                  IBUF (Prop_ibuf_I_O)         1.404    26.404 r  i_xlnx_clk_gen/inst/clkin1_ibufg/O
                         net (fo=1, routed)           1.162    27.566    i_xlnx_clk_gen/inst/clk_in1_xlnx_clk_gen
    MMCME2_ADV_X1Y2      MMCME2_ADV (Prop_mmcme2_adv_CLKIN1_CLKOUT0)
                                                     -7.814    19.752 r  i_xlnx_clk_gen/inst/mmcm_adv_inst/CLKOUT0
                         net (fo=1, routed)           2.012    21.764    i_xlnx_clk_gen/inst/clk_out1_xlnx_clk_gen
    BUFGCTRL_X0Y16       BUFG (Prop_bufg_I_O)         0.091    21.855 r  i_xlnx_clk_gen/inst/clkout1_buf/O
                         net (fo=31820, routed)       1.694    23.549    i_axi_dwidth_converter_dm_slave/inst/gen_downsizer.gen_simple_downsizer.axi_downsizer_inst/USE_WRITE.write_addr_inst/cmd_queue/inst/fifo_gen_inst/inst_fifo_gen/gconvfifo.rf/grf.rf/gntv_or_sync_fifo.gl0.rd/gr1.gr1_int.rfwft/clk
    SLICE_X110Y17        FDCE                                         r  i_axi_dwidth_converter_dm_slave/inst/gen_downsizer.gen_simple_downsizer.axi_downsizer_inst/USE_WRITE.write_addr_inst/cmd_queue/inst/fifo_gen_inst/inst_fifo_gen/gconvfifo.rf/grf.rf/gntv_or_sync_fifo.gl0.rd/gr1.gr1_int.rfwft/gpregsm1.curr_fwft_state_reg[1]/C
                         clock pessimism              0.567    24.117    
                         clock uncertainty           -0.082    24.035    
    SLICE_X110Y17        FDCE (Recov_fdce_C_CLR)     -0.405    23.630    i_axi_dwidth_converter_dm_slave/inst/gen_downsizer.gen_simple_downsizer.axi_downsizer_inst/USE_WRITE.write_addr_inst/cmd_queue/inst/fifo_gen_inst/inst_fifo_gen/gconvfifo.rf/grf.rf/gntv_or_sync_fifo.gl0.rd/gr1.gr1_int.rfwft/gpregsm1.curr_fwft_state_reg[1]
  -------------------------------------------------------------------
                         required time                         23.630    
                         arrival time                          -2.223    
  -------------------------------------------------------------------
                         slack                                 21.407    

Slack (MET) :             21.407ns  (required time - arrival time)
  Source:                 i_axi_dwidth_converter_dm_slave/inst/gen_downsizer.gen_simple_downsizer.axi_downsizer_inst/USE_WRITE.write_addr_inst/cmd_queue/inst/fifo_gen_inst/inst_fifo_gen/gconvfifo.rf/grf.rf/rstblk/ngwrdrst.grst.g7serrst.gnsckt_wrst.rst_wr_reg2_inst/arststages_ff_reg[1]/C
                            (rising edge-triggered cell FDPE clocked by clk_out1_xlnx_clk_gen  {rise@0.000ns fall@12.500ns period=25.000ns})
  Destination:            i_axi_dwidth_converter_dm_slave/inst/gen_downsizer.gen_simple_downsizer.axi_downsizer_inst/USE_WRITE.write_addr_inst/cmd_queue/inst/fifo_gen_inst/inst_fifo_gen/gconvfifo.rf/grf.rf/gntv_or_sync_fifo.gl0.wr/gwss.wsts/ram_full_fb_i_reg/CLR
                            (recovery check against rising-edge clock clk_out1_xlnx_clk_gen  {rise@0.000ns fall@12.500ns period=25.000ns})
  Path Group:             **async_default**
  Path Type:              Recovery (Max at Slow Process Corner)
  Requirement:            25.000ns  (clk_out1_xlnx_clk_gen rise@25.000ns - clk_out1_xlnx_clk_gen rise@0.000ns)
  Data Path Delay:        3.043ns  (logic 0.718ns (23.595%)  route 2.325ns (76.405%))
  Logic Levels:           1  (LUT3=1)
  Clock Path Skew:        -0.063ns (DCD - SCD + CPR)
    Destination Clock Delay (DCD):    -1.451ns = ( 23.549 - 25.000 ) 
    Source Clock Delay      (SCD):    -0.820ns
    Clock Pessimism Removal (CPR):    0.567ns
  Clock Uncertainty:      0.082ns  ((TSJ^2 + DJ^2)^1/2) / 2 + PE
    Total System Jitter     (TSJ):    0.071ns
    Discrete Jitter          (DJ):    0.149ns
    Phase Error              (PE):    0.000ns

    Location             Delay type                Incr(ns)  Path(ns)    Netlist Resource(s)
  -------------------------------------------------------------------    -------------------
                         (clock clk_out1_xlnx_clk_gen rise edge)
                                                      0.000     0.000 r  
    K17                                               0.000     0.000 r  clk_sys (IN)
                         net (fo=0)                   0.000     0.000    i_xlnx_clk_gen/inst/clk_in1
    K17                  IBUF (Prop_ibuf_I_O)         1.475     1.475 r  i_xlnx_clk_gen/inst/clkin1_ibufg/O
                         net (fo=1, routed)           1.285     2.760    i_xlnx_clk_gen/inst/clk_in1_xlnx_clk_gen
    MMCME2_ADV_X1Y2      MMCME2_ADV (Prop_mmcme2_adv_CLKIN1_CLKOUT0)
                                                     -7.759    -4.999 r  i_xlnx_clk_gen/inst/mmcm_adv_inst/CLKOUT0
                         net (fo=1, routed)           2.206    -2.793    i_xlnx_clk_gen/inst/clk_out1_xlnx_clk_gen
    BUFGCTRL_X0Y16       BUFG (Prop_bufg_I_O)         0.101    -2.692 r  i_xlnx_clk_gen/inst/clkout1_buf/O
                         net (fo=31820, routed)       1.872    -0.820    i_axi_dwidth_converter_dm_slave/inst/gen_downsizer.gen_simple_downsizer.axi_downsizer_inst/USE_WRITE.write_addr_inst/cmd_queue/inst/fifo_gen_inst/inst_fifo_gen/gconvfifo.rf/grf.rf/rstblk/ngwrdrst.grst.g7serrst.gnsckt_wrst.rst_wr_reg2_inst/dest_clk
    SLICE_X106Y17        FDPE                                         r  i_axi_dwidth_converter_dm_slave/inst/gen_downsizer.gen_simple_downsizer.axi_downsizer_inst/USE_WRITE.write_addr_inst/cmd_queue/inst/fifo_gen_inst/inst_fifo_gen/gconvfifo.rf/grf.rf/rstblk/ngwrdrst.grst.g7serrst.gnsckt_wrst.rst_wr_reg2_inst/arststages_ff_reg[1]/C
  -------------------------------------------------------------------    -------------------
    SLICE_X106Y17        FDPE (Prop_fdpe_C_Q)         0.419    -0.401 f  i_axi_dwidth_converter_dm_slave/inst/gen_downsizer.gen_simple_downsizer.axi_downsizer_inst/USE_WRITE.write_addr_inst/cmd_queue/inst/fifo_gen_inst/inst_fifo_gen/gconvfifo.rf/grf.rf/rstblk/ngwrdrst.grst.g7serrst.gnsckt_wrst.rst_wr_reg2_inst/arststages_ff_reg[1]/Q
                         net (fo=3, routed)           1.276     0.875    i_axi_dwidth_converter_dm_slave/inst/gen_downsizer.gen_simple_downsizer.axi_downsizer_inst/USE_WRITE.write_addr_inst/cmd_queue/inst/fifo_gen_inst/inst_fifo_gen/gconvfifo.rf/grf.rf/rstblk/ngwrdrst.rst_wr_reg2
    SLICE_X112Y20        LUT3 (Prop_lut3_I2_O)        0.299     1.174 f  i_axi_dwidth_converter_dm_slave/inst/gen_downsizer.gen_simple_downsizer.axi_downsizer_inst/USE_WRITE.write_addr_inst/cmd_queue/inst/fifo_gen_inst/inst_fifo_gen/gconvfifo.rf/grf.rf/rstblk/gpregsm1.curr_fwft_state[1]_i_2/O
                         net (fo=32, routed)          1.049     2.223    i_axi_dwidth_converter_dm_slave/inst/gen_downsizer.gen_simple_downsizer.axi_downsizer_inst/USE_WRITE.write_addr_inst/cmd_queue/inst/fifo_gen_inst/inst_fifo_gen/gconvfifo.rf/grf.rf/gntv_or_sync_fifo.gl0.wr/gwss.wsts/AR[0]
    SLICE_X110Y17        FDCE                                         f  i_axi_dwidth_converter_dm_slave/inst/gen_downsizer.gen_simple_downsizer.axi_downsizer_inst/USE_WRITE.write_addr_inst/cmd_queue/inst/fifo_gen_inst/inst_fifo_gen/gconvfifo.rf/grf.rf/gntv_or_sync_fifo.gl0.wr/gwss.wsts/ram_full_fb_i_reg/CLR
  -------------------------------------------------------------------    -------------------

                         (clock clk_out1_xlnx_clk_gen rise edge)
                                                     25.000    25.000 r  
    K17                                               0.000    25.000 r  clk_sys (IN)
                         net (fo=0)                   0.000    25.000    i_xlnx_clk_gen/inst/clk_in1
    K17                  IBUF (Prop_ibuf_I_O)         1.404    26.404 r  i_xlnx_clk_gen/inst/clkin1_ibufg/O
                         net (fo=1, routed)           1.162    27.566    i_xlnx_clk_gen/inst/clk_in1_xlnx_clk_gen
    MMCME2_ADV_X1Y2      MMCME2_ADV (Prop_mmcme2_adv_CLKIN1_CLKOUT0)
                                                     -7.814    19.752 r  i_xlnx_clk_gen/inst/mmcm_adv_inst/CLKOUT0
                         net (fo=1, routed)           2.012    21.764    i_xlnx_clk_gen/inst/clk_out1_xlnx_clk_gen
    BUFGCTRL_X0Y16       BUFG (Prop_bufg_I_O)         0.091    21.855 r  i_xlnx_clk_gen/inst/clkout1_buf/O
                         net (fo=31820, routed)       1.694    23.549    i_axi_dwidth_converter_dm_slave/inst/gen_downsizer.gen_simple_downsizer.axi_downsizer_inst/USE_WRITE.write_addr_inst/cmd_queue/inst/fifo_gen_inst/inst_fifo_gen/gconvfifo.rf/grf.rf/gntv_or_sync_fifo.gl0.wr/gwss.wsts/clk
    SLICE_X110Y17        FDCE                                         r  i_axi_dwidth_converter_dm_slave/inst/gen_downsizer.gen_simple_downsizer.axi_downsizer_inst/USE_WRITE.write_addr_inst/cmd_queue/inst/fifo_gen_inst/inst_fifo_gen/gconvfifo.rf/grf.rf/gntv_or_sync_fifo.gl0.wr/gwss.wsts/ram_full_fb_i_reg/C
                         clock pessimism              0.567    24.117    
                         clock uncertainty           -0.082    24.035    
    SLICE_X110Y17        FDCE (Recov_fdce_C_CLR)     -0.405    23.630    i_axi_dwidth_converter_dm_slave/inst/gen_downsizer.gen_simple_downsizer.axi_downsizer_inst/USE_WRITE.write_addr_inst/cmd_queue/inst/fifo_gen_inst/inst_fifo_gen/gconvfifo.rf/grf.rf/gntv_or_sync_fifo.gl0.wr/gwss.wsts/ram_full_fb_i_reg
  -------------------------------------------------------------------
                         required time                         23.630    
                         arrival time                          -2.223    
  -------------------------------------------------------------------
                         slack                                 21.407    





Min Delay Paths
--------------------------------------------------------------------------------------
Slack (MET) :             0.537ns  (arrival time - required time)
  Source:                 i_axi_dwidth_converter_dm_slave/inst/gen_downsizer.gen_simple_downsizer.axi_downsizer_inst/USE_READ.read_addr_inst/cmd_queue/inst/fifo_gen_inst/inst_fifo_gen/gconvfifo.rf/grf.rf/rstblk/ngwrdrst.grst.g7serrst.gnsckt_wrst.gcc_rst.sckt_wr_rst_cc_reg[1]/C
                            (rising edge-triggered cell FDRE clocked by clk_out1_xlnx_clk_gen  {rise@0.000ns fall@12.500ns period=25.000ns})
  Destination:            i_axi_dwidth_converter_dm_slave/inst/gen_downsizer.gen_simple_downsizer.axi_downsizer_inst/USE_READ.read_addr_inst/cmd_queue/inst/fifo_gen_inst/inst_fifo_gen/gconvfifo.rf/grf.rf/gntv_or_sync_fifo.gl0.rd/gr1.gr1_int.rfwft/gpregsm1.curr_fwft_state_reg[0]/CLR
                            (removal check against rising-edge clock clk_out1_xlnx_clk_gen  {rise@0.000ns fall@12.500ns period=25.000ns})
  Path Group:             **async_default**
  Path Type:              Removal (Min at Fast Process Corner)
  Requirement:            0.000ns  (clk_out1_xlnx_clk_gen rise@0.000ns - clk_out1_xlnx_clk_gen rise@0.000ns)
  Data Path Delay:        0.481ns  (logic 0.186ns (38.652%)  route 0.295ns (61.348%))
  Logic Levels:           1  (LUT3=1)
  Clock Path Skew:        0.036ns (DCD - SCD - CPR)
    Destination Clock Delay (DCD):    -0.817ns
    Source Clock Delay      (SCD):    -0.579ns
    Clock Pessimism Removal (CPR):    -0.275ns

    Location             Delay type                Incr(ns)  Path(ns)    Netlist Resource(s)
  -------------------------------------------------------------------    -------------------
                         (clock clk_out1_xlnx_clk_gen rise edge)
                                                      0.000     0.000 r  
    K17                                               0.000     0.000 r  clk_sys (IN)
                         net (fo=0)                   0.000     0.000    i_xlnx_clk_gen/inst/clk_in1
    K17                  IBUF (Prop_ibuf_I_O)         0.243     0.243 r  i_xlnx_clk_gen/inst/clkin1_ibufg/O
                         net (fo=1, routed)           0.440     0.683    i_xlnx_clk_gen/inst/clk_in1_xlnx_clk_gen
    MMCME2_ADV_X1Y2      MMCME2_ADV (Prop_mmcme2_adv_CLKIN1_CLKOUT0)
                                                     -2.613    -1.930 r  i_xlnx_clk_gen/inst/mmcm_adv_inst/CLKOUT0
                         net (fo=1, routed)           0.696    -1.233    i_xlnx_clk_gen/inst/clk_out1_xlnx_clk_gen
    BUFGCTRL_X0Y16       BUFG (Prop_bufg_I_O)         0.026    -1.207 r  i_xlnx_clk_gen/inst/clkout1_buf/O
                         net (fo=31820, routed)       0.629    -0.579    i_axi_dwidth_converter_dm_slave/inst/gen_downsizer.gen_simple_downsizer.axi_downsizer_inst/USE_READ.read_addr_inst/cmd_queue/inst/fifo_gen_inst/inst_fifo_gen/gconvfifo.rf/grf.rf/rstblk/clk
    SLICE_X113Y25        FDRE                                         r  i_axi_dwidth_converter_dm_slave/inst/gen_downsizer.gen_simple_downsizer.axi_downsizer_inst/USE_READ.read_addr_inst/cmd_queue/inst/fifo_gen_inst/inst_fifo_gen/gconvfifo.rf/grf.rf/rstblk/ngwrdrst.grst.g7serrst.gnsckt_wrst.gcc_rst.sckt_wr_rst_cc_reg[1]/C
  -------------------------------------------------------------------    -------------------
    SLICE_X113Y25        FDRE (Prop_fdre_C_Q)         0.141    -0.438 f  i_axi_dwidth_converter_dm_slave/inst/gen_downsizer.gen_simple_downsizer.axi_downsizer_inst/USE_READ.read_addr_inst/cmd_queue/inst/fifo_gen_inst/inst_fifo_gen/gconvfifo.rf/grf.rf/rstblk/ngwrdrst.grst.g7serrst.gnsckt_wrst.gcc_rst.sckt_wr_rst_cc_reg[1]/Q
                         net (fo=2, routed)           0.065    -0.373    i_axi_dwidth_converter_dm_slave/inst/gen_downsizer.gen_simple_downsizer.axi_downsizer_inst/USE_READ.read_addr_inst/cmd_queue/inst/fifo_gen_inst/inst_fifo_gen/gconvfifo.rf/grf.rf/rstblk/ngwrdrst.grst.g7serrst.gnsckt_wrst.gcc_rst.sckt_wr_rst_cc[1]
    SLICE_X112Y25        LUT3 (Prop_lut3_I0_O)        0.045    -0.328 f  i_axi_dwidth_converter_dm_slave/inst/gen_downsizer.gen_simple_downsizer.axi_downsizer_inst/USE_READ.read_addr_inst/cmd_queue/inst/fifo_gen_inst/inst_fifo_gen/gconvfifo.rf/grf.rf/rstblk/gpregsm1.curr_fwft_state[1]_i_2/O
                         net (fo=32, routed)          0.230    -0.097    i_axi_dwidth_converter_dm_slave/inst/gen_downsizer.gen_simple_downsizer.axi_downsizer_inst/USE_READ.read_addr_inst/cmd_queue/inst/fifo_gen_inst/inst_fifo_gen/gconvfifo.rf/grf.rf/gntv_or_sync_fifo.gl0.rd/gr1.gr1_int.rfwft/gpregsm1.user_valid_reg_0
    SLICE_X113Y23        FDCE                                         f  i_axi_dwidth_converter_dm_slave/inst/gen_downsizer.gen_simple_downsizer.axi_downsizer_inst/USE_READ.read_addr_inst/cmd_queue/inst/fifo_gen_inst/inst_fifo_gen/gconvfifo.rf/grf.rf/gntv_or_sync_fifo.gl0.rd/gr1.gr1_int.rfwft/gpregsm1.curr_fwft_state_reg[0]/CLR
  -------------------------------------------------------------------    -------------------

                         (clock clk_out1_xlnx_clk_gen rise edge)
                                                      0.000     0.000 r  
    K17                                               0.000     0.000 r  clk_sys (IN)
                         net (fo=0)                   0.000     0.000    i_xlnx_clk_gen/inst/clk_in1
    K17                  IBUF (Prop_ibuf_I_O)         0.431     0.431 r  i_xlnx_clk_gen/inst/clkin1_ibufg/O
                         net (fo=1, routed)           0.480     0.911    i_xlnx_clk_gen/inst/clk_in1_xlnx_clk_gen
    MMCME2_ADV_X1Y2      MMCME2_ADV (Prop_mmcme2_adv_CLKIN1_CLKOUT0)
                                                     -3.407    -2.496 r  i_xlnx_clk_gen/inst/mmcm_adv_inst/CLKOUT0
                         net (fo=1, routed)           0.752    -1.744    i_xlnx_clk_gen/inst/clk_out1_xlnx_clk_gen
    BUFGCTRL_X0Y16       BUFG (Prop_bufg_I_O)         0.029    -1.715 r  i_xlnx_clk_gen/inst/clkout1_buf/O
                         net (fo=31820, routed)       0.898    -0.817    i_axi_dwidth_converter_dm_slave/inst/gen_downsizer.gen_simple_downsizer.axi_downsizer_inst/USE_READ.read_addr_inst/cmd_queue/inst/fifo_gen_inst/inst_fifo_gen/gconvfifo.rf/grf.rf/gntv_or_sync_fifo.gl0.rd/gr1.gr1_int.rfwft/clk
    SLICE_X113Y23        FDCE                                         r  i_axi_dwidth_converter_dm_slave/inst/gen_downsizer.gen_simple_downsizer.axi_downsizer_inst/USE_READ.read_addr_inst/cmd_queue/inst/fifo_gen_inst/inst_fifo_gen/gconvfifo.rf/grf.rf/gntv_or_sync_fifo.gl0.rd/gr1.gr1_int.rfwft/gpregsm1.curr_fwft_state_reg[0]/C
                         clock pessimism              0.275    -0.543    
    SLICE_X113Y23        FDCE (Remov_fdce_C_CLR)     -0.092    -0.635    i_axi_dwidth_converter_dm_slave/inst/gen_downsizer.gen_simple_downsizer.axi_downsizer_inst/USE_READ.read_addr_inst/cmd_queue/inst/fifo_gen_inst/inst_fifo_gen/gconvfifo.rf/grf.rf/gntv_or_sync_fifo.gl0.rd/gr1.gr1_int.rfwft/gpregsm1.curr_fwft_state_reg[0]
  -------------------------------------------------------------------
                         required time                          0.635    
                         arrival time                          -0.097    
  -------------------------------------------------------------------
                         slack                                  0.537    

Slack (MET) :             0.537ns  (arrival time - required time)
  Source:                 i_axi_dwidth_converter_dm_slave/inst/gen_downsizer.gen_simple_downsizer.axi_downsizer_inst/USE_READ.read_addr_inst/cmd_queue/inst/fifo_gen_inst/inst_fifo_gen/gconvfifo.rf/grf.rf/rstblk/ngwrdrst.grst.g7serrst.gnsckt_wrst.gcc_rst.sckt_wr_rst_cc_reg[1]/C
                            (rising edge-triggered cell FDRE clocked by clk_out1_xlnx_clk_gen  {rise@0.000ns fall@12.500ns period=25.000ns})
  Destination:            i_axi_dwidth_converter_dm_slave/inst/gen_downsizer.gen_simple_downsizer.axi_downsizer_inst/USE_READ.read_addr_inst/cmd_queue/inst/fifo_gen_inst/inst_fifo_gen/gconvfifo.rf/grf.rf/gntv_or_sync_fifo.gl0.rd/gr1.gr1_int.rfwft/gpregsm1.curr_fwft_state_reg[1]/CLR
                            (removal check against rising-edge clock clk_out1_xlnx_clk_gen  {rise@0.000ns fall@12.500ns period=25.000ns})
  Path Group:             **async_default**
  Path Type:              Removal (Min at Fast Process Corner)
  Requirement:            0.000ns  (clk_out1_xlnx_clk_gen rise@0.000ns - clk_out1_xlnx_clk_gen rise@0.000ns)
  Data Path Delay:        0.481ns  (logic 0.186ns (38.652%)  route 0.295ns (61.348%))
  Logic Levels:           1  (LUT3=1)
  Clock Path Skew:        0.036ns (DCD - SCD - CPR)
    Destination Clock Delay (DCD):    -0.817ns
    Source Clock Delay      (SCD):    -0.579ns
    Clock Pessimism Removal (CPR):    -0.275ns

    Location             Delay type                Incr(ns)  Path(ns)    Netlist Resource(s)
  -------------------------------------------------------------------    -------------------
                         (clock clk_out1_xlnx_clk_gen rise edge)
                                                      0.000     0.000 r  
    K17                                               0.000     0.000 r  clk_sys (IN)
                         net (fo=0)                   0.000     0.000    i_xlnx_clk_gen/inst/clk_in1
    K17                  IBUF (Prop_ibuf_I_O)         0.243     0.243 r  i_xlnx_clk_gen/inst/clkin1_ibufg/O
                         net (fo=1, routed)           0.440     0.683    i_xlnx_clk_gen/inst/clk_in1_xlnx_clk_gen
    MMCME2_ADV_X1Y2      MMCME2_ADV (Prop_mmcme2_adv_CLKIN1_CLKOUT0)
                                                     -2.613    -1.930 r  i_xlnx_clk_gen/inst/mmcm_adv_inst/CLKOUT0
                         net (fo=1, routed)           0.696    -1.233    i_xlnx_clk_gen/inst/clk_out1_xlnx_clk_gen
    BUFGCTRL_X0Y16       BUFG (Prop_bufg_I_O)         0.026    -1.207 r  i_xlnx_clk_gen/inst/clkout1_buf/O
                         net (fo=31820, routed)       0.629    -0.579    i_axi_dwidth_converter_dm_slave/inst/gen_downsizer.gen_simple_downsizer.axi_downsizer_inst/USE_READ.read_addr_inst/cmd_queue/inst/fifo_gen_inst/inst_fifo_gen/gconvfifo.rf/grf.rf/rstblk/clk
    SLICE_X113Y25        FDRE                                         r  i_axi_dwidth_converter_dm_slave/inst/gen_downsizer.gen_simple_downsizer.axi_downsizer_inst/USE_READ.read_addr_inst/cmd_queue/inst/fifo_gen_inst/inst_fifo_gen/gconvfifo.rf/grf.rf/rstblk/ngwrdrst.grst.g7serrst.gnsckt_wrst.gcc_rst.sckt_wr_rst_cc_reg[1]/C
  -------------------------------------------------------------------    -------------------
    SLICE_X113Y25        FDRE (Prop_fdre_C_Q)         0.141    -0.438 f  i_axi_dwidth_converter_dm_slave/inst/gen_downsizer.gen_simple_downsizer.axi_downsizer_inst/USE_READ.read_addr_inst/cmd_queue/inst/fifo_gen_inst/inst_fifo_gen/gconvfifo.rf/grf.rf/rstblk/ngwrdrst.grst.g7serrst.gnsckt_wrst.gcc_rst.sckt_wr_rst_cc_reg[1]/Q
                         net (fo=2, routed)           0.065    -0.373    i_axi_dwidth_converter_dm_slave/inst/gen_downsizer.gen_simple_downsizer.axi_downsizer_inst/USE_READ.read_addr_inst/cmd_queue/inst/fifo_gen_inst/inst_fifo_gen/gconvfifo.rf/grf.rf/rstblk/ngwrdrst.grst.g7serrst.gnsckt_wrst.gcc_rst.sckt_wr_rst_cc[1]
    SLICE_X112Y25        LUT3 (Prop_lut3_I0_O)        0.045    -0.328 f  i_axi_dwidth_converter_dm_slave/inst/gen_downsizer.gen_simple_downsizer.axi_downsizer_inst/USE_READ.read_addr_inst/cmd_queue/inst/fifo_gen_inst/inst_fifo_gen/gconvfifo.rf/grf.rf/rstblk/gpregsm1.curr_fwft_state[1]_i_2/O
                         net (fo=32, routed)          0.230    -0.097    i_axi_dwidth_converter_dm_slave/inst/gen_downsizer.gen_simple_downsizer.axi_downsizer_inst/USE_READ.read_addr_inst/cmd_queue/inst/fifo_gen_inst/inst_fifo_gen/gconvfifo.rf/grf.rf/gntv_or_sync_fifo.gl0.rd/gr1.gr1_int.rfwft/gpregsm1.user_valid_reg_0
    SLICE_X113Y23        FDCE                                         f  i_axi_dwidth_converter_dm_slave/inst/gen_downsizer.gen_simple_downsizer.axi_downsizer_inst/USE_READ.read_addr_inst/cmd_queue/inst/fifo_gen_inst/inst_fifo_gen/gconvfifo.rf/grf.rf/gntv_or_sync_fifo.gl0.rd/gr1.gr1_int.rfwft/gpregsm1.curr_fwft_state_reg[1]/CLR
  -------------------------------------------------------------------    -------------------

                         (clock clk_out1_xlnx_clk_gen rise edge)
                                                      0.000     0.000 r  
    K17                                               0.000     0.000 r  clk_sys (IN)
                         net (fo=0)                   0.000     0.000    i_xlnx_clk_gen/inst/clk_in1
    K17                  IBUF (Prop_ibuf_I_O)         0.431     0.431 r  i_xlnx_clk_gen/inst/clkin1_ibufg/O
                         net (fo=1, routed)           0.480     0.911    i_xlnx_clk_gen/inst/clk_in1_xlnx_clk_gen
    MMCME2_ADV_X1Y2      MMCME2_ADV (Prop_mmcme2_adv_CLKIN1_CLKOUT0)
                                                     -3.407    -2.496 r  i_xlnx_clk_gen/inst/mmcm_adv_inst/CLKOUT0
                         net (fo=1, routed)           0.752    -1.744    i_xlnx_clk_gen/inst/clk_out1_xlnx_clk_gen
    BUFGCTRL_X0Y16       BUFG (Prop_bufg_I_O)         0.029    -1.715 r  i_xlnx_clk_gen/inst/clkout1_buf/O
                         net (fo=31820, routed)       0.898    -0.817    i_axi_dwidth_converter_dm_slave/inst/gen_downsizer.gen_simple_downsizer.axi_downsizer_inst/USE_READ.read_addr_inst/cmd_queue/inst/fifo_gen_inst/inst_fifo_gen/gconvfifo.rf/grf.rf/gntv_or_sync_fifo.gl0.rd/gr1.gr1_int.rfwft/clk
    SLICE_X113Y23        FDCE                                         r  i_axi_dwidth_converter_dm_slave/inst/gen_downsizer.gen_simple_downsizer.axi_downsizer_inst/USE_READ.read_addr_inst/cmd_queue/inst/fifo_gen_inst/inst_fifo_gen/gconvfifo.rf/grf.rf/gntv_or_sync_fifo.gl0.rd/gr1.gr1_int.rfwft/gpregsm1.curr_fwft_state_reg[1]/C
                         clock pessimism              0.275    -0.543    
    SLICE_X113Y23        FDCE (Remov_fdce_C_CLR)     -0.092    -0.635    i_axi_dwidth_converter_dm_slave/inst/gen_downsizer.gen_simple_downsizer.axi_downsizer_inst/USE_READ.read_addr_inst/cmd_queue/inst/fifo_gen_inst/inst_fifo_gen/gconvfifo.rf/grf.rf/gntv_or_sync_fifo.gl0.rd/gr1.gr1_int.rfwft/gpregsm1.curr_fwft_state_reg[1]
  -------------------------------------------------------------------
                         required time                          0.635    
                         arrival time                          -0.097    
  -------------------------------------------------------------------
                         slack                                  0.537    

Slack (MET) :             0.537ns  (arrival time - required time)
  Source:                 i_axi_dwidth_converter_dm_slave/inst/gen_downsizer.gen_simple_downsizer.axi_downsizer_inst/USE_READ.read_addr_inst/cmd_queue/inst/fifo_gen_inst/inst_fifo_gen/gconvfifo.rf/grf.rf/rstblk/ngwrdrst.grst.g7serrst.gnsckt_wrst.gcc_rst.sckt_wr_rst_cc_reg[1]/C
                            (rising edge-triggered cell FDRE clocked by clk_out1_xlnx_clk_gen  {rise@0.000ns fall@12.500ns period=25.000ns})
  Destination:            i_axi_dwidth_converter_dm_slave/inst/gen_downsizer.gen_simple_downsizer.axi_downsizer_inst/USE_READ.read_addr_inst/cmd_queue/inst/fifo_gen_inst/inst_fifo_gen/gconvfifo.rf/grf.rf/gntv_or_sync_fifo.gl0.rd/gr1.gr1_int.rfwft/gpregsm1.user_valid_reg/CLR
                            (removal check against rising-edge clock clk_out1_xlnx_clk_gen  {rise@0.000ns fall@12.500ns period=25.000ns})
  Path Group:             **async_default**
  Path Type:              Removal (Min at Fast Process Corner)
  Requirement:            0.000ns  (clk_out1_xlnx_clk_gen rise@0.000ns - clk_out1_xlnx_clk_gen rise@0.000ns)
  Data Path Delay:        0.481ns  (logic 0.186ns (38.652%)  route 0.295ns (61.348%))
  Logic Levels:           1  (LUT3=1)
  Clock Path Skew:        0.036ns (DCD - SCD - CPR)
    Destination Clock Delay (DCD):    -0.817ns
    Source Clock Delay      (SCD):    -0.579ns
    Clock Pessimism Removal (CPR):    -0.275ns

    Location             Delay type                Incr(ns)  Path(ns)    Netlist Resource(s)
  -------------------------------------------------------------------    -------------------
                         (clock clk_out1_xlnx_clk_gen rise edge)
                                                      0.000     0.000 r  
    K17                                               0.000     0.000 r  clk_sys (IN)
                         net (fo=0)                   0.000     0.000    i_xlnx_clk_gen/inst/clk_in1
    K17                  IBUF (Prop_ibuf_I_O)         0.243     0.243 r  i_xlnx_clk_gen/inst/clkin1_ibufg/O
                         net (fo=1, routed)           0.440     0.683    i_xlnx_clk_gen/inst/clk_in1_xlnx_clk_gen
    MMCME2_ADV_X1Y2      MMCME2_ADV (Prop_mmcme2_adv_CLKIN1_CLKOUT0)
                                                     -2.613    -1.930 r  i_xlnx_clk_gen/inst/mmcm_adv_inst/CLKOUT0
                         net (fo=1, routed)           0.696    -1.233    i_xlnx_clk_gen/inst/clk_out1_xlnx_clk_gen
    BUFGCTRL_X0Y16       BUFG (Prop_bufg_I_O)         0.026    -1.207 r  i_xlnx_clk_gen/inst/clkout1_buf/O
                         net (fo=31820, routed)       0.629    -0.579    i_axi_dwidth_converter_dm_slave/inst/gen_downsizer.gen_simple_downsizer.axi_downsizer_inst/USE_READ.read_addr_inst/cmd_queue/inst/fifo_gen_inst/inst_fifo_gen/gconvfifo.rf/grf.rf/rstblk/clk
    SLICE_X113Y25        FDRE                                         r  i_axi_dwidth_converter_dm_slave/inst/gen_downsizer.gen_simple_downsizer.axi_downsizer_inst/USE_READ.read_addr_inst/cmd_queue/inst/fifo_gen_inst/inst_fifo_gen/gconvfifo.rf/grf.rf/rstblk/ngwrdrst.grst.g7serrst.gnsckt_wrst.gcc_rst.sckt_wr_rst_cc_reg[1]/C
  -------------------------------------------------------------------    -------------------
    SLICE_X113Y25        FDRE (Prop_fdre_C_Q)         0.141    -0.438 f  i_axi_dwidth_converter_dm_slave/inst/gen_downsizer.gen_simple_downsizer.axi_downsizer_inst/USE_READ.read_addr_inst/cmd_queue/inst/fifo_gen_inst/inst_fifo_gen/gconvfifo.rf/grf.rf/rstblk/ngwrdrst.grst.g7serrst.gnsckt_wrst.gcc_rst.sckt_wr_rst_cc_reg[1]/Q
                         net (fo=2, routed)           0.065    -0.373    i_axi_dwidth_converter_dm_slave/inst/gen_downsizer.gen_simple_downsizer.axi_downsizer_inst/USE_READ.read_addr_inst/cmd_queue/inst/fifo_gen_inst/inst_fifo_gen/gconvfifo.rf/grf.rf/rstblk/ngwrdrst.grst.g7serrst.gnsckt_wrst.gcc_rst.sckt_wr_rst_cc[1]
    SLICE_X112Y25        LUT3 (Prop_lut3_I0_O)        0.045    -0.328 f  i_axi_dwidth_converter_dm_slave/inst/gen_downsizer.gen_simple_downsizer.axi_downsizer_inst/USE_READ.read_addr_inst/cmd_queue/inst/fifo_gen_inst/inst_fifo_gen/gconvfifo.rf/grf.rf/rstblk/gpregsm1.curr_fwft_state[1]_i_2/O
                         net (fo=32, routed)          0.230    -0.097    i_axi_dwidth_converter_dm_slave/inst/gen_downsizer.gen_simple_downsizer.axi_downsizer_inst/USE_READ.read_addr_inst/cmd_queue/inst/fifo_gen_inst/inst_fifo_gen/gconvfifo.rf/grf.rf/gntv_or_sync_fifo.gl0.rd/gr1.gr1_int.rfwft/gpregsm1.user_valid_reg_0
    SLICE_X113Y23        FDCE                                         f  i_axi_dwidth_converter_dm_slave/inst/gen_downsizer.gen_simple_downsizer.axi_downsizer_inst/USE_READ.read_addr_inst/cmd_queue/inst/fifo_gen_inst/inst_fifo_gen/gconvfifo.rf/grf.rf/gntv_or_sync_fifo.gl0.rd/gr1.gr1_int.rfwft/gpregsm1.user_valid_reg/CLR
  -------------------------------------------------------------------    -------------------

                         (clock clk_out1_xlnx_clk_gen rise edge)
                                                      0.000     0.000 r  
    K17                                               0.000     0.000 r  clk_sys (IN)
                         net (fo=0)                   0.000     0.000    i_xlnx_clk_gen/inst/clk_in1
    K17                  IBUF (Prop_ibuf_I_O)         0.431     0.431 r  i_xlnx_clk_gen/inst/clkin1_ibufg/O
                         net (fo=1, routed)           0.480     0.911    i_xlnx_clk_gen/inst/clk_in1_xlnx_clk_gen
    MMCME2_ADV_X1Y2      MMCME2_ADV (Prop_mmcme2_adv_CLKIN1_CLKOUT0)
                                                     -3.407    -2.496 r  i_xlnx_clk_gen/inst/mmcm_adv_inst/CLKOUT0
                         net (fo=1, routed)           0.752    -1.744    i_xlnx_clk_gen/inst/clk_out1_xlnx_clk_gen
    BUFGCTRL_X0Y16       BUFG (Prop_bufg_I_O)         0.029    -1.715 r  i_xlnx_clk_gen/inst/clkout1_buf/O
                         net (fo=31820, routed)       0.898    -0.817    i_axi_dwidth_converter_dm_slave/inst/gen_downsizer.gen_simple_downsizer.axi_downsizer_inst/USE_READ.read_addr_inst/cmd_queue/inst/fifo_gen_inst/inst_fifo_gen/gconvfifo.rf/grf.rf/gntv_or_sync_fifo.gl0.rd/gr1.gr1_int.rfwft/clk
    SLICE_X113Y23        FDCE                                         r  i_axi_dwidth_converter_dm_slave/inst/gen_downsizer.gen_simple_downsizer.axi_downsizer_inst/USE_READ.read_addr_inst/cmd_queue/inst/fifo_gen_inst/inst_fifo_gen/gconvfifo.rf/grf.rf/gntv_or_sync_fifo.gl0.rd/gr1.gr1_int.rfwft/gpregsm1.user_valid_reg/C
                         clock pessimism              0.275    -0.543    
    SLICE_X113Y23        FDCE (Remov_fdce_C_CLR)     -0.092    -0.635    i_axi_dwidth_converter_dm_slave/inst/gen_downsizer.gen_simple_downsizer.axi_downsizer_inst/USE_READ.read_addr_inst/cmd_queue/inst/fifo_gen_inst/inst_fifo_gen/gconvfifo.rf/grf.rf/gntv_or_sync_fifo.gl0.rd/gr1.gr1_int.rfwft/gpregsm1.user_valid_reg
  -------------------------------------------------------------------
                         required time                          0.635    
                         arrival time                          -0.097    
  -------------------------------------------------------------------
                         slack                                  0.537    

Slack (MET) :             0.540ns  (arrival time - required time)
  Source:                 i_axi_dwidth_converter_dm_slave/inst/gen_downsizer.gen_simple_downsizer.axi_downsizer_inst/USE_READ.read_addr_inst/cmd_queue/inst/fifo_gen_inst/inst_fifo_gen/gconvfifo.rf/grf.rf/rstblk/ngwrdrst.grst.g7serrst.gnsckt_wrst.gcc_rst.sckt_wr_rst_cc_reg[1]/C
                            (rising edge-triggered cell FDRE clocked by clk_out1_xlnx_clk_gen  {rise@0.000ns fall@12.500ns period=25.000ns})
  Destination:            i_axi_dwidth_converter_dm_slave/inst/gen_downsizer.gen_simple_downsizer.axi_downsizer_inst/USE_READ.read_addr_inst/cmd_queue/inst/fifo_gen_inst/inst_fifo_gen/gconvfifo.rf/grf.rf/gntv_or_sync_fifo.gl0.rd/gr1.gr1_int.rfwft/aempty_fwft_fb_i_reg/PRE
                            (removal check against rising-edge clock clk_out1_xlnx_clk_gen  {rise@0.000ns fall@12.500ns period=25.000ns})
  Path Group:             **async_default**
  Path Type:              Removal (Min at Fast Process Corner)
  Requirement:            0.000ns  (clk_out1_xlnx_clk_gen rise@0.000ns - clk_out1_xlnx_clk_gen rise@0.000ns)
  Data Path Delay:        0.481ns  (logic 0.186ns (38.652%)  route 0.295ns (61.348%))
  Logic Levels:           1  (LUT3=1)
  Clock Path Skew:        0.036ns (DCD - SCD - CPR)
    Destination Clock Delay (DCD):    -0.817ns
    Source Clock Delay      (SCD):    -0.579ns
    Clock Pessimism Removal (CPR):    -0.275ns

    Location             Delay type                Incr(ns)  Path(ns)    Netlist Resource(s)
  -------------------------------------------------------------------    -------------------
                         (clock clk_out1_xlnx_clk_gen rise edge)
                                                      0.000     0.000 r  
    K17                                               0.000     0.000 r  clk_sys (IN)
                         net (fo=0)                   0.000     0.000    i_xlnx_clk_gen/inst/clk_in1
    K17                  IBUF (Prop_ibuf_I_O)         0.243     0.243 r  i_xlnx_clk_gen/inst/clkin1_ibufg/O
                         net (fo=1, routed)           0.440     0.683    i_xlnx_clk_gen/inst/clk_in1_xlnx_clk_gen
    MMCME2_ADV_X1Y2      MMCME2_ADV (Prop_mmcme2_adv_CLKIN1_CLKOUT0)
                                                     -2.613    -1.930 r  i_xlnx_clk_gen/inst/mmcm_adv_inst/CLKOUT0
                         net (fo=1, routed)           0.696    -1.233    i_xlnx_clk_gen/inst/clk_out1_xlnx_clk_gen
    BUFGCTRL_X0Y16       BUFG (Prop_bufg_I_O)         0.026    -1.207 r  i_xlnx_clk_gen/inst/clkout1_buf/O
                         net (fo=31820, routed)       0.629    -0.579    i_axi_dwidth_converter_dm_slave/inst/gen_downsizer.gen_simple_downsizer.axi_downsizer_inst/USE_READ.read_addr_inst/cmd_queue/inst/fifo_gen_inst/inst_fifo_gen/gconvfifo.rf/grf.rf/rstblk/clk
    SLICE_X113Y25        FDRE                                         r  i_axi_dwidth_converter_dm_slave/inst/gen_downsizer.gen_simple_downsizer.axi_downsizer_inst/USE_READ.read_addr_inst/cmd_queue/inst/fifo_gen_inst/inst_fifo_gen/gconvfifo.rf/grf.rf/rstblk/ngwrdrst.grst.g7serrst.gnsckt_wrst.gcc_rst.sckt_wr_rst_cc_reg[1]/C
  -------------------------------------------------------------------    -------------------
    SLICE_X113Y25        FDRE (Prop_fdre_C_Q)         0.141    -0.438 f  i_axi_dwidth_converter_dm_slave/inst/gen_downsizer.gen_simple_downsizer.axi_downsizer_inst/USE_READ.read_addr_inst/cmd_queue/inst/fifo_gen_inst/inst_fifo_gen/gconvfifo.rf/grf.rf/rstblk/ngwrdrst.grst.g7serrst.gnsckt_wrst.gcc_rst.sckt_wr_rst_cc_reg[1]/Q
                         net (fo=2, routed)           0.065    -0.373    i_axi_dwidth_converter_dm_slave/inst/gen_downsizer.gen_simple_downsizer.axi_downsizer_inst/USE_READ.read_addr_inst/cmd_queue/inst/fifo_gen_inst/inst_fifo_gen/gconvfifo.rf/grf.rf/rstblk/ngwrdrst.grst.g7serrst.gnsckt_wrst.gcc_rst.sckt_wr_rst_cc[1]
    SLICE_X112Y25        LUT3 (Prop_lut3_I0_O)        0.045    -0.328 f  i_axi_dwidth_converter_dm_slave/inst/gen_downsizer.gen_simple_downsizer.axi_downsizer_inst/USE_READ.read_addr_inst/cmd_queue/inst/fifo_gen_inst/inst_fifo_gen/gconvfifo.rf/grf.rf/rstblk/gpregsm1.curr_fwft_state[1]_i_2/O
                         net (fo=32, routed)          0.230    -0.097    i_axi_dwidth_converter_dm_slave/inst/gen_downsizer.gen_simple_downsizer.axi_downsizer_inst/USE_READ.read_addr_inst/cmd_queue/inst/fifo_gen_inst/inst_fifo_gen/gconvfifo.rf/grf.rf/gntv_or_sync_fifo.gl0.rd/gr1.gr1_int.rfwft/gpregsm1.user_valid_reg_0
    SLICE_X113Y23        FDPE                                         f  i_axi_dwidth_converter_dm_slave/inst/gen_downsizer.gen_simple_downsizer.axi_downsizer_inst/USE_READ.read_addr_inst/cmd_queue/inst/fifo_gen_inst/inst_fifo_gen/gconvfifo.rf/grf.rf/gntv_or_sync_fifo.gl0.rd/gr1.gr1_int.rfwft/aempty_fwft_fb_i_reg/PRE
  -------------------------------------------------------------------    -------------------

                         (clock clk_out1_xlnx_clk_gen rise edge)
                                                      0.000     0.000 r  
    K17                                               0.000     0.000 r  clk_sys (IN)
                         net (fo=0)                   0.000     0.000    i_xlnx_clk_gen/inst/clk_in1
    K17                  IBUF (Prop_ibuf_I_O)         0.431     0.431 r  i_xlnx_clk_gen/inst/clkin1_ibufg/O
                         net (fo=1, routed)           0.480     0.911    i_xlnx_clk_gen/inst/clk_in1_xlnx_clk_gen
    MMCME2_ADV_X1Y2      MMCME2_ADV (Prop_mmcme2_adv_CLKIN1_CLKOUT0)
                                                     -3.407    -2.496 r  i_xlnx_clk_gen/inst/mmcm_adv_inst/CLKOUT0
                         net (fo=1, routed)           0.752    -1.744    i_xlnx_clk_gen/inst/clk_out1_xlnx_clk_gen
    BUFGCTRL_X0Y16       BUFG (Prop_bufg_I_O)         0.029    -1.715 r  i_xlnx_clk_gen/inst/clkout1_buf/O
                         net (fo=31820, routed)       0.898    -0.817    i_axi_dwidth_converter_dm_slave/inst/gen_downsizer.gen_simple_downsizer.axi_downsizer_inst/USE_READ.read_addr_inst/cmd_queue/inst/fifo_gen_inst/inst_fifo_gen/gconvfifo.rf/grf.rf/gntv_or_sync_fifo.gl0.rd/gr1.gr1_int.rfwft/clk
    SLICE_X113Y23        FDPE                                         r  i_axi_dwidth_converter_dm_slave/inst/gen_downsizer.gen_simple_downsizer.axi_downsizer_inst/USE_READ.read_addr_inst/cmd_queue/inst/fifo_gen_inst/inst_fifo_gen/gconvfifo.rf/grf.rf/gntv_or_sync_fifo.gl0.rd/gr1.gr1_int.rfwft/aempty_fwft_fb_i_reg/C
                         clock pessimism              0.275    -0.543    
    SLICE_X113Y23        FDPE (Remov_fdpe_C_PRE)     -0.095    -0.638    i_axi_dwidth_converter_dm_slave/inst/gen_downsizer.gen_simple_downsizer.axi_downsizer_inst/USE_READ.read_addr_inst/cmd_queue/inst/fifo_gen_inst/inst_fifo_gen/gconvfifo.rf/grf.rf/gntv_or_sync_fifo.gl0.rd/gr1.gr1_int.rfwft/aempty_fwft_fb_i_reg
  -------------------------------------------------------------------
                         required time                          0.638    
                         arrival time                          -0.097    
  -------------------------------------------------------------------
                         slack                                  0.540    

Slack (MET) :             0.540ns  (arrival time - required time)
  Source:                 i_axi_dwidth_converter_dm_slave/inst/gen_downsizer.gen_simple_downsizer.axi_downsizer_inst/USE_READ.read_addr_inst/cmd_queue/inst/fifo_gen_inst/inst_fifo_gen/gconvfifo.rf/grf.rf/rstblk/ngwrdrst.grst.g7serrst.gnsckt_wrst.gcc_rst.sckt_wr_rst_cc_reg[1]/C
                            (rising edge-triggered cell FDRE clocked by clk_out1_xlnx_clk_gen  {rise@0.000ns fall@12.500ns period=25.000ns})
  Destination:            i_axi_dwidth_converter_dm_slave/inst/gen_downsizer.gen_simple_downsizer.axi_downsizer_inst/USE_READ.read_addr_inst/cmd_queue/inst/fifo_gen_inst/inst_fifo_gen/gconvfifo.rf/grf.rf/gntv_or_sync_fifo.gl0.rd/gr1.gr1_int.rfwft/aempty_fwft_i_reg/PRE
                            (removal check against rising-edge clock clk_out1_xlnx_clk_gen  {rise@0.000ns fall@12.500ns period=25.000ns})
  Path Group:             **async_default**
  Path Type:              Removal (Min at Fast Process Corner)
  Requirement:            0.000ns  (clk_out1_xlnx_clk_gen rise@0.000ns - clk_out1_xlnx_clk_gen rise@0.000ns)
  Data Path Delay:        0.481ns  (logic 0.186ns (38.652%)  route 0.295ns (61.348%))
  Logic Levels:           1  (LUT3=1)
  Clock Path Skew:        0.036ns (DCD - SCD - CPR)
    Destination Clock Delay (DCD):    -0.817ns
    Source Clock Delay      (SCD):    -0.579ns
    Clock Pessimism Removal (CPR):    -0.275ns

    Location             Delay type                Incr(ns)  Path(ns)    Netlist Resource(s)
  -------------------------------------------------------------------    -------------------
                         (clock clk_out1_xlnx_clk_gen rise edge)
                                                      0.000     0.000 r  
    K17                                               0.000     0.000 r  clk_sys (IN)
                         net (fo=0)                   0.000     0.000    i_xlnx_clk_gen/inst/clk_in1
    K17                  IBUF (Prop_ibuf_I_O)         0.243     0.243 r  i_xlnx_clk_gen/inst/clkin1_ibufg/O
                         net (fo=1, routed)           0.440     0.683    i_xlnx_clk_gen/inst/clk_in1_xlnx_clk_gen
    MMCME2_ADV_X1Y2      MMCME2_ADV (Prop_mmcme2_adv_CLKIN1_CLKOUT0)
                                                     -2.613    -1.930 r  i_xlnx_clk_gen/inst/mmcm_adv_inst/CLKOUT0
                         net (fo=1, routed)           0.696    -1.233    i_xlnx_clk_gen/inst/clk_out1_xlnx_clk_gen
    BUFGCTRL_X0Y16       BUFG (Prop_bufg_I_O)         0.026    -1.207 r  i_xlnx_clk_gen/inst/clkout1_buf/O
                         net (fo=31820, routed)       0.629    -0.579    i_axi_dwidth_converter_dm_slave/inst/gen_downsizer.gen_simple_downsizer.axi_downsizer_inst/USE_READ.read_addr_inst/cmd_queue/inst/fifo_gen_inst/inst_fifo_gen/gconvfifo.rf/grf.rf/rstblk/clk
    SLICE_X113Y25        FDRE                                         r  i_axi_dwidth_converter_dm_slave/inst/gen_downsizer.gen_simple_downsizer.axi_downsizer_inst/USE_READ.read_addr_inst/cmd_queue/inst/fifo_gen_inst/inst_fifo_gen/gconvfifo.rf/grf.rf/rstblk/ngwrdrst.grst.g7serrst.gnsckt_wrst.gcc_rst.sckt_wr_rst_cc_reg[1]/C
  -------------------------------------------------------------------    -------------------
    SLICE_X113Y25        FDRE (Prop_fdre_C_Q)         0.141    -0.438 f  i_axi_dwidth_converter_dm_slave/inst/gen_downsizer.gen_simple_downsizer.axi_downsizer_inst/USE_READ.read_addr_inst/cmd_queue/inst/fifo_gen_inst/inst_fifo_gen/gconvfifo.rf/grf.rf/rstblk/ngwrdrst.grst.g7serrst.gnsckt_wrst.gcc_rst.sckt_wr_rst_cc_reg[1]/Q
                         net (fo=2, routed)           0.065    -0.373    i_axi_dwidth_converter_dm_slave/inst/gen_downsizer.gen_simple_downsizer.axi_downsizer_inst/USE_READ.read_addr_inst/cmd_queue/inst/fifo_gen_inst/inst_fifo_gen/gconvfifo.rf/grf.rf/rstblk/ngwrdrst.grst.g7serrst.gnsckt_wrst.gcc_rst.sckt_wr_rst_cc[1]
    SLICE_X112Y25        LUT3 (Prop_lut3_I0_O)        0.045    -0.328 f  i_axi_dwidth_converter_dm_slave/inst/gen_downsizer.gen_simple_downsizer.axi_downsizer_inst/USE_READ.read_addr_inst/cmd_queue/inst/fifo_gen_inst/inst_fifo_gen/gconvfifo.rf/grf.rf/rstblk/gpregsm1.curr_fwft_state[1]_i_2/O
                         net (fo=32, routed)          0.230    -0.097    i_axi_dwidth_converter_dm_slave/inst/gen_downsizer.gen_simple_downsizer.axi_downsizer_inst/USE_READ.read_addr_inst/cmd_queue/inst/fifo_gen_inst/inst_fifo_gen/gconvfifo.rf/grf.rf/gntv_or_sync_fifo.gl0.rd/gr1.gr1_int.rfwft/gpregsm1.user_valid_reg_0
    SLICE_X113Y23        FDPE                                         f  i_axi_dwidth_converter_dm_slave/inst/gen_downsizer.gen_simple_downsizer.axi_downsizer_inst/USE_READ.read_addr_inst/cmd_queue/inst/fifo_gen_inst/inst_fifo_gen/gconvfifo.rf/grf.rf/gntv_or_sync_fifo.gl0.rd/gr1.gr1_int.rfwft/aempty_fwft_i_reg/PRE
  -------------------------------------------------------------------    -------------------

                         (clock clk_out1_xlnx_clk_gen rise edge)
                                                      0.000     0.000 r  
    K17                                               0.000     0.000 r  clk_sys (IN)
                         net (fo=0)                   0.000     0.000    i_xlnx_clk_gen/inst/clk_in1
    K17                  IBUF (Prop_ibuf_I_O)         0.431     0.431 r  i_xlnx_clk_gen/inst/clkin1_ibufg/O
                         net (fo=1, routed)           0.480     0.911    i_xlnx_clk_gen/inst/clk_in1_xlnx_clk_gen
    MMCME2_ADV_X1Y2      MMCME2_ADV (Prop_mmcme2_adv_CLKIN1_CLKOUT0)
                                                     -3.407    -2.496 r  i_xlnx_clk_gen/inst/mmcm_adv_inst/CLKOUT0
                         net (fo=1, routed)           0.752    -1.744    i_xlnx_clk_gen/inst/clk_out1_xlnx_clk_gen
    BUFGCTRL_X0Y16       BUFG (Prop_bufg_I_O)         0.029    -1.715 r  i_xlnx_clk_gen/inst/clkout1_buf/O
                         net (fo=31820, routed)       0.898    -0.817    i_axi_dwidth_converter_dm_slave/inst/gen_downsizer.gen_simple_downsizer.axi_downsizer_inst/USE_READ.read_addr_inst/cmd_queue/inst/fifo_gen_inst/inst_fifo_gen/gconvfifo.rf/grf.rf/gntv_or_sync_fifo.gl0.rd/gr1.gr1_int.rfwft/clk
    SLICE_X113Y23        FDPE                                         r  i_axi_dwidth_converter_dm_slave/inst/gen_downsizer.gen_simple_downsizer.axi_downsizer_inst/USE_READ.read_addr_inst/cmd_queue/inst/fifo_gen_inst/inst_fifo_gen/gconvfifo.rf/grf.rf/gntv_or_sync_fifo.gl0.rd/gr1.gr1_int.rfwft/aempty_fwft_i_reg/C
                         clock pessimism              0.275    -0.543    
    SLICE_X113Y23        FDPE (Remov_fdpe_C_PRE)     -0.095    -0.638    i_axi_dwidth_converter_dm_slave/inst/gen_downsizer.gen_simple_downsizer.axi_downsizer_inst/USE_READ.read_addr_inst/cmd_queue/inst/fifo_gen_inst/inst_fifo_gen/gconvfifo.rf/grf.rf/gntv_or_sync_fifo.gl0.rd/gr1.gr1_int.rfwft/aempty_fwft_i_reg
  -------------------------------------------------------------------
                         required time                          0.638    
                         arrival time                          -0.097    
  -------------------------------------------------------------------
                         slack                                  0.540    

Slack (MET) :             0.540ns  (arrival time - required time)
  Source:                 i_axi_dwidth_converter_dm_slave/inst/gen_downsizer.gen_simple_downsizer.axi_downsizer_inst/USE_READ.read_addr_inst/cmd_queue/inst/fifo_gen_inst/inst_fifo_gen/gconvfifo.rf/grf.rf/rstblk/ngwrdrst.grst.g7serrst.gnsckt_wrst.gcc_rst.sckt_wr_rst_cc_reg[1]/C
                            (rising edge-triggered cell FDRE clocked by clk_out1_xlnx_clk_gen  {rise@0.000ns fall@12.500ns period=25.000ns})
  Destination:            i_axi_dwidth_converter_dm_slave/inst/gen_downsizer.gen_simple_downsizer.axi_downsizer_inst/USE_READ.read_addr_inst/cmd_queue/inst/fifo_gen_inst/inst_fifo_gen/gconvfifo.rf/grf.rf/gntv_or_sync_fifo.gl0.rd/gr1.gr1_int.rfwft/empty_fwft_fb_i_reg/PRE
                            (removal check against rising-edge clock clk_out1_xlnx_clk_gen  {rise@0.000ns fall@12.500ns period=25.000ns})
  Path Group:             **async_default**
  Path Type:              Removal (Min at Fast Process Corner)
  Requirement:            0.000ns  (clk_out1_xlnx_clk_gen rise@0.000ns - clk_out1_xlnx_clk_gen rise@0.000ns)
  Data Path Delay:        0.481ns  (logic 0.186ns (38.652%)  route 0.295ns (61.348%))
  Logic Levels:           1  (LUT3=1)
  Clock Path Skew:        0.036ns (DCD - SCD - CPR)
    Destination Clock Delay (DCD):    -0.817ns
    Source Clock Delay      (SCD):    -0.579ns
    Clock Pessimism Removal (CPR):    -0.275ns

    Location             Delay type                Incr(ns)  Path(ns)    Netlist Resource(s)
  -------------------------------------------------------------------    -------------------
                         (clock clk_out1_xlnx_clk_gen rise edge)
                                                      0.000     0.000 r  
    K17                                               0.000     0.000 r  clk_sys (IN)
                         net (fo=0)                   0.000     0.000    i_xlnx_clk_gen/inst/clk_in1
    K17                  IBUF (Prop_ibuf_I_O)         0.243     0.243 r  i_xlnx_clk_gen/inst/clkin1_ibufg/O
                         net (fo=1, routed)           0.440     0.683    i_xlnx_clk_gen/inst/clk_in1_xlnx_clk_gen
    MMCME2_ADV_X1Y2      MMCME2_ADV (Prop_mmcme2_adv_CLKIN1_CLKOUT0)
                                                     -2.613    -1.930 r  i_xlnx_clk_gen/inst/mmcm_adv_inst/CLKOUT0
                         net (fo=1, routed)           0.696    -1.233    i_xlnx_clk_gen/inst/clk_out1_xlnx_clk_gen
    BUFGCTRL_X0Y16       BUFG (Prop_bufg_I_O)         0.026    -1.207 r  i_xlnx_clk_gen/inst/clkout1_buf/O
                         net (fo=31820, routed)       0.629    -0.579    i_axi_dwidth_converter_dm_slave/inst/gen_downsizer.gen_simple_downsizer.axi_downsizer_inst/USE_READ.read_addr_inst/cmd_queue/inst/fifo_gen_inst/inst_fifo_gen/gconvfifo.rf/grf.rf/rstblk/clk
    SLICE_X113Y25        FDRE                                         r  i_axi_dwidth_converter_dm_slave/inst/gen_downsizer.gen_simple_downsizer.axi_downsizer_inst/USE_READ.read_addr_inst/cmd_queue/inst/fifo_gen_inst/inst_fifo_gen/gconvfifo.rf/grf.rf/rstblk/ngwrdrst.grst.g7serrst.gnsckt_wrst.gcc_rst.sckt_wr_rst_cc_reg[1]/C
  -------------------------------------------------------------------    -------------------
    SLICE_X113Y25        FDRE (Prop_fdre_C_Q)         0.141    -0.438 f  i_axi_dwidth_converter_dm_slave/inst/gen_downsizer.gen_simple_downsizer.axi_downsizer_inst/USE_READ.read_addr_inst/cmd_queue/inst/fifo_gen_inst/inst_fifo_gen/gconvfifo.rf/grf.rf/rstblk/ngwrdrst.grst.g7serrst.gnsckt_wrst.gcc_rst.sckt_wr_rst_cc_reg[1]/Q
                         net (fo=2, routed)           0.065    -0.373    i_axi_dwidth_converter_dm_slave/inst/gen_downsizer.gen_simple_downsizer.axi_downsizer_inst/USE_READ.read_addr_inst/cmd_queue/inst/fifo_gen_inst/inst_fifo_gen/gconvfifo.rf/grf.rf/rstblk/ngwrdrst.grst.g7serrst.gnsckt_wrst.gcc_rst.sckt_wr_rst_cc[1]
    SLICE_X112Y25        LUT3 (Prop_lut3_I0_O)        0.045    -0.328 f  i_axi_dwidth_converter_dm_slave/inst/gen_downsizer.gen_simple_downsizer.axi_downsizer_inst/USE_READ.read_addr_inst/cmd_queue/inst/fifo_gen_inst/inst_fifo_gen/gconvfifo.rf/grf.rf/rstblk/gpregsm1.curr_fwft_state[1]_i_2/O
                         net (fo=32, routed)          0.230    -0.097    i_axi_dwidth_converter_dm_slave/inst/gen_downsizer.gen_simple_downsizer.axi_downsizer_inst/USE_READ.read_addr_inst/cmd_queue/inst/fifo_gen_inst/inst_fifo_gen/gconvfifo.rf/grf.rf/gntv_or_sync_fifo.gl0.rd/gr1.gr1_int.rfwft/gpregsm1.user_valid_reg_0
    SLICE_X113Y23        FDPE                                         f  i_axi_dwidth_converter_dm_slave/inst/gen_downsizer.gen_simple_downsizer.axi_downsizer_inst/USE_READ.read_addr_inst/cmd_queue/inst/fifo_gen_inst/inst_fifo_gen/gconvfifo.rf/grf.rf/gntv_or_sync_fifo.gl0.rd/gr1.gr1_int.rfwft/empty_fwft_fb_i_reg/PRE
  -------------------------------------------------------------------    -------------------

                         (clock clk_out1_xlnx_clk_gen rise edge)
                                                      0.000     0.000 r  
    K17                                               0.000     0.000 r  clk_sys (IN)
                         net (fo=0)                   0.000     0.000    i_xlnx_clk_gen/inst/clk_in1
    K17                  IBUF (Prop_ibuf_I_O)         0.431     0.431 r  i_xlnx_clk_gen/inst/clkin1_ibufg/O
                         net (fo=1, routed)           0.480     0.911    i_xlnx_clk_gen/inst/clk_in1_xlnx_clk_gen
    MMCME2_ADV_X1Y2      MMCME2_ADV (Prop_mmcme2_adv_CLKIN1_CLKOUT0)
                                                     -3.407    -2.496 r  i_xlnx_clk_gen/inst/mmcm_adv_inst/CLKOUT0
                         net (fo=1, routed)           0.752    -1.744    i_xlnx_clk_gen/inst/clk_out1_xlnx_clk_gen
    BUFGCTRL_X0Y16       BUFG (Prop_bufg_I_O)         0.029    -1.715 r  i_xlnx_clk_gen/inst/clkout1_buf/O
                         net (fo=31820, routed)       0.898    -0.817    i_axi_dwidth_converter_dm_slave/inst/gen_downsizer.gen_simple_downsizer.axi_downsizer_inst/USE_READ.read_addr_inst/cmd_queue/inst/fifo_gen_inst/inst_fifo_gen/gconvfifo.rf/grf.rf/gntv_or_sync_fifo.gl0.rd/gr1.gr1_int.rfwft/clk
    SLICE_X113Y23        FDPE                                         r  i_axi_dwidth_converter_dm_slave/inst/gen_downsizer.gen_simple_downsizer.axi_downsizer_inst/USE_READ.read_addr_inst/cmd_queue/inst/fifo_gen_inst/inst_fifo_gen/gconvfifo.rf/grf.rf/gntv_or_sync_fifo.gl0.rd/gr1.gr1_int.rfwft/empty_fwft_fb_i_reg/C
                         clock pessimism              0.275    -0.543    
    SLICE_X113Y23        FDPE (Remov_fdpe_C_PRE)     -0.095    -0.638    i_axi_dwidth_converter_dm_slave/inst/gen_downsizer.gen_simple_downsizer.axi_downsizer_inst/USE_READ.read_addr_inst/cmd_queue/inst/fifo_gen_inst/inst_fifo_gen/gconvfifo.rf/grf.rf/gntv_or_sync_fifo.gl0.rd/gr1.gr1_int.rfwft/empty_fwft_fb_i_reg
  -------------------------------------------------------------------
                         required time                          0.638    
                         arrival time                          -0.097    
  -------------------------------------------------------------------
                         slack                                  0.540    

Slack (MET) :             0.540ns  (arrival time - required time)
  Source:                 i_axi_dwidth_converter_dm_slave/inst/gen_downsizer.gen_simple_downsizer.axi_downsizer_inst/USE_READ.read_addr_inst/cmd_queue/inst/fifo_gen_inst/inst_fifo_gen/gconvfifo.rf/grf.rf/rstblk/ngwrdrst.grst.g7serrst.gnsckt_wrst.gcc_rst.sckt_wr_rst_cc_reg[1]/C
                            (rising edge-triggered cell FDRE clocked by clk_out1_xlnx_clk_gen  {rise@0.000ns fall@12.500ns period=25.000ns})
  Destination:            i_axi_dwidth_converter_dm_slave/inst/gen_downsizer.gen_simple_downsizer.axi_downsizer_inst/USE_READ.read_addr_inst/cmd_queue/inst/fifo_gen_inst/inst_fifo_gen/gconvfifo.rf/grf.rf/gntv_or_sync_fifo.gl0.rd/gr1.gr1_int.rfwft/empty_fwft_i_reg/PRE
                            (removal check against rising-edge clock clk_out1_xlnx_clk_gen  {rise@0.000ns fall@12.500ns period=25.000ns})
  Path Group:             **async_default**
  Path Type:              Removal (Min at Fast Process Corner)
  Requirement:            0.000ns  (clk_out1_xlnx_clk_gen rise@0.000ns - clk_out1_xlnx_clk_gen rise@0.000ns)
  Data Path Delay:        0.481ns  (logic 0.186ns (38.652%)  route 0.295ns (61.348%))
  Logic Levels:           1  (LUT3=1)
  Clock Path Skew:        0.036ns (DCD - SCD - CPR)
    Destination Clock Delay (DCD):    -0.817ns
    Source Clock Delay      (SCD):    -0.579ns
    Clock Pessimism Removal (CPR):    -0.275ns

    Location             Delay type                Incr(ns)  Path(ns)    Netlist Resource(s)
  -------------------------------------------------------------------    -------------------
                         (clock clk_out1_xlnx_clk_gen rise edge)
                                                      0.000     0.000 r  
    K17                                               0.000     0.000 r  clk_sys (IN)
                         net (fo=0)                   0.000     0.000    i_xlnx_clk_gen/inst/clk_in1
    K17                  IBUF (Prop_ibuf_I_O)         0.243     0.243 r  i_xlnx_clk_gen/inst/clkin1_ibufg/O
                         net (fo=1, routed)           0.440     0.683    i_xlnx_clk_gen/inst/clk_in1_xlnx_clk_gen
    MMCME2_ADV_X1Y2      MMCME2_ADV (Prop_mmcme2_adv_CLKIN1_CLKOUT0)
                                                     -2.613    -1.930 r  i_xlnx_clk_gen/inst/mmcm_adv_inst/CLKOUT0
                         net (fo=1, routed)           0.696    -1.233    i_xlnx_clk_gen/inst/clk_out1_xlnx_clk_gen
    BUFGCTRL_X0Y16       BUFG (Prop_bufg_I_O)         0.026    -1.207 r  i_xlnx_clk_gen/inst/clkout1_buf/O
                         net (fo=31820, routed)       0.629    -0.579    i_axi_dwidth_converter_dm_slave/inst/gen_downsizer.gen_simple_downsizer.axi_downsizer_inst/USE_READ.read_addr_inst/cmd_queue/inst/fifo_gen_inst/inst_fifo_gen/gconvfifo.rf/grf.rf/rstblk/clk
    SLICE_X113Y25        FDRE                                         r  i_axi_dwidth_converter_dm_slave/inst/gen_downsizer.gen_simple_downsizer.axi_downsizer_inst/USE_READ.read_addr_inst/cmd_queue/inst/fifo_gen_inst/inst_fifo_gen/gconvfifo.rf/grf.rf/rstblk/ngwrdrst.grst.g7serrst.gnsckt_wrst.gcc_rst.sckt_wr_rst_cc_reg[1]/C
  -------------------------------------------------------------------    -------------------
    SLICE_X113Y25        FDRE (Prop_fdre_C_Q)         0.141    -0.438 f  i_axi_dwidth_converter_dm_slave/inst/gen_downsizer.gen_simple_downsizer.axi_downsizer_inst/USE_READ.read_addr_inst/cmd_queue/inst/fifo_gen_inst/inst_fifo_gen/gconvfifo.rf/grf.rf/rstblk/ngwrdrst.grst.g7serrst.gnsckt_wrst.gcc_rst.sckt_wr_rst_cc_reg[1]/Q
                         net (fo=2, routed)           0.065    -0.373    i_axi_dwidth_converter_dm_slave/inst/gen_downsizer.gen_simple_downsizer.axi_downsizer_inst/USE_READ.read_addr_inst/cmd_queue/inst/fifo_gen_inst/inst_fifo_gen/gconvfifo.rf/grf.rf/rstblk/ngwrdrst.grst.g7serrst.gnsckt_wrst.gcc_rst.sckt_wr_rst_cc[1]
    SLICE_X112Y25        LUT3 (Prop_lut3_I0_O)        0.045    -0.328 f  i_axi_dwidth_converter_dm_slave/inst/gen_downsizer.gen_simple_downsizer.axi_downsizer_inst/USE_READ.read_addr_inst/cmd_queue/inst/fifo_gen_inst/inst_fifo_gen/gconvfifo.rf/grf.rf/rstblk/gpregsm1.curr_fwft_state[1]_i_2/O
                         net (fo=32, routed)          0.230    -0.097    i_axi_dwidth_converter_dm_slave/inst/gen_downsizer.gen_simple_downsizer.axi_downsizer_inst/USE_READ.read_addr_inst/cmd_queue/inst/fifo_gen_inst/inst_fifo_gen/gconvfifo.rf/grf.rf/gntv_or_sync_fifo.gl0.rd/gr1.gr1_int.rfwft/gpregsm1.user_valid_reg_0
    SLICE_X113Y23        FDPE                                         f  i_axi_dwidth_converter_dm_slave/inst/gen_downsizer.gen_simple_downsizer.axi_downsizer_inst/USE_READ.read_addr_inst/cmd_queue/inst/fifo_gen_inst/inst_fifo_gen/gconvfifo.rf/grf.rf/gntv_or_sync_fifo.gl0.rd/gr1.gr1_int.rfwft/empty_fwft_i_reg/PRE
  -------------------------------------------------------------------    -------------------

                         (clock clk_out1_xlnx_clk_gen rise edge)
                                                      0.000     0.000 r  
    K17                                               0.000     0.000 r  clk_sys (IN)
                         net (fo=0)                   0.000     0.000    i_xlnx_clk_gen/inst/clk_in1
    K17                  IBUF (Prop_ibuf_I_O)         0.431     0.431 r  i_xlnx_clk_gen/inst/clkin1_ibufg/O
                         net (fo=1, routed)           0.480     0.911    i_xlnx_clk_gen/inst/clk_in1_xlnx_clk_gen
    MMCME2_ADV_X1Y2      MMCME2_ADV (Prop_mmcme2_adv_CLKIN1_CLKOUT0)
                                                     -3.407    -2.496 r  i_xlnx_clk_gen/inst/mmcm_adv_inst/CLKOUT0
                         net (fo=1, routed)           0.752    -1.744    i_xlnx_clk_gen/inst/clk_out1_xlnx_clk_gen
    BUFGCTRL_X0Y16       BUFG (Prop_bufg_I_O)         0.029    -1.715 r  i_xlnx_clk_gen/inst/clkout1_buf/O
                         net (fo=31820, routed)       0.898    -0.817    i_axi_dwidth_converter_dm_slave/inst/gen_downsizer.gen_simple_downsizer.axi_downsizer_inst/USE_READ.read_addr_inst/cmd_queue/inst/fifo_gen_inst/inst_fifo_gen/gconvfifo.rf/grf.rf/gntv_or_sync_fifo.gl0.rd/gr1.gr1_int.rfwft/clk
    SLICE_X113Y23        FDPE                                         r  i_axi_dwidth_converter_dm_slave/inst/gen_downsizer.gen_simple_downsizer.axi_downsizer_inst/USE_READ.read_addr_inst/cmd_queue/inst/fifo_gen_inst/inst_fifo_gen/gconvfifo.rf/grf.rf/gntv_or_sync_fifo.gl0.rd/gr1.gr1_int.rfwft/empty_fwft_i_reg/C
                         clock pessimism              0.275    -0.543    
    SLICE_X113Y23        FDPE (Remov_fdpe_C_PRE)     -0.095    -0.638    i_axi_dwidth_converter_dm_slave/inst/gen_downsizer.gen_simple_downsizer.axi_downsizer_inst/USE_READ.read_addr_inst/cmd_queue/inst/fifo_gen_inst/inst_fifo_gen/gconvfifo.rf/grf.rf/gntv_or_sync_fifo.gl0.rd/gr1.gr1_int.rfwft/empty_fwft_i_reg
  -------------------------------------------------------------------
                         required time                          0.638    
                         arrival time                          -0.097    
  -------------------------------------------------------------------
                         slack                                  0.540    

Slack (MET) :             0.591ns  (arrival time - required time)
  Source:                 i_axi_dwidth_converter_dm_slave/inst/gen_downsizer.gen_simple_downsizer.axi_downsizer_inst/USE_WRITE.write_addr_inst/USE_B_CHANNEL.cmd_b_queue/inst/fifo_gen_inst/inst_fifo_gen/gconvfifo.rf/grf.rf/rstblk/ngwrdrst.grst.g7serrst.gnsckt_wrst.gcc_rst.sckt_wr_rst_cc_reg[1]/C
                            (rising edge-triggered cell FDRE clocked by clk_out1_xlnx_clk_gen  {rise@0.000ns fall@12.500ns period=25.000ns})
  Destination:            i_axi_dwidth_converter_dm_slave/inst/gen_downsizer.gen_simple_downsizer.axi_downsizer_inst/USE_WRITE.write_addr_inst/USE_B_CHANNEL.cmd_b_queue/inst/fifo_gen_inst/inst_fifo_gen/gconvfifo.rf/grf.rf/gntv_or_sync_fifo.gl0.rd/gr1.gr1_int.rfwft/gpregsm1.user_valid_reg/CLR
                            (removal check against rising-edge clock clk_out1_xlnx_clk_gen  {rise@0.000ns fall@12.500ns period=25.000ns})
  Path Group:             **async_default**
  Path Type:              Removal (Min at Fast Process Corner)
  Requirement:            0.000ns  (clk_out1_xlnx_clk_gen rise@0.000ns - clk_out1_xlnx_clk_gen rise@0.000ns)
  Data Path Delay:        0.540ns  (logic 0.186ns (34.446%)  route 0.354ns (65.554%))
  Logic Levels:           1  (LUT3=1)
  Clock Path Skew:        0.016ns (DCD - SCD - CPR)
    Destination Clock Delay (DCD):    -0.803ns
    Source Clock Delay      (SCD):    -0.567ns
    Clock Pessimism Removal (CPR):    -0.253ns

    Location             Delay type                Incr(ns)  Path(ns)    Netlist Resource(s)
  -------------------------------------------------------------------    -------------------
                         (clock clk_out1_xlnx_clk_gen rise edge)
                                                      0.000     0.000 r  
    K17                                               0.000     0.000 r  clk_sys (IN)
                         net (fo=0)                   0.000     0.000    i_xlnx_clk_gen/inst/clk_in1
    K17                  IBUF (Prop_ibuf_I_O)         0.243     0.243 r  i_xlnx_clk_gen/inst/clkin1_ibufg/O
                         net (fo=1, routed)           0.440     0.683    i_xlnx_clk_gen/inst/clk_in1_xlnx_clk_gen
    MMCME2_ADV_X1Y2      MMCME2_ADV (Prop_mmcme2_adv_CLKIN1_CLKOUT0)
                                                     -2.613    -1.930 r  i_xlnx_clk_gen/inst/mmcm_adv_inst/CLKOUT0
                         net (fo=1, routed)           0.696    -1.233    i_xlnx_clk_gen/inst/clk_out1_xlnx_clk_gen
    BUFGCTRL_X0Y16       BUFG (Prop_bufg_I_O)         0.026    -1.207 r  i_xlnx_clk_gen/inst/clkout1_buf/O
                         net (fo=31820, routed)       0.641    -0.567    i_axi_dwidth_converter_dm_slave/inst/gen_downsizer.gen_simple_downsizer.axi_downsizer_inst/USE_WRITE.write_addr_inst/USE_B_CHANNEL.cmd_b_queue/inst/fifo_gen_inst/inst_fifo_gen/gconvfifo.rf/grf.rf/rstblk/clk
    SLICE_X111Y9         FDRE                                         r  i_axi_dwidth_converter_dm_slave/inst/gen_downsizer.gen_simple_downsizer.axi_downsizer_inst/USE_WRITE.write_addr_inst/USE_B_CHANNEL.cmd_b_queue/inst/fifo_gen_inst/inst_fifo_gen/gconvfifo.rf/grf.rf/rstblk/ngwrdrst.grst.g7serrst.gnsckt_wrst.gcc_rst.sckt_wr_rst_cc_reg[1]/C
  -------------------------------------------------------------------    -------------------
    SLICE_X111Y9         FDRE (Prop_fdre_C_Q)         0.141    -0.426 f  i_axi_dwidth_converter_dm_slave/inst/gen_downsizer.gen_simple_downsizer.axi_downsizer_inst/USE_WRITE.write_addr_inst/USE_B_CHANNEL.cmd_b_queue/inst/fifo_gen_inst/inst_fifo_gen/gconvfifo.rf/grf.rf/rstblk/ngwrdrst.grst.g7serrst.gnsckt_wrst.gcc_rst.sckt_wr_rst_cc_reg[1]/Q
                         net (fo=2, routed)           0.122    -0.304    i_axi_dwidth_converter_dm_slave/inst/gen_downsizer.gen_simple_downsizer.axi_downsizer_inst/USE_WRITE.write_addr_inst/USE_B_CHANNEL.cmd_b_queue/inst/fifo_gen_inst/inst_fifo_gen/gconvfifo.rf/grf.rf/rstblk/ngwrdrst.grst.g7serrst.gnsckt_wrst.gcc_rst.sckt_wr_rst_cc[1]
    SLICE_X111Y7         LUT3 (Prop_lut3_I0_O)        0.045    -0.259 f  i_axi_dwidth_converter_dm_slave/inst/gen_downsizer.gen_simple_downsizer.axi_downsizer_inst/USE_WRITE.write_addr_inst/USE_B_CHANNEL.cmd_b_queue/inst/fifo_gen_inst/inst_fifo_gen/gconvfifo.rf/grf.rf/rstblk/gpregsm1.curr_fwft_state[1]_i_2/O
                         net (fo=32, routed)          0.232    -0.027    i_axi_dwidth_converter_dm_slave/inst/gen_downsizer.gen_simple_downsizer.axi_downsizer_inst/USE_WRITE.write_addr_inst/USE_B_CHANNEL.cmd_b_queue/inst/fifo_gen_inst/inst_fifo_gen/gconvfifo.rf/grf.rf/gntv_or_sync_fifo.gl0.rd/gr1.gr1_int.rfwft/gpregsm1.user_valid_reg_0
    SLICE_X112Y7         FDCE                                         f  i_axi_dwidth_converter_dm_slave/inst/gen_downsizer.gen_simple_downsizer.axi_downsizer_inst/USE_WRITE.write_addr_inst/USE_B_CHANNEL.cmd_b_queue/inst/fifo_gen_inst/inst_fifo_gen/gconvfifo.rf/grf.rf/gntv_or_sync_fifo.gl0.rd/gr1.gr1_int.rfwft/gpregsm1.user_valid_reg/CLR
  -------------------------------------------------------------------    -------------------

                         (clock clk_out1_xlnx_clk_gen rise edge)
                                                      0.000     0.000 r  
    K17                                               0.000     0.000 r  clk_sys (IN)
                         net (fo=0)                   0.000     0.000    i_xlnx_clk_gen/inst/clk_in1
    K17                  IBUF (Prop_ibuf_I_O)         0.431     0.431 r  i_xlnx_clk_gen/inst/clkin1_ibufg/O
                         net (fo=1, routed)           0.480     0.911    i_xlnx_clk_gen/inst/clk_in1_xlnx_clk_gen
    MMCME2_ADV_X1Y2      MMCME2_ADV (Prop_mmcme2_adv_CLKIN1_CLKOUT0)
                                                     -3.407    -2.496 r  i_xlnx_clk_gen/inst/mmcm_adv_inst/CLKOUT0
                         net (fo=1, routed)           0.752    -1.744    i_xlnx_clk_gen/inst/clk_out1_xlnx_clk_gen
    BUFGCTRL_X0Y16       BUFG (Prop_bufg_I_O)         0.029    -1.715 r  i_xlnx_clk_gen/inst/clkout1_buf/O
                         net (fo=31820, routed)       0.912    -0.803    i_axi_dwidth_converter_dm_slave/inst/gen_downsizer.gen_simple_downsizer.axi_downsizer_inst/USE_WRITE.write_addr_inst/USE_B_CHANNEL.cmd_b_queue/inst/fifo_gen_inst/inst_fifo_gen/gconvfifo.rf/grf.rf/gntv_or_sync_fifo.gl0.rd/gr1.gr1_int.rfwft/clk
    SLICE_X112Y7         FDCE                                         r  i_axi_dwidth_converter_dm_slave/inst/gen_downsizer.gen_simple_downsizer.axi_downsizer_inst/USE_WRITE.write_addr_inst/USE_B_CHANNEL.cmd_b_queue/inst/fifo_gen_inst/inst_fifo_gen/gconvfifo.rf/grf.rf/gntv_or_sync_fifo.gl0.rd/gr1.gr1_int.rfwft/gpregsm1.user_valid_reg/C
                         clock pessimism              0.253    -0.551    
    SLICE_X112Y7         FDCE (Remov_fdce_C_CLR)     -0.067    -0.618    i_axi_dwidth_converter_dm_slave/inst/gen_downsizer.gen_simple_downsizer.axi_downsizer_inst/USE_WRITE.write_addr_inst/USE_B_CHANNEL.cmd_b_queue/inst/fifo_gen_inst/inst_fifo_gen/gconvfifo.rf/grf.rf/gntv_or_sync_fifo.gl0.rd/gr1.gr1_int.rfwft/gpregsm1.user_valid_reg
  -------------------------------------------------------------------
                         required time                          0.618    
                         arrival time                          -0.027    
  -------------------------------------------------------------------
                         slack                                  0.591    

Slack (MET) :             0.591ns  (arrival time - required time)
  Source:                 i_axi_dwidth_converter_dm_slave/inst/gen_downsizer.gen_simple_downsizer.axi_downsizer_inst/USE_WRITE.write_addr_inst/USE_B_CHANNEL.cmd_b_queue/inst/fifo_gen_inst/inst_fifo_gen/gconvfifo.rf/grf.rf/rstblk/ngwrdrst.grst.g7serrst.gnsckt_wrst.gcc_rst.sckt_wr_rst_cc_reg[1]/C
                            (rising edge-triggered cell FDRE clocked by clk_out1_xlnx_clk_gen  {rise@0.000ns fall@12.500ns period=25.000ns})
  Destination:            i_axi_dwidth_converter_dm_slave/inst/gen_downsizer.gen_simple_downsizer.axi_downsizer_inst/USE_WRITE.write_addr_inst/USE_B_CHANNEL.cmd_b_queue/inst/fifo_gen_inst/inst_fifo_gen/gconvfifo.rf/grf.rf/gntv_or_sync_fifo.gl0.wr/gwss.wsts/ram_full_fb_i_reg/CLR
                            (removal check against rising-edge clock clk_out1_xlnx_clk_gen  {rise@0.000ns fall@12.500ns period=25.000ns})
  Path Group:             **async_default**
  Path Type:              Removal (Min at Fast Process Corner)
  Requirement:            0.000ns  (clk_out1_xlnx_clk_gen rise@0.000ns - clk_out1_xlnx_clk_gen rise@0.000ns)
  Data Path Delay:        0.540ns  (logic 0.186ns (34.446%)  route 0.354ns (65.554%))
  Logic Levels:           1  (LUT3=1)
  Clock Path Skew:        0.016ns (DCD - SCD - CPR)
    Destination Clock Delay (DCD):    -0.803ns
    Source Clock Delay      (SCD):    -0.567ns
    Clock Pessimism Removal (CPR):    -0.253ns

    Location             Delay type                Incr(ns)  Path(ns)    Netlist Resource(s)
  -------------------------------------------------------------------    -------------------
                         (clock clk_out1_xlnx_clk_gen rise edge)
                                                      0.000     0.000 r  
    K17                                               0.000     0.000 r  clk_sys (IN)
                         net (fo=0)                   0.000     0.000    i_xlnx_clk_gen/inst/clk_in1
    K17                  IBUF (Prop_ibuf_I_O)         0.243     0.243 r  i_xlnx_clk_gen/inst/clkin1_ibufg/O
                         net (fo=1, routed)           0.440     0.683    i_xlnx_clk_gen/inst/clk_in1_xlnx_clk_gen
    MMCME2_ADV_X1Y2      MMCME2_ADV (Prop_mmcme2_adv_CLKIN1_CLKOUT0)
                                                     -2.613    -1.930 r  i_xlnx_clk_gen/inst/mmcm_adv_inst/CLKOUT0
                         net (fo=1, routed)           0.696    -1.233    i_xlnx_clk_gen/inst/clk_out1_xlnx_clk_gen
    BUFGCTRL_X0Y16       BUFG (Prop_bufg_I_O)         0.026    -1.207 r  i_xlnx_clk_gen/inst/clkout1_buf/O
                         net (fo=31820, routed)       0.641    -0.567    i_axi_dwidth_converter_dm_slave/inst/gen_downsizer.gen_simple_downsizer.axi_downsizer_inst/USE_WRITE.write_addr_inst/USE_B_CHANNEL.cmd_b_queue/inst/fifo_gen_inst/inst_fifo_gen/gconvfifo.rf/grf.rf/rstblk/clk
    SLICE_X111Y9         FDRE                                         r  i_axi_dwidth_converter_dm_slave/inst/gen_downsizer.gen_simple_downsizer.axi_downsizer_inst/USE_WRITE.write_addr_inst/USE_B_CHANNEL.cmd_b_queue/inst/fifo_gen_inst/inst_fifo_gen/gconvfifo.rf/grf.rf/rstblk/ngwrdrst.grst.g7serrst.gnsckt_wrst.gcc_rst.sckt_wr_rst_cc_reg[1]/C
  -------------------------------------------------------------------    -------------------
    SLICE_X111Y9         FDRE (Prop_fdre_C_Q)         0.141    -0.426 f  i_axi_dwidth_converter_dm_slave/inst/gen_downsizer.gen_simple_downsizer.axi_downsizer_inst/USE_WRITE.write_addr_inst/USE_B_CHANNEL.cmd_b_queue/inst/fifo_gen_inst/inst_fifo_gen/gconvfifo.rf/grf.rf/rstblk/ngwrdrst.grst.g7serrst.gnsckt_wrst.gcc_rst.sckt_wr_rst_cc_reg[1]/Q
                         net (fo=2, routed)           0.122    -0.304    i_axi_dwidth_converter_dm_slave/inst/gen_downsizer.gen_simple_downsizer.axi_downsizer_inst/USE_WRITE.write_addr_inst/USE_B_CHANNEL.cmd_b_queue/inst/fifo_gen_inst/inst_fifo_gen/gconvfifo.rf/grf.rf/rstblk/ngwrdrst.grst.g7serrst.gnsckt_wrst.gcc_rst.sckt_wr_rst_cc[1]
    SLICE_X111Y7         LUT3 (Prop_lut3_I0_O)        0.045    -0.259 f  i_axi_dwidth_converter_dm_slave/inst/gen_downsizer.gen_simple_downsizer.axi_downsizer_inst/USE_WRITE.write_addr_inst/USE_B_CHANNEL.cmd_b_queue/inst/fifo_gen_inst/inst_fifo_gen/gconvfifo.rf/grf.rf/rstblk/gpregsm1.curr_fwft_state[1]_i_2/O
                         net (fo=32, routed)          0.232    -0.027    i_axi_dwidth_converter_dm_slave/inst/gen_downsizer.gen_simple_downsizer.axi_downsizer_inst/USE_WRITE.write_addr_inst/USE_B_CHANNEL.cmd_b_queue/inst/fifo_gen_inst/inst_fifo_gen/gconvfifo.rf/grf.rf/gntv_or_sync_fifo.gl0.wr/gwss.wsts/AR[0]
    SLICE_X112Y7         FDCE                                         f  i_axi_dwidth_converter_dm_slave/inst/gen_downsizer.gen_simple_downsizer.axi_downsizer_inst/USE_WRITE.write_addr_inst/USE_B_CHANNEL.cmd_b_queue/inst/fifo_gen_inst/inst_fifo_gen/gconvfifo.rf/grf.rf/gntv_or_sync_fifo.gl0.wr/gwss.wsts/ram_full_fb_i_reg/CLR
  -------------------------------------------------------------------    -------------------

                         (clock clk_out1_xlnx_clk_gen rise edge)
                                                      0.000     0.000 r  
    K17                                               0.000     0.000 r  clk_sys (IN)
                         net (fo=0)                   0.000     0.000    i_xlnx_clk_gen/inst/clk_in1
    K17                  IBUF (Prop_ibuf_I_O)         0.431     0.431 r  i_xlnx_clk_gen/inst/clkin1_ibufg/O
                         net (fo=1, routed)           0.480     0.911    i_xlnx_clk_gen/inst/clk_in1_xlnx_clk_gen
    MMCME2_ADV_X1Y2      MMCME2_ADV (Prop_mmcme2_adv_CLKIN1_CLKOUT0)
                                                     -3.407    -2.496 r  i_xlnx_clk_gen/inst/mmcm_adv_inst/CLKOUT0
                         net (fo=1, routed)           0.752    -1.744    i_xlnx_clk_gen/inst/clk_out1_xlnx_clk_gen
    BUFGCTRL_X0Y16       BUFG (Prop_bufg_I_O)         0.029    -1.715 r  i_xlnx_clk_gen/inst/clkout1_buf/O
                         net (fo=31820, routed)       0.912    -0.803    i_axi_dwidth_converter_dm_slave/inst/gen_downsizer.gen_simple_downsizer.axi_downsizer_inst/USE_WRITE.write_addr_inst/USE_B_CHANNEL.cmd_b_queue/inst/fifo_gen_inst/inst_fifo_gen/gconvfifo.rf/grf.rf/gntv_or_sync_fifo.gl0.wr/gwss.wsts/clk
    SLICE_X112Y7         FDCE                                         r  i_axi_dwidth_converter_dm_slave/inst/gen_downsizer.gen_simple_downsizer.axi_downsizer_inst/USE_WRITE.write_addr_inst/USE_B_CHANNEL.cmd_b_queue/inst/fifo_gen_inst/inst_fifo_gen/gconvfifo.rf/grf.rf/gntv_or_sync_fifo.gl0.wr/gwss.wsts/ram_full_fb_i_reg/C
                         clock pessimism              0.253    -0.551    
    SLICE_X112Y7         FDCE (Remov_fdce_C_CLR)     -0.067    -0.618    i_axi_dwidth_converter_dm_slave/inst/gen_downsizer.gen_simple_downsizer.axi_downsizer_inst/USE_WRITE.write_addr_inst/USE_B_CHANNEL.cmd_b_queue/inst/fifo_gen_inst/inst_fifo_gen/gconvfifo.rf/grf.rf/gntv_or_sync_fifo.gl0.wr/gwss.wsts/ram_full_fb_i_reg
  -------------------------------------------------------------------
                         required time                          0.618    
                         arrival time                          -0.027    
  -------------------------------------------------------------------
                         slack                                  0.591    

Slack (MET) :             0.591ns  (arrival time - required time)
  Source:                 i_axi_dwidth_converter_dm_slave/inst/gen_downsizer.gen_simple_downsizer.axi_downsizer_inst/USE_WRITE.write_addr_inst/USE_B_CHANNEL.cmd_b_queue/inst/fifo_gen_inst/inst_fifo_gen/gconvfifo.rf/grf.rf/rstblk/ngwrdrst.grst.g7serrst.gnsckt_wrst.gcc_rst.sckt_wr_rst_cc_reg[1]/C
                            (rising edge-triggered cell FDRE clocked by clk_out1_xlnx_clk_gen  {rise@0.000ns fall@12.500ns period=25.000ns})
  Destination:            i_axi_dwidth_converter_dm_slave/inst/gen_downsizer.gen_simple_downsizer.axi_downsizer_inst/USE_WRITE.write_addr_inst/USE_B_CHANNEL.cmd_b_queue/inst/fifo_gen_inst/inst_fifo_gen/gconvfifo.rf/grf.rf/gntv_or_sync_fifo.gl0.wr/gwss.wsts/ram_full_i_reg/CLR
                            (removal check against rising-edge clock clk_out1_xlnx_clk_gen  {rise@0.000ns fall@12.500ns period=25.000ns})
  Path Group:             **async_default**
  Path Type:              Removal (Min at Fast Process Corner)
  Requirement:            0.000ns  (clk_out1_xlnx_clk_gen rise@0.000ns - clk_out1_xlnx_clk_gen rise@0.000ns)
  Data Path Delay:        0.540ns  (logic 0.186ns (34.446%)  route 0.354ns (65.554%))
  Logic Levels:           1  (LUT3=1)
  Clock Path Skew:        0.016ns (DCD - SCD - CPR)
    Destination Clock Delay (DCD):    -0.803ns
    Source Clock Delay      (SCD):    -0.567ns
    Clock Pessimism Removal (CPR):    -0.253ns

    Location             Delay type                Incr(ns)  Path(ns)    Netlist Resource(s)
  -------------------------------------------------------------------    -------------------
                         (clock clk_out1_xlnx_clk_gen rise edge)
                                                      0.000     0.000 r  
    K17                                               0.000     0.000 r  clk_sys (IN)
                         net (fo=0)                   0.000     0.000    i_xlnx_clk_gen/inst/clk_in1
    K17                  IBUF (Prop_ibuf_I_O)         0.243     0.243 r  i_xlnx_clk_gen/inst/clkin1_ibufg/O
                         net (fo=1, routed)           0.440     0.683    i_xlnx_clk_gen/inst/clk_in1_xlnx_clk_gen
    MMCME2_ADV_X1Y2      MMCME2_ADV (Prop_mmcme2_adv_CLKIN1_CLKOUT0)
                                                     -2.613    -1.930 r  i_xlnx_clk_gen/inst/mmcm_adv_inst/CLKOUT0
                         net (fo=1, routed)           0.696    -1.233    i_xlnx_clk_gen/inst/clk_out1_xlnx_clk_gen
    BUFGCTRL_X0Y16       BUFG (Prop_bufg_I_O)         0.026    -1.207 r  i_xlnx_clk_gen/inst/clkout1_buf/O
                         net (fo=31820, routed)       0.641    -0.567    i_axi_dwidth_converter_dm_slave/inst/gen_downsizer.gen_simple_downsizer.axi_downsizer_inst/USE_WRITE.write_addr_inst/USE_B_CHANNEL.cmd_b_queue/inst/fifo_gen_inst/inst_fifo_gen/gconvfifo.rf/grf.rf/rstblk/clk
    SLICE_X111Y9         FDRE                                         r  i_axi_dwidth_converter_dm_slave/inst/gen_downsizer.gen_simple_downsizer.axi_downsizer_inst/USE_WRITE.write_addr_inst/USE_B_CHANNEL.cmd_b_queue/inst/fifo_gen_inst/inst_fifo_gen/gconvfifo.rf/grf.rf/rstblk/ngwrdrst.grst.g7serrst.gnsckt_wrst.gcc_rst.sckt_wr_rst_cc_reg[1]/C
  -------------------------------------------------------------------    -------------------
    SLICE_X111Y9         FDRE (Prop_fdre_C_Q)         0.141    -0.426 f  i_axi_dwidth_converter_dm_slave/inst/gen_downsizer.gen_simple_downsizer.axi_downsizer_inst/USE_WRITE.write_addr_inst/USE_B_CHANNEL.cmd_b_queue/inst/fifo_gen_inst/inst_fifo_gen/gconvfifo.rf/grf.rf/rstblk/ngwrdrst.grst.g7serrst.gnsckt_wrst.gcc_rst.sckt_wr_rst_cc_reg[1]/Q
                         net (fo=2, routed)           0.122    -0.304    i_axi_dwidth_converter_dm_slave/inst/gen_downsizer.gen_simple_downsizer.axi_downsizer_inst/USE_WRITE.write_addr_inst/USE_B_CHANNEL.cmd_b_queue/inst/fifo_gen_inst/inst_fifo_gen/gconvfifo.rf/grf.rf/rstblk/ngwrdrst.grst.g7serrst.gnsckt_wrst.gcc_rst.sckt_wr_rst_cc[1]
    SLICE_X111Y7         LUT3 (Prop_lut3_I0_O)        0.045    -0.259 f  i_axi_dwidth_converter_dm_slave/inst/gen_downsizer.gen_simple_downsizer.axi_downsizer_inst/USE_WRITE.write_addr_inst/USE_B_CHANNEL.cmd_b_queue/inst/fifo_gen_inst/inst_fifo_gen/gconvfifo.rf/grf.rf/rstblk/gpregsm1.curr_fwft_state[1]_i_2/O
                         net (fo=32, routed)          0.232    -0.027    i_axi_dwidth_converter_dm_slave/inst/gen_downsizer.gen_simple_downsizer.axi_downsizer_inst/USE_WRITE.write_addr_inst/USE_B_CHANNEL.cmd_b_queue/inst/fifo_gen_inst/inst_fifo_gen/gconvfifo.rf/grf.rf/gntv_or_sync_fifo.gl0.wr/gwss.wsts/AR[0]
    SLICE_X112Y7         FDCE                                         f  i_axi_dwidth_converter_dm_slave/inst/gen_downsizer.gen_simple_downsizer.axi_downsizer_inst/USE_WRITE.write_addr_inst/USE_B_CHANNEL.cmd_b_queue/inst/fifo_gen_inst/inst_fifo_gen/gconvfifo.rf/grf.rf/gntv_or_sync_fifo.gl0.wr/gwss.wsts/ram_full_i_reg/CLR
  -------------------------------------------------------------------    -------------------

                         (clock clk_out1_xlnx_clk_gen rise edge)
                                                      0.000     0.000 r  
    K17                                               0.000     0.000 r  clk_sys (IN)
                         net (fo=0)                   0.000     0.000    i_xlnx_clk_gen/inst/clk_in1
    K17                  IBUF (Prop_ibuf_I_O)         0.431     0.431 r  i_xlnx_clk_gen/inst/clkin1_ibufg/O
                         net (fo=1, routed)           0.480     0.911    i_xlnx_clk_gen/inst/clk_in1_xlnx_clk_gen
    MMCME2_ADV_X1Y2      MMCME2_ADV (Prop_mmcme2_adv_CLKIN1_CLKOUT0)
                                                     -3.407    -2.496 r  i_xlnx_clk_gen/inst/mmcm_adv_inst/CLKOUT0
                         net (fo=1, routed)           0.752    -1.744    i_xlnx_clk_gen/inst/clk_out1_xlnx_clk_gen
    BUFGCTRL_X0Y16       BUFG (Prop_bufg_I_O)         0.029    -1.715 r  i_xlnx_clk_gen/inst/clkout1_buf/O
                         net (fo=31820, routed)       0.912    -0.803    i_axi_dwidth_converter_dm_slave/inst/gen_downsizer.gen_simple_downsizer.axi_downsizer_inst/USE_WRITE.write_addr_inst/USE_B_CHANNEL.cmd_b_queue/inst/fifo_gen_inst/inst_fifo_gen/gconvfifo.rf/grf.rf/gntv_or_sync_fifo.gl0.wr/gwss.wsts/clk
    SLICE_X112Y7         FDCE                                         r  i_axi_dwidth_converter_dm_slave/inst/gen_downsizer.gen_simple_downsizer.axi_downsizer_inst/USE_WRITE.write_addr_inst/USE_B_CHANNEL.cmd_b_queue/inst/fifo_gen_inst/inst_fifo_gen/gconvfifo.rf/grf.rf/gntv_or_sync_fifo.gl0.wr/gwss.wsts/ram_full_i_reg/C
                         clock pessimism              0.253    -0.551    
    SLICE_X112Y7         FDCE (Remov_fdce_C_CLR)     -0.067    -0.618    i_axi_dwidth_converter_dm_slave/inst/gen_downsizer.gen_simple_downsizer.axi_downsizer_inst/USE_WRITE.write_addr_inst/USE_B_CHANNEL.cmd_b_queue/inst/fifo_gen_inst/inst_fifo_gen/gconvfifo.rf/grf.rf/gntv_or_sync_fifo.gl0.wr/gwss.wsts/ram_full_i_reg
  -------------------------------------------------------------------
                         required time                          0.618    
                         arrival time                          -0.027    
  -------------------------------------------------------------------
                         slack                                  0.591    





--------------------------------------------------------------------------------------
Path Group:  (none)
From Clock:  clk_out1_xlnx_clk_gen
  To Clock:  clk_out1_xlnx_clk_gen

Max Delay             6 Endpoints
Min Delay             6 Endpoints
--------------------------------------------------------------------------------------


Max Delay Paths
--------------------------------------------------------------------------------------
Slack:                    inf
  Source:                 i_rstgen_main/i_rstgen_bypass/synch_regs_q_reg[3]/C
                            (rising edge-triggered cell FDCE clocked by clk_out1_xlnx_clk_gen  {rise@0.000ns fall@12.500ns period=25.000ns})
  Destination:            i_axi_dwidth_converter_dm_slave/inst/gen_downsizer.gen_simple_downsizer.axi_downsizer_inst/USE_WRITE.write_addr_inst/USE_B_CHANNEL.cmd_b_queue/inst/fifo_gen_inst/inst_fifo_gen/gconvfifo.rf/grf.rf/rstblk/ngwrdrst.grst.g7serrst.gnsckt_wrst.rst_wr_reg2_inst/arststages_ff_reg[0]/PRE
                            (recovery check against rising-edge clock clk_out1_xlnx_clk_gen  {rise@0.000ns fall@12.500ns period=25.000ns})
  Path Group:             (none)
  Path Type:              Recovery (Max at Slow Process Corner)
  Data Path Delay:        5.558ns  (logic 0.580ns (10.435%)  route 4.978ns (89.565%))
  Logic Levels:           1  (LUT1=1)
  Clock Path Skew:        -0.613ns (DCD - SCD + CPR)
    Destination Clock Delay (DCD):    -1.444ns
    Source Clock Delay      (SCD):    -0.830ns
    Clock Pessimism Removal (CPR):    0.000ns
  Clock Uncertainty:      0.082ns  ((TSJ^2 + DJ^2)^1/2) / 2 + PE
    Total System Jitter     (TSJ):    0.071ns
    Discrete Jitter          (DJ):    0.149ns
    Phase Error              (PE):    0.000ns
  Timing Exception:       False Path

    Location             Delay type                Incr(ns)  Path(ns)    Netlist Resource(s)
  -------------------------------------------------------------------    -------------------
                         (clock clk_out1_xlnx_clk_gen rise edge)
                                                      0.000     0.000 r  
    K17                                               0.000     0.000 r  clk_sys (IN)
                         net (fo=0)                   0.000     0.000    i_xlnx_clk_gen/inst/clk_in1
    K17                  IBUF (Prop_ibuf_I_O)         1.475     1.475 r  i_xlnx_clk_gen/inst/clkin1_ibufg/O
                         net (fo=1, routed)           1.285     2.760    i_xlnx_clk_gen/inst/clk_in1_xlnx_clk_gen
    MMCME2_ADV_X1Y2      MMCME2_ADV (Prop_mmcme2_adv_CLKIN1_CLKOUT0)
                                                     -7.759    -4.999 r  i_xlnx_clk_gen/inst/mmcm_adv_inst/CLKOUT0
                         net (fo=1, routed)           2.206    -2.793    i_xlnx_clk_gen/inst/clk_out1_xlnx_clk_gen
    BUFGCTRL_X0Y16       BUFG (Prop_bufg_I_O)         0.101    -2.692 r  i_xlnx_clk_gen/inst/clkout1_buf/O
                         net (fo=31820, routed)       1.862    -0.830    i_rstgen_main/i_rstgen_bypass/clk_out1
    SLICE_X106Y58        FDCE                                         r  i_rstgen_main/i_rstgen_bypass/synch_regs_q_reg[3]/C
  -------------------------------------------------------------------    -------------------
    SLICE_X106Y58        FDCE (Prop_fdce_C_Q)         0.456    -0.374 r  i_rstgen_main/i_rstgen_bypass/synch_regs_q_reg[3]/Q
                         net (fo=31, routed)          2.751     2.377    i_axi_dwidth_converter_dm_slave/inst/gen_downsizer.gen_simple_downsizer.axi_downsizer_inst/USE_WRITE.write_addr_inst/USE_B_CHANNEL.cmd_b_queue/inst/out
    SLICE_X112Y21        LUT1 (Prop_lut1_I0_O)        0.124     2.501 f  i_axi_dwidth_converter_dm_slave/inst/gen_downsizer.gen_simple_downsizer.axi_downsizer_inst/USE_WRITE.write_addr_inst/USE_B_CHANNEL.cmd_b_queue/inst/S_AXI_AREADY_I_i_1/O
                         net (fo=156, routed)         2.227     4.728    i_axi_dwidth_converter_dm_slave/inst/gen_downsizer.gen_simple_downsizer.axi_downsizer_inst/USE_WRITE.write_addr_inst/USE_B_CHANNEL.cmd_b_queue/inst/fifo_gen_inst/inst_fifo_gen/gconvfifo.rf/grf.rf/rstblk/ngwrdrst.grst.g7serrst.gnsckt_wrst.rst_wr_reg2_inst/src_arst
    SLICE_X110Y8         FDPE                                         f  i_axi_dwidth_converter_dm_slave/inst/gen_downsizer.gen_simple_downsizer.axi_downsizer_inst/USE_WRITE.write_addr_inst/USE_B_CHANNEL.cmd_b_queue/inst/fifo_gen_inst/inst_fifo_gen/gconvfifo.rf/grf.rf/rstblk/ngwrdrst.grst.g7serrst.gnsckt_wrst.rst_wr_reg2_inst/arststages_ff_reg[0]/PRE
  -------------------------------------------------------------------    -------------------

                         (clock clk_out1_xlnx_clk_gen rise edge)
                                                      0.000     0.000 r  
    K17                                               0.000     0.000 r  clk_sys (IN)
                         net (fo=0)                   0.000     0.000    i_xlnx_clk_gen/inst/clk_in1
    K17                  IBUF (Prop_ibuf_I_O)         1.404     1.404 r  i_xlnx_clk_gen/inst/clkin1_ibufg/O
                         net (fo=1, routed)           1.162     2.566    i_xlnx_clk_gen/inst/clk_in1_xlnx_clk_gen
    MMCME2_ADV_X1Y2      MMCME2_ADV (Prop_mmcme2_adv_CLKIN1_CLKOUT0)
                                                     -7.814    -5.248 r  i_xlnx_clk_gen/inst/mmcm_adv_inst/CLKOUT0
                         net (fo=1, routed)           2.012    -3.236    i_xlnx_clk_gen/inst/clk_out1_xlnx_clk_gen
    BUFGCTRL_X0Y16       BUFG (Prop_bufg_I_O)         0.091    -3.145 r  i_xlnx_clk_gen/inst/clkout1_buf/O
                         net (fo=31820, routed)       1.701    -1.444    i_axi_dwidth_converter_dm_slave/inst/gen_downsizer.gen_simple_downsizer.axi_downsizer_inst/USE_WRITE.write_addr_inst/USE_B_CHANNEL.cmd_b_queue/inst/fifo_gen_inst/inst_fifo_gen/gconvfifo.rf/grf.rf/rstblk/ngwrdrst.grst.g7serrst.gnsckt_wrst.rst_wr_reg2_inst/dest_clk
    SLICE_X110Y8         FDPE                                         r  i_axi_dwidth_converter_dm_slave/inst/gen_downsizer.gen_simple_downsizer.axi_downsizer_inst/USE_WRITE.write_addr_inst/USE_B_CHANNEL.cmd_b_queue/inst/fifo_gen_inst/inst_fifo_gen/gconvfifo.rf/grf.rf/rstblk/ngwrdrst.grst.g7serrst.gnsckt_wrst.rst_wr_reg2_inst/arststages_ff_reg[0]/C

Slack:                    inf
  Source:                 i_rstgen_main/i_rstgen_bypass/synch_regs_q_reg[3]/C
                            (rising edge-triggered cell FDCE clocked by clk_out1_xlnx_clk_gen  {rise@0.000ns fall@12.500ns period=25.000ns})
  Destination:            i_axi_dwidth_converter_dm_slave/inst/gen_downsizer.gen_simple_downsizer.axi_downsizer_inst/USE_WRITE.write_addr_inst/USE_B_CHANNEL.cmd_b_queue/inst/fifo_gen_inst/inst_fifo_gen/gconvfifo.rf/grf.rf/rstblk/ngwrdrst.grst.g7serrst.gnsckt_wrst.rst_wr_reg2_inst/arststages_ff_reg[1]/PRE
                            (recovery check against rising-edge clock clk_out1_xlnx_clk_gen  {rise@0.000ns fall@12.500ns period=25.000ns})
  Path Group:             (none)
  Path Type:              Recovery (Max at Slow Process Corner)
  Data Path Delay:        5.558ns  (logic 0.580ns (10.435%)  route 4.978ns (89.565%))
  Logic Levels:           1  (LUT1=1)
  Clock Path Skew:        -0.613ns (DCD - SCD + CPR)
    Destination Clock Delay (DCD):    -1.444ns
    Source Clock Delay      (SCD):    -0.830ns
    Clock Pessimism Removal (CPR):    0.000ns
  Clock Uncertainty:      0.082ns  ((TSJ^2 + DJ^2)^1/2) / 2 + PE
    Total System Jitter     (TSJ):    0.071ns
    Discrete Jitter          (DJ):    0.149ns
    Phase Error              (PE):    0.000ns
  Timing Exception:       False Path

    Location             Delay type                Incr(ns)  Path(ns)    Netlist Resource(s)
  -------------------------------------------------------------------    -------------------
                         (clock clk_out1_xlnx_clk_gen rise edge)
                                                      0.000     0.000 r  
    K17                                               0.000     0.000 r  clk_sys (IN)
                         net (fo=0)                   0.000     0.000    i_xlnx_clk_gen/inst/clk_in1
    K17                  IBUF (Prop_ibuf_I_O)         1.475     1.475 r  i_xlnx_clk_gen/inst/clkin1_ibufg/O
                         net (fo=1, routed)           1.285     2.760    i_xlnx_clk_gen/inst/clk_in1_xlnx_clk_gen
    MMCME2_ADV_X1Y2      MMCME2_ADV (Prop_mmcme2_adv_CLKIN1_CLKOUT0)
                                                     -7.759    -4.999 r  i_xlnx_clk_gen/inst/mmcm_adv_inst/CLKOUT0
                         net (fo=1, routed)           2.206    -2.793    i_xlnx_clk_gen/inst/clk_out1_xlnx_clk_gen
    BUFGCTRL_X0Y16       BUFG (Prop_bufg_I_O)         0.101    -2.692 r  i_xlnx_clk_gen/inst/clkout1_buf/O
                         net (fo=31820, routed)       1.862    -0.830    i_rstgen_main/i_rstgen_bypass/clk_out1
    SLICE_X106Y58        FDCE                                         r  i_rstgen_main/i_rstgen_bypass/synch_regs_q_reg[3]/C
  -------------------------------------------------------------------    -------------------
    SLICE_X106Y58        FDCE (Prop_fdce_C_Q)         0.456    -0.374 r  i_rstgen_main/i_rstgen_bypass/synch_regs_q_reg[3]/Q
                         net (fo=31, routed)          2.751     2.377    i_axi_dwidth_converter_dm_slave/inst/gen_downsizer.gen_simple_downsizer.axi_downsizer_inst/USE_WRITE.write_addr_inst/USE_B_CHANNEL.cmd_b_queue/inst/out
    SLICE_X112Y21        LUT1 (Prop_lut1_I0_O)        0.124     2.501 f  i_axi_dwidth_converter_dm_slave/inst/gen_downsizer.gen_simple_downsizer.axi_downsizer_inst/USE_WRITE.write_addr_inst/USE_B_CHANNEL.cmd_b_queue/inst/S_AXI_AREADY_I_i_1/O
                         net (fo=156, routed)         2.227     4.728    i_axi_dwidth_converter_dm_slave/inst/gen_downsizer.gen_simple_downsizer.axi_downsizer_inst/USE_WRITE.write_addr_inst/USE_B_CHANNEL.cmd_b_queue/inst/fifo_gen_inst/inst_fifo_gen/gconvfifo.rf/grf.rf/rstblk/ngwrdrst.grst.g7serrst.gnsckt_wrst.rst_wr_reg2_inst/src_arst
    SLICE_X110Y8         FDPE                                         f  i_axi_dwidth_converter_dm_slave/inst/gen_downsizer.gen_simple_downsizer.axi_downsizer_inst/USE_WRITE.write_addr_inst/USE_B_CHANNEL.cmd_b_queue/inst/fifo_gen_inst/inst_fifo_gen/gconvfifo.rf/grf.rf/rstblk/ngwrdrst.grst.g7serrst.gnsckt_wrst.rst_wr_reg2_inst/arststages_ff_reg[1]/PRE
  -------------------------------------------------------------------    -------------------

                         (clock clk_out1_xlnx_clk_gen rise edge)
                                                      0.000     0.000 r  
    K17                                               0.000     0.000 r  clk_sys (IN)
                         net (fo=0)                   0.000     0.000    i_xlnx_clk_gen/inst/clk_in1
    K17                  IBUF (Prop_ibuf_I_O)         1.404     1.404 r  i_xlnx_clk_gen/inst/clkin1_ibufg/O
                         net (fo=1, routed)           1.162     2.566    i_xlnx_clk_gen/inst/clk_in1_xlnx_clk_gen
    MMCME2_ADV_X1Y2      MMCME2_ADV (Prop_mmcme2_adv_CLKIN1_CLKOUT0)
                                                     -7.814    -5.248 r  i_xlnx_clk_gen/inst/mmcm_adv_inst/CLKOUT0
                         net (fo=1, routed)           2.012    -3.236    i_xlnx_clk_gen/inst/clk_out1_xlnx_clk_gen
    BUFGCTRL_X0Y16       BUFG (Prop_bufg_I_O)         0.091    -3.145 r  i_xlnx_clk_gen/inst/clkout1_buf/O
                         net (fo=31820, routed)       1.701    -1.444    i_axi_dwidth_converter_dm_slave/inst/gen_downsizer.gen_simple_downsizer.axi_downsizer_inst/USE_WRITE.write_addr_inst/USE_B_CHANNEL.cmd_b_queue/inst/fifo_gen_inst/inst_fifo_gen/gconvfifo.rf/grf.rf/rstblk/ngwrdrst.grst.g7serrst.gnsckt_wrst.rst_wr_reg2_inst/dest_clk
    SLICE_X110Y8         FDPE                                         r  i_axi_dwidth_converter_dm_slave/inst/gen_downsizer.gen_simple_downsizer.axi_downsizer_inst/USE_WRITE.write_addr_inst/USE_B_CHANNEL.cmd_b_queue/inst/fifo_gen_inst/inst_fifo_gen/gconvfifo.rf/grf.rf/rstblk/ngwrdrst.grst.g7serrst.gnsckt_wrst.rst_wr_reg2_inst/arststages_ff_reg[1]/C

Slack:                    inf
  Source:                 i_rstgen_main/i_rstgen_bypass/synch_regs_q_reg[3]/C
                            (rising edge-triggered cell FDCE clocked by clk_out1_xlnx_clk_gen  {rise@0.000ns fall@12.500ns period=25.000ns})
  Destination:            i_axi_dwidth_converter_dm_slave/inst/gen_downsizer.gen_simple_downsizer.axi_downsizer_inst/USE_WRITE.write_addr_inst/cmd_queue/inst/fifo_gen_inst/inst_fifo_gen/gconvfifo.rf/grf.rf/rstblk/ngwrdrst.grst.g7serrst.gnsckt_wrst.rst_wr_reg2_inst/arststages_ff_reg[0]/PRE
                            (recovery check against rising-edge clock clk_out1_xlnx_clk_gen  {rise@0.000ns fall@12.500ns period=25.000ns})
  Path Group:             (none)
  Path Type:              Recovery (Max at Slow Process Corner)
  Data Path Delay:        5.281ns  (logic 0.580ns (10.984%)  route 4.701ns (89.016%))
  Logic Levels:           1  (LUT1=1)
  Clock Path Skew:        -0.622ns (DCD - SCD + CPR)
    Destination Clock Delay (DCD):    -1.453ns
    Source Clock Delay      (SCD):    -0.830ns
    Clock Pessimism Removal (CPR):    0.000ns
  Clock Uncertainty:      0.082ns  ((TSJ^2 + DJ^2)^1/2) / 2 + PE
    Total System Jitter     (TSJ):    0.071ns
    Discrete Jitter          (DJ):    0.149ns
    Phase Error              (PE):    0.000ns
  Timing Exception:       False Path

    Location             Delay type                Incr(ns)  Path(ns)    Netlist Resource(s)
  -------------------------------------------------------------------    -------------------
                         (clock clk_out1_xlnx_clk_gen rise edge)
                                                      0.000     0.000 r  
    K17                                               0.000     0.000 r  clk_sys (IN)
                         net (fo=0)                   0.000     0.000    i_xlnx_clk_gen/inst/clk_in1
    K17                  IBUF (Prop_ibuf_I_O)         1.475     1.475 r  i_xlnx_clk_gen/inst/clkin1_ibufg/O
                         net (fo=1, routed)           1.285     2.760    i_xlnx_clk_gen/inst/clk_in1_xlnx_clk_gen
    MMCME2_ADV_X1Y2      MMCME2_ADV (Prop_mmcme2_adv_CLKIN1_CLKOUT0)
                                                     -7.759    -4.999 r  i_xlnx_clk_gen/inst/mmcm_adv_inst/CLKOUT0
                         net (fo=1, routed)           2.206    -2.793    i_xlnx_clk_gen/inst/clk_out1_xlnx_clk_gen
    BUFGCTRL_X0Y16       BUFG (Prop_bufg_I_O)         0.101    -2.692 r  i_xlnx_clk_gen/inst/clkout1_buf/O
                         net (fo=31820, routed)       1.862    -0.830    i_rstgen_main/i_rstgen_bypass/clk_out1
    SLICE_X106Y58        FDCE                                         r  i_rstgen_main/i_rstgen_bypass/synch_regs_q_reg[3]/C
  -------------------------------------------------------------------    -------------------
    SLICE_X106Y58        FDCE (Prop_fdce_C_Q)         0.456    -0.374 r  i_rstgen_main/i_rstgen_bypass/synch_regs_q_reg[3]/Q
                         net (fo=31, routed)          2.751     2.377    i_axi_dwidth_converter_dm_slave/inst/gen_downsizer.gen_simple_downsizer.axi_downsizer_inst/USE_WRITE.write_addr_inst/USE_B_CHANNEL.cmd_b_queue/inst/out
    SLICE_X112Y21        LUT1 (Prop_lut1_I0_O)        0.124     2.501 f  i_axi_dwidth_converter_dm_slave/inst/gen_downsizer.gen_simple_downsizer.axi_downsizer_inst/USE_WRITE.write_addr_inst/USE_B_CHANNEL.cmd_b_queue/inst/S_AXI_AREADY_I_i_1/O
                         net (fo=156, routed)         1.949     4.450    i_axi_dwidth_converter_dm_slave/inst/gen_downsizer.gen_simple_downsizer.axi_downsizer_inst/USE_WRITE.write_addr_inst/cmd_queue/inst/fifo_gen_inst/inst_fifo_gen/gconvfifo.rf/grf.rf/rstblk/ngwrdrst.grst.g7serrst.gnsckt_wrst.rst_wr_reg2_inst/src_arst
    SLICE_X106Y17        FDPE                                         f  i_axi_dwidth_converter_dm_slave/inst/gen_downsizer.gen_simple_downsizer.axi_downsizer_inst/USE_WRITE.write_addr_inst/cmd_queue/inst/fifo_gen_inst/inst_fifo_gen/gconvfifo.rf/grf.rf/rstblk/ngwrdrst.grst.g7serrst.gnsckt_wrst.rst_wr_reg2_inst/arststages_ff_reg[0]/PRE
  -------------------------------------------------------------------    -------------------

                         (clock clk_out1_xlnx_clk_gen rise edge)
                                                      0.000     0.000 r  
    K17                                               0.000     0.000 r  clk_sys (IN)
                         net (fo=0)                   0.000     0.000    i_xlnx_clk_gen/inst/clk_in1
    K17                  IBUF (Prop_ibuf_I_O)         1.404     1.404 r  i_xlnx_clk_gen/inst/clkin1_ibufg/O
                         net (fo=1, routed)           1.162     2.566    i_xlnx_clk_gen/inst/clk_in1_xlnx_clk_gen
    MMCME2_ADV_X1Y2      MMCME2_ADV (Prop_mmcme2_adv_CLKIN1_CLKOUT0)
                                                     -7.814    -5.248 r  i_xlnx_clk_gen/inst/mmcm_adv_inst/CLKOUT0
                         net (fo=1, routed)           2.012    -3.236    i_xlnx_clk_gen/inst/clk_out1_xlnx_clk_gen
    BUFGCTRL_X0Y16       BUFG (Prop_bufg_I_O)         0.091    -3.145 r  i_xlnx_clk_gen/inst/clkout1_buf/O
                         net (fo=31820, routed)       1.692    -1.453    i_axi_dwidth_converter_dm_slave/inst/gen_downsizer.gen_simple_downsizer.axi_downsizer_inst/USE_WRITE.write_addr_inst/cmd_queue/inst/fifo_gen_inst/inst_fifo_gen/gconvfifo.rf/grf.rf/rstblk/ngwrdrst.grst.g7serrst.gnsckt_wrst.rst_wr_reg2_inst/dest_clk
    SLICE_X106Y17        FDPE                                         r  i_axi_dwidth_converter_dm_slave/inst/gen_downsizer.gen_simple_downsizer.axi_downsizer_inst/USE_WRITE.write_addr_inst/cmd_queue/inst/fifo_gen_inst/inst_fifo_gen/gconvfifo.rf/grf.rf/rstblk/ngwrdrst.grst.g7serrst.gnsckt_wrst.rst_wr_reg2_inst/arststages_ff_reg[0]/C

Slack:                    inf
  Source:                 i_rstgen_main/i_rstgen_bypass/synch_regs_q_reg[3]/C
                            (rising edge-triggered cell FDCE clocked by clk_out1_xlnx_clk_gen  {rise@0.000ns fall@12.500ns period=25.000ns})
  Destination:            i_axi_dwidth_converter_dm_slave/inst/gen_downsizer.gen_simple_downsizer.axi_downsizer_inst/USE_WRITE.write_addr_inst/cmd_queue/inst/fifo_gen_inst/inst_fifo_gen/gconvfifo.rf/grf.rf/rstblk/ngwrdrst.grst.g7serrst.gnsckt_wrst.rst_wr_reg2_inst/arststages_ff_reg[1]/PRE
                            (recovery check against rising-edge clock clk_out1_xlnx_clk_gen  {rise@0.000ns fall@12.500ns period=25.000ns})
  Path Group:             (none)
  Path Type:              Recovery (Max at Slow Process Corner)
  Data Path Delay:        5.281ns  (logic 0.580ns (10.984%)  route 4.701ns (89.016%))
  Logic Levels:           1  (LUT1=1)
  Clock Path Skew:        -0.622ns (DCD - SCD + CPR)
    Destination Clock Delay (DCD):    -1.453ns
    Source Clock Delay      (SCD):    -0.830ns
    Clock Pessimism Removal (CPR):    0.000ns
  Clock Uncertainty:      0.082ns  ((TSJ^2 + DJ^2)^1/2) / 2 + PE
    Total System Jitter     (TSJ):    0.071ns
    Discrete Jitter          (DJ):    0.149ns
    Phase Error              (PE):    0.000ns
  Timing Exception:       False Path

    Location             Delay type                Incr(ns)  Path(ns)    Netlist Resource(s)
  -------------------------------------------------------------------    -------------------
                         (clock clk_out1_xlnx_clk_gen rise edge)
                                                      0.000     0.000 r  
    K17                                               0.000     0.000 r  clk_sys (IN)
                         net (fo=0)                   0.000     0.000    i_xlnx_clk_gen/inst/clk_in1
    K17                  IBUF (Prop_ibuf_I_O)         1.475     1.475 r  i_xlnx_clk_gen/inst/clkin1_ibufg/O
                         net (fo=1, routed)           1.285     2.760    i_xlnx_clk_gen/inst/clk_in1_xlnx_clk_gen
    MMCME2_ADV_X1Y2      MMCME2_ADV (Prop_mmcme2_adv_CLKIN1_CLKOUT0)
                                                     -7.759    -4.999 r  i_xlnx_clk_gen/inst/mmcm_adv_inst/CLKOUT0
                         net (fo=1, routed)           2.206    -2.793    i_xlnx_clk_gen/inst/clk_out1_xlnx_clk_gen
    BUFGCTRL_X0Y16       BUFG (Prop_bufg_I_O)         0.101    -2.692 r  i_xlnx_clk_gen/inst/clkout1_buf/O
                         net (fo=31820, routed)       1.862    -0.830    i_rstgen_main/i_rstgen_bypass/clk_out1
    SLICE_X106Y58        FDCE                                         r  i_rstgen_main/i_rstgen_bypass/synch_regs_q_reg[3]/C
  -------------------------------------------------------------------    -------------------
    SLICE_X106Y58        FDCE (Prop_fdce_C_Q)         0.456    -0.374 r  i_rstgen_main/i_rstgen_bypass/synch_regs_q_reg[3]/Q
                         net (fo=31, routed)          2.751     2.377    i_axi_dwidth_converter_dm_slave/inst/gen_downsizer.gen_simple_downsizer.axi_downsizer_inst/USE_WRITE.write_addr_inst/USE_B_CHANNEL.cmd_b_queue/inst/out
    SLICE_X112Y21        LUT1 (Prop_lut1_I0_O)        0.124     2.501 f  i_axi_dwidth_converter_dm_slave/inst/gen_downsizer.gen_simple_downsizer.axi_downsizer_inst/USE_WRITE.write_addr_inst/USE_B_CHANNEL.cmd_b_queue/inst/S_AXI_AREADY_I_i_1/O
                         net (fo=156, routed)         1.949     4.450    i_axi_dwidth_converter_dm_slave/inst/gen_downsizer.gen_simple_downsizer.axi_downsizer_inst/USE_WRITE.write_addr_inst/cmd_queue/inst/fifo_gen_inst/inst_fifo_gen/gconvfifo.rf/grf.rf/rstblk/ngwrdrst.grst.g7serrst.gnsckt_wrst.rst_wr_reg2_inst/src_arst
    SLICE_X106Y17        FDPE                                         f  i_axi_dwidth_converter_dm_slave/inst/gen_downsizer.gen_simple_downsizer.axi_downsizer_inst/USE_WRITE.write_addr_inst/cmd_queue/inst/fifo_gen_inst/inst_fifo_gen/gconvfifo.rf/grf.rf/rstblk/ngwrdrst.grst.g7serrst.gnsckt_wrst.rst_wr_reg2_inst/arststages_ff_reg[1]/PRE
  -------------------------------------------------------------------    -------------------

                         (clock clk_out1_xlnx_clk_gen rise edge)
                                                      0.000     0.000 r  
    K17                                               0.000     0.000 r  clk_sys (IN)
                         net (fo=0)                   0.000     0.000    i_xlnx_clk_gen/inst/clk_in1
    K17                  IBUF (Prop_ibuf_I_O)         1.404     1.404 r  i_xlnx_clk_gen/inst/clkin1_ibufg/O
                         net (fo=1, routed)           1.162     2.566    i_xlnx_clk_gen/inst/clk_in1_xlnx_clk_gen
    MMCME2_ADV_X1Y2      MMCME2_ADV (Prop_mmcme2_adv_CLKIN1_CLKOUT0)
                                                     -7.814    -5.248 r  i_xlnx_clk_gen/inst/mmcm_adv_inst/CLKOUT0
                         net (fo=1, routed)           2.012    -3.236    i_xlnx_clk_gen/inst/clk_out1_xlnx_clk_gen
    BUFGCTRL_X0Y16       BUFG (Prop_bufg_I_O)         0.091    -3.145 r  i_xlnx_clk_gen/inst/clkout1_buf/O
                         net (fo=31820, routed)       1.692    -1.453    i_axi_dwidth_converter_dm_slave/inst/gen_downsizer.gen_simple_downsizer.axi_downsizer_inst/USE_WRITE.write_addr_inst/cmd_queue/inst/fifo_gen_inst/inst_fifo_gen/gconvfifo.rf/grf.rf/rstblk/ngwrdrst.grst.g7serrst.gnsckt_wrst.rst_wr_reg2_inst/dest_clk
    SLICE_X106Y17        FDPE                                         r  i_axi_dwidth_converter_dm_slave/inst/gen_downsizer.gen_simple_downsizer.axi_downsizer_inst/USE_WRITE.write_addr_inst/cmd_queue/inst/fifo_gen_inst/inst_fifo_gen/gconvfifo.rf/grf.rf/rstblk/ngwrdrst.grst.g7serrst.gnsckt_wrst.rst_wr_reg2_inst/arststages_ff_reg[1]/C

Slack:                    inf
  Source:                 i_rstgen_main/i_rstgen_bypass/synch_regs_q_reg[3]/C
                            (rising edge-triggered cell FDCE clocked by clk_out1_xlnx_clk_gen  {rise@0.000ns fall@12.500ns period=25.000ns})
  Destination:            i_axi_dwidth_converter_dm_slave/inst/gen_downsizer.gen_simple_downsizer.axi_downsizer_inst/USE_READ.read_addr_inst/cmd_queue/inst/fifo_gen_inst/inst_fifo_gen/gconvfifo.rf/grf.rf/rstblk/ngwrdrst.grst.g7serrst.gnsckt_wrst.rst_wr_reg2_inst/arststages_ff_reg[0]/PRE
                            (recovery check against rising-edge clock clk_out1_xlnx_clk_gen  {rise@0.000ns fall@12.500ns period=25.000ns})
  Path Group:             (none)
  Path Type:              Recovery (Max at Slow Process Corner)
  Data Path Delay:        4.174ns  (logic 0.580ns (13.897%)  route 3.594ns (86.103%))
  Logic Levels:           1  (LUT1=1)
  Clock Path Skew:        -0.627ns (DCD - SCD + CPR)
    Destination Clock Delay (DCD):    -1.458ns
    Source Clock Delay      (SCD):    -0.830ns
    Clock Pessimism Removal (CPR):    0.000ns
  Clock Uncertainty:      0.082ns  ((TSJ^2 + DJ^2)^1/2) / 2 + PE
    Total System Jitter     (TSJ):    0.071ns
    Discrete Jitter          (DJ):    0.149ns
    Phase Error              (PE):    0.000ns
  Timing Exception:       False Path

    Location             Delay type                Incr(ns)  Path(ns)    Netlist Resource(s)
  -------------------------------------------------------------------    -------------------
                         (clock clk_out1_xlnx_clk_gen rise edge)
                                                      0.000     0.000 r  
    K17                                               0.000     0.000 r  clk_sys (IN)
                         net (fo=0)                   0.000     0.000    i_xlnx_clk_gen/inst/clk_in1
    K17                  IBUF (Prop_ibuf_I_O)         1.475     1.475 r  i_xlnx_clk_gen/inst/clkin1_ibufg/O
                         net (fo=1, routed)           1.285     2.760    i_xlnx_clk_gen/inst/clk_in1_xlnx_clk_gen
    MMCME2_ADV_X1Y2      MMCME2_ADV (Prop_mmcme2_adv_CLKIN1_CLKOUT0)
                                                     -7.759    -4.999 r  i_xlnx_clk_gen/inst/mmcm_adv_inst/CLKOUT0
                         net (fo=1, routed)           2.206    -2.793    i_xlnx_clk_gen/inst/clk_out1_xlnx_clk_gen
    BUFGCTRL_X0Y16       BUFG (Prop_bufg_I_O)         0.101    -2.692 r  i_xlnx_clk_gen/inst/clkout1_buf/O
                         net (fo=31820, routed)       1.862    -0.830    i_rstgen_main/i_rstgen_bypass/clk_out1
    SLICE_X106Y58        FDCE                                         r  i_rstgen_main/i_rstgen_bypass/synch_regs_q_reg[3]/C
  -------------------------------------------------------------------    -------------------
    SLICE_X106Y58        FDCE (Prop_fdce_C_Q)         0.456    -0.374 r  i_rstgen_main/i_rstgen_bypass/synch_regs_q_reg[3]/Q
                         net (fo=31, routed)          2.751     2.377    i_axi_dwidth_converter_dm_slave/inst/gen_downsizer.gen_simple_downsizer.axi_downsizer_inst/USE_WRITE.write_addr_inst/USE_B_CHANNEL.cmd_b_queue/inst/out
    SLICE_X112Y21        LUT1 (Prop_lut1_I0_O)        0.124     2.501 f  i_axi_dwidth_converter_dm_slave/inst/gen_downsizer.gen_simple_downsizer.axi_downsizer_inst/USE_WRITE.write_addr_inst/USE_B_CHANNEL.cmd_b_queue/inst/S_AXI_AREADY_I_i_1/O
                         net (fo=156, routed)         0.842     3.343    i_axi_dwidth_converter_dm_slave/inst/gen_downsizer.gen_simple_downsizer.axi_downsizer_inst/USE_READ.read_addr_inst/cmd_queue/inst/fifo_gen_inst/inst_fifo_gen/gconvfifo.rf/grf.rf/rstblk/ngwrdrst.grst.g7serrst.gnsckt_wrst.rst_wr_reg2_inst/src_arst
    SLICE_X112Y26        FDPE                                         f  i_axi_dwidth_converter_dm_slave/inst/gen_downsizer.gen_simple_downsizer.axi_downsizer_inst/USE_READ.read_addr_inst/cmd_queue/inst/fifo_gen_inst/inst_fifo_gen/gconvfifo.rf/grf.rf/rstblk/ngwrdrst.grst.g7serrst.gnsckt_wrst.rst_wr_reg2_inst/arststages_ff_reg[0]/PRE
  -------------------------------------------------------------------    -------------------

                         (clock clk_out1_xlnx_clk_gen rise edge)
                                                      0.000     0.000 r  
    K17                                               0.000     0.000 r  clk_sys (IN)
                         net (fo=0)                   0.000     0.000    i_xlnx_clk_gen/inst/clk_in1
    K17                  IBUF (Prop_ibuf_I_O)         1.404     1.404 r  i_xlnx_clk_gen/inst/clkin1_ibufg/O
                         net (fo=1, routed)           1.162     2.566    i_xlnx_clk_gen/inst/clk_in1_xlnx_clk_gen
    MMCME2_ADV_X1Y2      MMCME2_ADV (Prop_mmcme2_adv_CLKIN1_CLKOUT0)
                                                     -7.814    -5.248 r  i_xlnx_clk_gen/inst/mmcm_adv_inst/CLKOUT0
                         net (fo=1, routed)           2.012    -3.236    i_xlnx_clk_gen/inst/clk_out1_xlnx_clk_gen
    BUFGCTRL_X0Y16       BUFG (Prop_bufg_I_O)         0.091    -3.145 r  i_xlnx_clk_gen/inst/clkout1_buf/O
                         net (fo=31820, routed)       1.687    -1.458    i_axi_dwidth_converter_dm_slave/inst/gen_downsizer.gen_simple_downsizer.axi_downsizer_inst/USE_READ.read_addr_inst/cmd_queue/inst/fifo_gen_inst/inst_fifo_gen/gconvfifo.rf/grf.rf/rstblk/ngwrdrst.grst.g7serrst.gnsckt_wrst.rst_wr_reg2_inst/dest_clk
    SLICE_X112Y26        FDPE                                         r  i_axi_dwidth_converter_dm_slave/inst/gen_downsizer.gen_simple_downsizer.axi_downsizer_inst/USE_READ.read_addr_inst/cmd_queue/inst/fifo_gen_inst/inst_fifo_gen/gconvfifo.rf/grf.rf/rstblk/ngwrdrst.grst.g7serrst.gnsckt_wrst.rst_wr_reg2_inst/arststages_ff_reg[0]/C

Slack:                    inf
  Source:                 i_rstgen_main/i_rstgen_bypass/synch_regs_q_reg[3]/C
                            (rising edge-triggered cell FDCE clocked by clk_out1_xlnx_clk_gen  {rise@0.000ns fall@12.500ns period=25.000ns})
  Destination:            i_axi_dwidth_converter_dm_slave/inst/gen_downsizer.gen_simple_downsizer.axi_downsizer_inst/USE_READ.read_addr_inst/cmd_queue/inst/fifo_gen_inst/inst_fifo_gen/gconvfifo.rf/grf.rf/rstblk/ngwrdrst.grst.g7serrst.gnsckt_wrst.rst_wr_reg2_inst/arststages_ff_reg[1]/PRE
                            (recovery check against rising-edge clock clk_out1_xlnx_clk_gen  {rise@0.000ns fall@12.500ns period=25.000ns})
  Path Group:             (none)
  Path Type:              Recovery (Max at Slow Process Corner)
  Data Path Delay:        4.174ns  (logic 0.580ns (13.897%)  route 3.594ns (86.103%))
  Logic Levels:           1  (LUT1=1)
  Clock Path Skew:        -0.627ns (DCD - SCD + CPR)
    Destination Clock Delay (DCD):    -1.458ns
    Source Clock Delay      (SCD):    -0.830ns
    Clock Pessimism Removal (CPR):    0.000ns
  Clock Uncertainty:      0.082ns  ((TSJ^2 + DJ^2)^1/2) / 2 + PE
    Total System Jitter     (TSJ):    0.071ns
    Discrete Jitter          (DJ):    0.149ns
    Phase Error              (PE):    0.000ns
  Timing Exception:       False Path

    Location             Delay type                Incr(ns)  Path(ns)    Netlist Resource(s)
  -------------------------------------------------------------------    -------------------
                         (clock clk_out1_xlnx_clk_gen rise edge)
                                                      0.000     0.000 r  
    K17                                               0.000     0.000 r  clk_sys (IN)
                         net (fo=0)                   0.000     0.000    i_xlnx_clk_gen/inst/clk_in1
    K17                  IBUF (Prop_ibuf_I_O)         1.475     1.475 r  i_xlnx_clk_gen/inst/clkin1_ibufg/O
                         net (fo=1, routed)           1.285     2.760    i_xlnx_clk_gen/inst/clk_in1_xlnx_clk_gen
    MMCME2_ADV_X1Y2      MMCME2_ADV (Prop_mmcme2_adv_CLKIN1_CLKOUT0)
                                                     -7.759    -4.999 r  i_xlnx_clk_gen/inst/mmcm_adv_inst/CLKOUT0
                         net (fo=1, routed)           2.206    -2.793    i_xlnx_clk_gen/inst/clk_out1_xlnx_clk_gen
    BUFGCTRL_X0Y16       BUFG (Prop_bufg_I_O)         0.101    -2.692 r  i_xlnx_clk_gen/inst/clkout1_buf/O
                         net (fo=31820, routed)       1.862    -0.830    i_rstgen_main/i_rstgen_bypass/clk_out1
    SLICE_X106Y58        FDCE                                         r  i_rstgen_main/i_rstgen_bypass/synch_regs_q_reg[3]/C
  -------------------------------------------------------------------    -------------------
    SLICE_X106Y58        FDCE (Prop_fdce_C_Q)         0.456    -0.374 r  i_rstgen_main/i_rstgen_bypass/synch_regs_q_reg[3]/Q
                         net (fo=31, routed)          2.751     2.377    i_axi_dwidth_converter_dm_slave/inst/gen_downsizer.gen_simple_downsizer.axi_downsizer_inst/USE_WRITE.write_addr_inst/USE_B_CHANNEL.cmd_b_queue/inst/out
    SLICE_X112Y21        LUT1 (Prop_lut1_I0_O)        0.124     2.501 f  i_axi_dwidth_converter_dm_slave/inst/gen_downsizer.gen_simple_downsizer.axi_downsizer_inst/USE_WRITE.write_addr_inst/USE_B_CHANNEL.cmd_b_queue/inst/S_AXI_AREADY_I_i_1/O
                         net (fo=156, routed)         0.842     3.343    i_axi_dwidth_converter_dm_slave/inst/gen_downsizer.gen_simple_downsizer.axi_downsizer_inst/USE_READ.read_addr_inst/cmd_queue/inst/fifo_gen_inst/inst_fifo_gen/gconvfifo.rf/grf.rf/rstblk/ngwrdrst.grst.g7serrst.gnsckt_wrst.rst_wr_reg2_inst/src_arst
    SLICE_X112Y26        FDPE                                         f  i_axi_dwidth_converter_dm_slave/inst/gen_downsizer.gen_simple_downsizer.axi_downsizer_inst/USE_READ.read_addr_inst/cmd_queue/inst/fifo_gen_inst/inst_fifo_gen/gconvfifo.rf/grf.rf/rstblk/ngwrdrst.grst.g7serrst.gnsckt_wrst.rst_wr_reg2_inst/arststages_ff_reg[1]/PRE
  -------------------------------------------------------------------    -------------------

                         (clock clk_out1_xlnx_clk_gen rise edge)
                                                      0.000     0.000 r  
    K17                                               0.000     0.000 r  clk_sys (IN)
                         net (fo=0)                   0.000     0.000    i_xlnx_clk_gen/inst/clk_in1
    K17                  IBUF (Prop_ibuf_I_O)         1.404     1.404 r  i_xlnx_clk_gen/inst/clkin1_ibufg/O
                         net (fo=1, routed)           1.162     2.566    i_xlnx_clk_gen/inst/clk_in1_xlnx_clk_gen
    MMCME2_ADV_X1Y2      MMCME2_ADV (Prop_mmcme2_adv_CLKIN1_CLKOUT0)
                                                     -7.814    -5.248 r  i_xlnx_clk_gen/inst/mmcm_adv_inst/CLKOUT0
                         net (fo=1, routed)           2.012    -3.236    i_xlnx_clk_gen/inst/clk_out1_xlnx_clk_gen
    BUFGCTRL_X0Y16       BUFG (Prop_bufg_I_O)         0.091    -3.145 r  i_xlnx_clk_gen/inst/clkout1_buf/O
                         net (fo=31820, routed)       1.687    -1.458    i_axi_dwidth_converter_dm_slave/inst/gen_downsizer.gen_simple_downsizer.axi_downsizer_inst/USE_READ.read_addr_inst/cmd_queue/inst/fifo_gen_inst/inst_fifo_gen/gconvfifo.rf/grf.rf/rstblk/ngwrdrst.grst.g7serrst.gnsckt_wrst.rst_wr_reg2_inst/dest_clk
    SLICE_X112Y26        FDPE                                         r  i_axi_dwidth_converter_dm_slave/inst/gen_downsizer.gen_simple_downsizer.axi_downsizer_inst/USE_READ.read_addr_inst/cmd_queue/inst/fifo_gen_inst/inst_fifo_gen/gconvfifo.rf/grf.rf/rstblk/ngwrdrst.grst.g7serrst.gnsckt_wrst.rst_wr_reg2_inst/arststages_ff_reg[1]/C





Min Delay Paths
--------------------------------------------------------------------------------------
Slack:                    inf
  Source:                 i_rstgen_main/i_rstgen_bypass/synch_regs_q_reg[3]/C
                            (rising edge-triggered cell FDCE clocked by clk_out1_xlnx_clk_gen  {rise@0.000ns fall@12.500ns period=25.000ns})
  Destination:            i_axi_dwidth_converter_dm_slave/inst/gen_downsizer.gen_simple_downsizer.axi_downsizer_inst/USE_READ.read_addr_inst/cmd_queue/inst/fifo_gen_inst/inst_fifo_gen/gconvfifo.rf/grf.rf/rstblk/ngwrdrst.grst.g7serrst.gnsckt_wrst.rst_wr_reg2_inst/arststages_ff_reg[0]/PRE
                            (removal check against rising-edge clock clk_out1_xlnx_clk_gen  {rise@0.000ns fall@12.500ns period=25.000ns})
  Path Group:             (none)
  Path Type:              Removal (Min at Fast Process Corner)
  Data Path Delay:        1.597ns  (logic 0.186ns (11.650%)  route 1.411ns (88.350%))
  Logic Levels:           1  (LUT1=1)
  Clock Path Skew:        -0.244ns (DCD - SCD - CPR)
    Destination Clock Delay (DCD):    -0.817ns
    Source Clock Delay      (SCD):    -0.574ns
    Clock Pessimism Removal (CPR):    -0.000ns
  Clock Uncertainty:      0.082ns  ((TSJ^2 + DJ^2)^1/2) / 2 + PE
    Total System Jitter     (TSJ):    0.071ns
    Discrete Jitter          (DJ):    0.149ns
    Phase Error              (PE):    0.000ns
  Timing Exception:       False Path

    Location             Delay type                Incr(ns)  Path(ns)    Netlist Resource(s)
  -------------------------------------------------------------------    -------------------
                         (clock clk_out1_xlnx_clk_gen rise edge)
                                                      0.000     0.000 r  
    K17                                               0.000     0.000 r  clk_sys (IN)
                         net (fo=0)                   0.000     0.000    i_xlnx_clk_gen/inst/clk_in1
    K17                  IBUF (Prop_ibuf_I_O)         0.243     0.243 r  i_xlnx_clk_gen/inst/clkin1_ibufg/O
                         net (fo=1, routed)           0.440     0.683    i_xlnx_clk_gen/inst/clk_in1_xlnx_clk_gen
    MMCME2_ADV_X1Y2      MMCME2_ADV (Prop_mmcme2_adv_CLKIN1_CLKOUT0)
                                                     -2.613    -1.930 r  i_xlnx_clk_gen/inst/mmcm_adv_inst/CLKOUT0
                         net (fo=1, routed)           0.696    -1.233    i_xlnx_clk_gen/inst/clk_out1_xlnx_clk_gen
    BUFGCTRL_X0Y16       BUFG (Prop_bufg_I_O)         0.026    -1.207 r  i_xlnx_clk_gen/inst/clkout1_buf/O
                         net (fo=31820, routed)       0.634    -0.574    i_rstgen_main/i_rstgen_bypass/clk_out1
    SLICE_X106Y58        FDCE                                         r  i_rstgen_main/i_rstgen_bypass/synch_regs_q_reg[3]/C
  -------------------------------------------------------------------    -------------------
    SLICE_X106Y58        FDCE (Prop_fdce_C_Q)         0.141    -0.433 r  i_rstgen_main/i_rstgen_bypass/synch_regs_q_reg[3]/Q
                         net (fo=31, routed)          1.047     0.615    i_axi_dwidth_converter_dm_slave/inst/gen_downsizer.gen_simple_downsizer.axi_downsizer_inst/USE_WRITE.write_addr_inst/USE_B_CHANNEL.cmd_b_queue/inst/out
    SLICE_X112Y21        LUT1 (Prop_lut1_I0_O)        0.045     0.660 f  i_axi_dwidth_converter_dm_slave/inst/gen_downsizer.gen_simple_downsizer.axi_downsizer_inst/USE_WRITE.write_addr_inst/USE_B_CHANNEL.cmd_b_queue/inst/S_AXI_AREADY_I_i_1/O
                         net (fo=156, routed)         0.363     1.023    i_axi_dwidth_converter_dm_slave/inst/gen_downsizer.gen_simple_downsizer.axi_downsizer_inst/USE_READ.read_addr_inst/cmd_queue/inst/fifo_gen_inst/inst_fifo_gen/gconvfifo.rf/grf.rf/rstblk/ngwrdrst.grst.g7serrst.gnsckt_wrst.rst_wr_reg2_inst/src_arst
    SLICE_X112Y26        FDPE                                         f  i_axi_dwidth_converter_dm_slave/inst/gen_downsizer.gen_simple_downsizer.axi_downsizer_inst/USE_READ.read_addr_inst/cmd_queue/inst/fifo_gen_inst/inst_fifo_gen/gconvfifo.rf/grf.rf/rstblk/ngwrdrst.grst.g7serrst.gnsckt_wrst.rst_wr_reg2_inst/arststages_ff_reg[0]/PRE
  -------------------------------------------------------------------    -------------------

                         (clock clk_out1_xlnx_clk_gen rise edge)
                                                      0.000     0.000 r  
    K17                                               0.000     0.000 r  clk_sys (IN)
                         net (fo=0)                   0.000     0.000    i_xlnx_clk_gen/inst/clk_in1
    K17                  IBUF (Prop_ibuf_I_O)         0.431     0.431 r  i_xlnx_clk_gen/inst/clkin1_ibufg/O
                         net (fo=1, routed)           0.480     0.911    i_xlnx_clk_gen/inst/clk_in1_xlnx_clk_gen
    MMCME2_ADV_X1Y2      MMCME2_ADV (Prop_mmcme2_adv_CLKIN1_CLKOUT0)
                                                     -3.407    -2.496 r  i_xlnx_clk_gen/inst/mmcm_adv_inst/CLKOUT0
                         net (fo=1, routed)           0.752    -1.744    i_xlnx_clk_gen/inst/clk_out1_xlnx_clk_gen
    BUFGCTRL_X0Y16       BUFG (Prop_bufg_I_O)         0.029    -1.715 r  i_xlnx_clk_gen/inst/clkout1_buf/O
                         net (fo=31820, routed)       0.898    -0.817    i_axi_dwidth_converter_dm_slave/inst/gen_downsizer.gen_simple_downsizer.axi_downsizer_inst/USE_READ.read_addr_inst/cmd_queue/inst/fifo_gen_inst/inst_fifo_gen/gconvfifo.rf/grf.rf/rstblk/ngwrdrst.grst.g7serrst.gnsckt_wrst.rst_wr_reg2_inst/dest_clk
    SLICE_X112Y26        FDPE                                         r  i_axi_dwidth_converter_dm_slave/inst/gen_downsizer.gen_simple_downsizer.axi_downsizer_inst/USE_READ.read_addr_inst/cmd_queue/inst/fifo_gen_inst/inst_fifo_gen/gconvfifo.rf/grf.rf/rstblk/ngwrdrst.grst.g7serrst.gnsckt_wrst.rst_wr_reg2_inst/arststages_ff_reg[0]/C

Slack:                    inf
  Source:                 i_rstgen_main/i_rstgen_bypass/synch_regs_q_reg[3]/C
                            (rising edge-triggered cell FDCE clocked by clk_out1_xlnx_clk_gen  {rise@0.000ns fall@12.500ns period=25.000ns})
  Destination:            i_axi_dwidth_converter_dm_slave/inst/gen_downsizer.gen_simple_downsizer.axi_downsizer_inst/USE_READ.read_addr_inst/cmd_queue/inst/fifo_gen_inst/inst_fifo_gen/gconvfifo.rf/grf.rf/rstblk/ngwrdrst.grst.g7serrst.gnsckt_wrst.rst_wr_reg2_inst/arststages_ff_reg[1]/PRE
                            (removal check against rising-edge clock clk_out1_xlnx_clk_gen  {rise@0.000ns fall@12.500ns period=25.000ns})
  Path Group:             (none)
  Path Type:              Removal (Min at Fast Process Corner)
  Data Path Delay:        1.597ns  (logic 0.186ns (11.650%)  route 1.411ns (88.350%))
  Logic Levels:           1  (LUT1=1)
  Clock Path Skew:        -0.244ns (DCD - SCD - CPR)
    Destination Clock Delay (DCD):    -0.817ns
    Source Clock Delay      (SCD):    -0.574ns
    Clock Pessimism Removal (CPR):    -0.000ns
  Clock Uncertainty:      0.082ns  ((TSJ^2 + DJ^2)^1/2) / 2 + PE
    Total System Jitter     (TSJ):    0.071ns
    Discrete Jitter          (DJ):    0.149ns
    Phase Error              (PE):    0.000ns
  Timing Exception:       False Path

    Location             Delay type                Incr(ns)  Path(ns)    Netlist Resource(s)
  -------------------------------------------------------------------    -------------------
                         (clock clk_out1_xlnx_clk_gen rise edge)
                                                      0.000     0.000 r  
    K17                                               0.000     0.000 r  clk_sys (IN)
                         net (fo=0)                   0.000     0.000    i_xlnx_clk_gen/inst/clk_in1
    K17                  IBUF (Prop_ibuf_I_O)         0.243     0.243 r  i_xlnx_clk_gen/inst/clkin1_ibufg/O
                         net (fo=1, routed)           0.440     0.683    i_xlnx_clk_gen/inst/clk_in1_xlnx_clk_gen
    MMCME2_ADV_X1Y2      MMCME2_ADV (Prop_mmcme2_adv_CLKIN1_CLKOUT0)
                                                     -2.613    -1.930 r  i_xlnx_clk_gen/inst/mmcm_adv_inst/CLKOUT0
                         net (fo=1, routed)           0.696    -1.233    i_xlnx_clk_gen/inst/clk_out1_xlnx_clk_gen
    BUFGCTRL_X0Y16       BUFG (Prop_bufg_I_O)         0.026    -1.207 r  i_xlnx_clk_gen/inst/clkout1_buf/O
                         net (fo=31820, routed)       0.634    -0.574    i_rstgen_main/i_rstgen_bypass/clk_out1
    SLICE_X106Y58        FDCE                                         r  i_rstgen_main/i_rstgen_bypass/synch_regs_q_reg[3]/C
  -------------------------------------------------------------------    -------------------
    SLICE_X106Y58        FDCE (Prop_fdce_C_Q)         0.141    -0.433 r  i_rstgen_main/i_rstgen_bypass/synch_regs_q_reg[3]/Q
                         net (fo=31, routed)          1.047     0.615    i_axi_dwidth_converter_dm_slave/inst/gen_downsizer.gen_simple_downsizer.axi_downsizer_inst/USE_WRITE.write_addr_inst/USE_B_CHANNEL.cmd_b_queue/inst/out
    SLICE_X112Y21        LUT1 (Prop_lut1_I0_O)        0.045     0.660 f  i_axi_dwidth_converter_dm_slave/inst/gen_downsizer.gen_simple_downsizer.axi_downsizer_inst/USE_WRITE.write_addr_inst/USE_B_CHANNEL.cmd_b_queue/inst/S_AXI_AREADY_I_i_1/O
                         net (fo=156, routed)         0.363     1.023    i_axi_dwidth_converter_dm_slave/inst/gen_downsizer.gen_simple_downsizer.axi_downsizer_inst/USE_READ.read_addr_inst/cmd_queue/inst/fifo_gen_inst/inst_fifo_gen/gconvfifo.rf/grf.rf/rstblk/ngwrdrst.grst.g7serrst.gnsckt_wrst.rst_wr_reg2_inst/src_arst
    SLICE_X112Y26        FDPE                                         f  i_axi_dwidth_converter_dm_slave/inst/gen_downsizer.gen_simple_downsizer.axi_downsizer_inst/USE_READ.read_addr_inst/cmd_queue/inst/fifo_gen_inst/inst_fifo_gen/gconvfifo.rf/grf.rf/rstblk/ngwrdrst.grst.g7serrst.gnsckt_wrst.rst_wr_reg2_inst/arststages_ff_reg[1]/PRE
  -------------------------------------------------------------------    -------------------

                         (clock clk_out1_xlnx_clk_gen rise edge)
                                                      0.000     0.000 r  
    K17                                               0.000     0.000 r  clk_sys (IN)
                         net (fo=0)                   0.000     0.000    i_xlnx_clk_gen/inst/clk_in1
    K17                  IBUF (Prop_ibuf_I_O)         0.431     0.431 r  i_xlnx_clk_gen/inst/clkin1_ibufg/O
                         net (fo=1, routed)           0.480     0.911    i_xlnx_clk_gen/inst/clk_in1_xlnx_clk_gen
    MMCME2_ADV_X1Y2      MMCME2_ADV (Prop_mmcme2_adv_CLKIN1_CLKOUT0)
                                                     -3.407    -2.496 r  i_xlnx_clk_gen/inst/mmcm_adv_inst/CLKOUT0
                         net (fo=1, routed)           0.752    -1.744    i_xlnx_clk_gen/inst/clk_out1_xlnx_clk_gen
    BUFGCTRL_X0Y16       BUFG (Prop_bufg_I_O)         0.029    -1.715 r  i_xlnx_clk_gen/inst/clkout1_buf/O
                         net (fo=31820, routed)       0.898    -0.817    i_axi_dwidth_converter_dm_slave/inst/gen_downsizer.gen_simple_downsizer.axi_downsizer_inst/USE_READ.read_addr_inst/cmd_queue/inst/fifo_gen_inst/inst_fifo_gen/gconvfifo.rf/grf.rf/rstblk/ngwrdrst.grst.g7serrst.gnsckt_wrst.rst_wr_reg2_inst/dest_clk
    SLICE_X112Y26        FDPE                                         r  i_axi_dwidth_converter_dm_slave/inst/gen_downsizer.gen_simple_downsizer.axi_downsizer_inst/USE_READ.read_addr_inst/cmd_queue/inst/fifo_gen_inst/inst_fifo_gen/gconvfifo.rf/grf.rf/rstblk/ngwrdrst.grst.g7serrst.gnsckt_wrst.rst_wr_reg2_inst/arststages_ff_reg[1]/C

Slack:                    inf
  Source:                 i_rstgen_main/i_rstgen_bypass/synch_regs_q_reg[3]/C
                            (rising edge-triggered cell FDCE clocked by clk_out1_xlnx_clk_gen  {rise@0.000ns fall@12.500ns period=25.000ns})
  Destination:            i_axi_dwidth_converter_dm_slave/inst/gen_downsizer.gen_simple_downsizer.axi_downsizer_inst/USE_WRITE.write_addr_inst/USE_B_CHANNEL.cmd_b_queue/inst/fifo_gen_inst/inst_fifo_gen/gconvfifo.rf/grf.rf/rstblk/ngwrdrst.grst.g7serrst.gnsckt_wrst.rst_wr_reg2_inst/arststages_ff_reg[0]/PRE
                            (removal check against rising-edge clock clk_out1_xlnx_clk_gen  {rise@0.000ns fall@12.500ns period=25.000ns})
  Path Group:             (none)
  Path Type:              Removal (Min at Fast Process Corner)
  Data Path Delay:        2.156ns  (logic 0.186ns (8.626%)  route 1.970ns (91.374%))
  Logic Levels:           1  (LUT1=1)
  Clock Path Skew:        -0.230ns (DCD - SCD - CPR)
    Destination Clock Delay (DCD):    -0.803ns
    Source Clock Delay      (SCD):    -0.574ns
    Clock Pessimism Removal (CPR):    -0.000ns
  Clock Uncertainty:      0.082ns  ((TSJ^2 + DJ^2)^1/2) / 2 + PE
    Total System Jitter     (TSJ):    0.071ns
    Discrete Jitter          (DJ):    0.149ns
    Phase Error              (PE):    0.000ns
  Timing Exception:       False Path

    Location             Delay type                Incr(ns)  Path(ns)    Netlist Resource(s)
  -------------------------------------------------------------------    -------------------
                         (clock clk_out1_xlnx_clk_gen rise edge)
                                                      0.000     0.000 r  
    K17                                               0.000     0.000 r  clk_sys (IN)
                         net (fo=0)                   0.000     0.000    i_xlnx_clk_gen/inst/clk_in1
    K17                  IBUF (Prop_ibuf_I_O)         0.243     0.243 r  i_xlnx_clk_gen/inst/clkin1_ibufg/O
                         net (fo=1, routed)           0.440     0.683    i_xlnx_clk_gen/inst/clk_in1_xlnx_clk_gen
    MMCME2_ADV_X1Y2      MMCME2_ADV (Prop_mmcme2_adv_CLKIN1_CLKOUT0)
                                                     -2.613    -1.930 r  i_xlnx_clk_gen/inst/mmcm_adv_inst/CLKOUT0
                         net (fo=1, routed)           0.696    -1.233    i_xlnx_clk_gen/inst/clk_out1_xlnx_clk_gen
    BUFGCTRL_X0Y16       BUFG (Prop_bufg_I_O)         0.026    -1.207 r  i_xlnx_clk_gen/inst/clkout1_buf/O
                         net (fo=31820, routed)       0.634    -0.574    i_rstgen_main/i_rstgen_bypass/clk_out1
    SLICE_X106Y58        FDCE                                         r  i_rstgen_main/i_rstgen_bypass/synch_regs_q_reg[3]/C
  -------------------------------------------------------------------    -------------------
    SLICE_X106Y58        FDCE (Prop_fdce_C_Q)         0.141    -0.433 r  i_rstgen_main/i_rstgen_bypass/synch_regs_q_reg[3]/Q
                         net (fo=31, routed)          1.047     0.615    i_axi_dwidth_converter_dm_slave/inst/gen_downsizer.gen_simple_downsizer.axi_downsizer_inst/USE_WRITE.write_addr_inst/USE_B_CHANNEL.cmd_b_queue/inst/out
    SLICE_X112Y21        LUT1 (Prop_lut1_I0_O)        0.045     0.660 f  i_axi_dwidth_converter_dm_slave/inst/gen_downsizer.gen_simple_downsizer.axi_downsizer_inst/USE_WRITE.write_addr_inst/USE_B_CHANNEL.cmd_b_queue/inst/S_AXI_AREADY_I_i_1/O
                         net (fo=156, routed)         0.923     1.583    i_axi_dwidth_converter_dm_slave/inst/gen_downsizer.gen_simple_downsizer.axi_downsizer_inst/USE_WRITE.write_addr_inst/USE_B_CHANNEL.cmd_b_queue/inst/fifo_gen_inst/inst_fifo_gen/gconvfifo.rf/grf.rf/rstblk/ngwrdrst.grst.g7serrst.gnsckt_wrst.rst_wr_reg2_inst/src_arst
    SLICE_X110Y8         FDPE                                         f  i_axi_dwidth_converter_dm_slave/inst/gen_downsizer.gen_simple_downsizer.axi_downsizer_inst/USE_WRITE.write_addr_inst/USE_B_CHANNEL.cmd_b_queue/inst/fifo_gen_inst/inst_fifo_gen/gconvfifo.rf/grf.rf/rstblk/ngwrdrst.grst.g7serrst.gnsckt_wrst.rst_wr_reg2_inst/arststages_ff_reg[0]/PRE
  -------------------------------------------------------------------    -------------------

                         (clock clk_out1_xlnx_clk_gen rise edge)
                                                      0.000     0.000 r  
    K17                                               0.000     0.000 r  clk_sys (IN)
                         net (fo=0)                   0.000     0.000    i_xlnx_clk_gen/inst/clk_in1
    K17                  IBUF (Prop_ibuf_I_O)         0.431     0.431 r  i_xlnx_clk_gen/inst/clkin1_ibufg/O
                         net (fo=1, routed)           0.480     0.911    i_xlnx_clk_gen/inst/clk_in1_xlnx_clk_gen
    MMCME2_ADV_X1Y2      MMCME2_ADV (Prop_mmcme2_adv_CLKIN1_CLKOUT0)
                                                     -3.407    -2.496 r  i_xlnx_clk_gen/inst/mmcm_adv_inst/CLKOUT0
                         net (fo=1, routed)           0.752    -1.744    i_xlnx_clk_gen/inst/clk_out1_xlnx_clk_gen
    BUFGCTRL_X0Y16       BUFG (Prop_bufg_I_O)         0.029    -1.715 r  i_xlnx_clk_gen/inst/clkout1_buf/O
                         net (fo=31820, routed)       0.912    -0.803    i_axi_dwidth_converter_dm_slave/inst/gen_downsizer.gen_simple_downsizer.axi_downsizer_inst/USE_WRITE.write_addr_inst/USE_B_CHANNEL.cmd_b_queue/inst/fifo_gen_inst/inst_fifo_gen/gconvfifo.rf/grf.rf/rstblk/ngwrdrst.grst.g7serrst.gnsckt_wrst.rst_wr_reg2_inst/dest_clk
    SLICE_X110Y8         FDPE                                         r  i_axi_dwidth_converter_dm_slave/inst/gen_downsizer.gen_simple_downsizer.axi_downsizer_inst/USE_WRITE.write_addr_inst/USE_B_CHANNEL.cmd_b_queue/inst/fifo_gen_inst/inst_fifo_gen/gconvfifo.rf/grf.rf/rstblk/ngwrdrst.grst.g7serrst.gnsckt_wrst.rst_wr_reg2_inst/arststages_ff_reg[0]/C

Slack:                    inf
  Source:                 i_rstgen_main/i_rstgen_bypass/synch_regs_q_reg[3]/C
                            (rising edge-triggered cell FDCE clocked by clk_out1_xlnx_clk_gen  {rise@0.000ns fall@12.500ns period=25.000ns})
  Destination:            i_axi_dwidth_converter_dm_slave/inst/gen_downsizer.gen_simple_downsizer.axi_downsizer_inst/USE_WRITE.write_addr_inst/USE_B_CHANNEL.cmd_b_queue/inst/fifo_gen_inst/inst_fifo_gen/gconvfifo.rf/grf.rf/rstblk/ngwrdrst.grst.g7serrst.gnsckt_wrst.rst_wr_reg2_inst/arststages_ff_reg[1]/PRE
                            (removal check against rising-edge clock clk_out1_xlnx_clk_gen  {rise@0.000ns fall@12.500ns period=25.000ns})
  Path Group:             (none)
  Path Type:              Removal (Min at Fast Process Corner)
  Data Path Delay:        2.156ns  (logic 0.186ns (8.626%)  route 1.970ns (91.374%))
  Logic Levels:           1  (LUT1=1)
  Clock Path Skew:        -0.230ns (DCD - SCD - CPR)
    Destination Clock Delay (DCD):    -0.803ns
    Source Clock Delay      (SCD):    -0.574ns
    Clock Pessimism Removal (CPR):    -0.000ns
  Clock Uncertainty:      0.082ns  ((TSJ^2 + DJ^2)^1/2) / 2 + PE
    Total System Jitter     (TSJ):    0.071ns
    Discrete Jitter          (DJ):    0.149ns
    Phase Error              (PE):    0.000ns
  Timing Exception:       False Path

    Location             Delay type                Incr(ns)  Path(ns)    Netlist Resource(s)
  -------------------------------------------------------------------    -------------------
                         (clock clk_out1_xlnx_clk_gen rise edge)
                                                      0.000     0.000 r  
    K17                                               0.000     0.000 r  clk_sys (IN)
                         net (fo=0)                   0.000     0.000    i_xlnx_clk_gen/inst/clk_in1
    K17                  IBUF (Prop_ibuf_I_O)         0.243     0.243 r  i_xlnx_clk_gen/inst/clkin1_ibufg/O
                         net (fo=1, routed)           0.440     0.683    i_xlnx_clk_gen/inst/clk_in1_xlnx_clk_gen
    MMCME2_ADV_X1Y2      MMCME2_ADV (Prop_mmcme2_adv_CLKIN1_CLKOUT0)
                                                     -2.613    -1.930 r  i_xlnx_clk_gen/inst/mmcm_adv_inst/CLKOUT0
                         net (fo=1, routed)           0.696    -1.233    i_xlnx_clk_gen/inst/clk_out1_xlnx_clk_gen
    BUFGCTRL_X0Y16       BUFG (Prop_bufg_I_O)         0.026    -1.207 r  i_xlnx_clk_gen/inst/clkout1_buf/O
                         net (fo=31820, routed)       0.634    -0.574    i_rstgen_main/i_rstgen_bypass/clk_out1
    SLICE_X106Y58        FDCE                                         r  i_rstgen_main/i_rstgen_bypass/synch_regs_q_reg[3]/C
  -------------------------------------------------------------------    -------------------
    SLICE_X106Y58        FDCE (Prop_fdce_C_Q)         0.141    -0.433 r  i_rstgen_main/i_rstgen_bypass/synch_regs_q_reg[3]/Q
                         net (fo=31, routed)          1.047     0.615    i_axi_dwidth_converter_dm_slave/inst/gen_downsizer.gen_simple_downsizer.axi_downsizer_inst/USE_WRITE.write_addr_inst/USE_B_CHANNEL.cmd_b_queue/inst/out
    SLICE_X112Y21        LUT1 (Prop_lut1_I0_O)        0.045     0.660 f  i_axi_dwidth_converter_dm_slave/inst/gen_downsizer.gen_simple_downsizer.axi_downsizer_inst/USE_WRITE.write_addr_inst/USE_B_CHANNEL.cmd_b_queue/inst/S_AXI_AREADY_I_i_1/O
                         net (fo=156, routed)         0.923     1.583    i_axi_dwidth_converter_dm_slave/inst/gen_downsizer.gen_simple_downsizer.axi_downsizer_inst/USE_WRITE.write_addr_inst/USE_B_CHANNEL.cmd_b_queue/inst/fifo_gen_inst/inst_fifo_gen/gconvfifo.rf/grf.rf/rstblk/ngwrdrst.grst.g7serrst.gnsckt_wrst.rst_wr_reg2_inst/src_arst
    SLICE_X110Y8         FDPE                                         f  i_axi_dwidth_converter_dm_slave/inst/gen_downsizer.gen_simple_downsizer.axi_downsizer_inst/USE_WRITE.write_addr_inst/USE_B_CHANNEL.cmd_b_queue/inst/fifo_gen_inst/inst_fifo_gen/gconvfifo.rf/grf.rf/rstblk/ngwrdrst.grst.g7serrst.gnsckt_wrst.rst_wr_reg2_inst/arststages_ff_reg[1]/PRE
  -------------------------------------------------------------------    -------------------

                         (clock clk_out1_xlnx_clk_gen rise edge)
                                                      0.000     0.000 r  
    K17                                               0.000     0.000 r  clk_sys (IN)
                         net (fo=0)                   0.000     0.000    i_xlnx_clk_gen/inst/clk_in1
    K17                  IBUF (Prop_ibuf_I_O)         0.431     0.431 r  i_xlnx_clk_gen/inst/clkin1_ibufg/O
                         net (fo=1, routed)           0.480     0.911    i_xlnx_clk_gen/inst/clk_in1_xlnx_clk_gen
    MMCME2_ADV_X1Y2      MMCME2_ADV (Prop_mmcme2_adv_CLKIN1_CLKOUT0)
                                                     -3.407    -2.496 r  i_xlnx_clk_gen/inst/mmcm_adv_inst/CLKOUT0
                         net (fo=1, routed)           0.752    -1.744    i_xlnx_clk_gen/inst/clk_out1_xlnx_clk_gen
    BUFGCTRL_X0Y16       BUFG (Prop_bufg_I_O)         0.029    -1.715 r  i_xlnx_clk_gen/inst/clkout1_buf/O
                         net (fo=31820, routed)       0.912    -0.803    i_axi_dwidth_converter_dm_slave/inst/gen_downsizer.gen_simple_downsizer.axi_downsizer_inst/USE_WRITE.write_addr_inst/USE_B_CHANNEL.cmd_b_queue/inst/fifo_gen_inst/inst_fifo_gen/gconvfifo.rf/grf.rf/rstblk/ngwrdrst.grst.g7serrst.gnsckt_wrst.rst_wr_reg2_inst/dest_clk
    SLICE_X110Y8         FDPE                                         r  i_axi_dwidth_converter_dm_slave/inst/gen_downsizer.gen_simple_downsizer.axi_downsizer_inst/USE_WRITE.write_addr_inst/USE_B_CHANNEL.cmd_b_queue/inst/fifo_gen_inst/inst_fifo_gen/gconvfifo.rf/grf.rf/rstblk/ngwrdrst.grst.g7serrst.gnsckt_wrst.rst_wr_reg2_inst/arststages_ff_reg[1]/C

Slack:                    inf
  Source:                 i_rstgen_main/i_rstgen_bypass/synch_regs_q_reg[3]/C
                            (rising edge-triggered cell FDCE clocked by clk_out1_xlnx_clk_gen  {rise@0.000ns fall@12.500ns period=25.000ns})
  Destination:            i_axi_dwidth_converter_dm_slave/inst/gen_downsizer.gen_simple_downsizer.axi_downsizer_inst/USE_WRITE.write_addr_inst/cmd_queue/inst/fifo_gen_inst/inst_fifo_gen/gconvfifo.rf/grf.rf/rstblk/ngwrdrst.grst.g7serrst.gnsckt_wrst.rst_wr_reg2_inst/arststages_ff_reg[0]/PRE
                            (removal check against rising-edge clock clk_out1_xlnx_clk_gen  {rise@0.000ns fall@12.500ns period=25.000ns})
  Path Group:             (none)
  Path Type:              Removal (Min at Fast Process Corner)
  Data Path Delay:        2.184ns  (logic 0.186ns (8.518%)  route 1.998ns (91.482%))
  Logic Levels:           1  (LUT1=1)
  Clock Path Skew:        -0.238ns (DCD - SCD - CPR)
    Destination Clock Delay (DCD):    -0.811ns
    Source Clock Delay      (SCD):    -0.574ns
    Clock Pessimism Removal (CPR):    -0.000ns
  Clock Uncertainty:      0.082ns  ((TSJ^2 + DJ^2)^1/2) / 2 + PE
    Total System Jitter     (TSJ):    0.071ns
    Discrete Jitter          (DJ):    0.149ns
    Phase Error              (PE):    0.000ns
  Timing Exception:       False Path

    Location             Delay type                Incr(ns)  Path(ns)    Netlist Resource(s)
  -------------------------------------------------------------------    -------------------
                         (clock clk_out1_xlnx_clk_gen rise edge)
                                                      0.000     0.000 r  
    K17                                               0.000     0.000 r  clk_sys (IN)
                         net (fo=0)                   0.000     0.000    i_xlnx_clk_gen/inst/clk_in1
    K17                  IBUF (Prop_ibuf_I_O)         0.243     0.243 r  i_xlnx_clk_gen/inst/clkin1_ibufg/O
                         net (fo=1, routed)           0.440     0.683    i_xlnx_clk_gen/inst/clk_in1_xlnx_clk_gen
    MMCME2_ADV_X1Y2      MMCME2_ADV (Prop_mmcme2_adv_CLKIN1_CLKOUT0)
                                                     -2.613    -1.930 r  i_xlnx_clk_gen/inst/mmcm_adv_inst/CLKOUT0
                         net (fo=1, routed)           0.696    -1.233    i_xlnx_clk_gen/inst/clk_out1_xlnx_clk_gen
    BUFGCTRL_X0Y16       BUFG (Prop_bufg_I_O)         0.026    -1.207 r  i_xlnx_clk_gen/inst/clkout1_buf/O
                         net (fo=31820, routed)       0.634    -0.574    i_rstgen_main/i_rstgen_bypass/clk_out1
    SLICE_X106Y58        FDCE                                         r  i_rstgen_main/i_rstgen_bypass/synch_regs_q_reg[3]/C
  -------------------------------------------------------------------    -------------------
    SLICE_X106Y58        FDCE (Prop_fdce_C_Q)         0.141    -0.433 r  i_rstgen_main/i_rstgen_bypass/synch_regs_q_reg[3]/Q
                         net (fo=31, routed)          1.047     0.615    i_axi_dwidth_converter_dm_slave/inst/gen_downsizer.gen_simple_downsizer.axi_downsizer_inst/USE_WRITE.write_addr_inst/USE_B_CHANNEL.cmd_b_queue/inst/out
    SLICE_X112Y21        LUT1 (Prop_lut1_I0_O)        0.045     0.660 f  i_axi_dwidth_converter_dm_slave/inst/gen_downsizer.gen_simple_downsizer.axi_downsizer_inst/USE_WRITE.write_addr_inst/USE_B_CHANNEL.cmd_b_queue/inst/S_AXI_AREADY_I_i_1/O
                         net (fo=156, routed)         0.950     1.610    i_axi_dwidth_converter_dm_slave/inst/gen_downsizer.gen_simple_downsizer.axi_downsizer_inst/USE_WRITE.write_addr_inst/cmd_queue/inst/fifo_gen_inst/inst_fifo_gen/gconvfifo.rf/grf.rf/rstblk/ngwrdrst.grst.g7serrst.gnsckt_wrst.rst_wr_reg2_inst/src_arst
    SLICE_X106Y17        FDPE                                         f  i_axi_dwidth_converter_dm_slave/inst/gen_downsizer.gen_simple_downsizer.axi_downsizer_inst/USE_WRITE.write_addr_inst/cmd_queue/inst/fifo_gen_inst/inst_fifo_gen/gconvfifo.rf/grf.rf/rstblk/ngwrdrst.grst.g7serrst.gnsckt_wrst.rst_wr_reg2_inst/arststages_ff_reg[0]/PRE
  -------------------------------------------------------------------    -------------------

                         (clock clk_out1_xlnx_clk_gen rise edge)
                                                      0.000     0.000 r  
    K17                                               0.000     0.000 r  clk_sys (IN)
                         net (fo=0)                   0.000     0.000    i_xlnx_clk_gen/inst/clk_in1
    K17                  IBUF (Prop_ibuf_I_O)         0.431     0.431 r  i_xlnx_clk_gen/inst/clkin1_ibufg/O
                         net (fo=1, routed)           0.480     0.911    i_xlnx_clk_gen/inst/clk_in1_xlnx_clk_gen
    MMCME2_ADV_X1Y2      MMCME2_ADV (Prop_mmcme2_adv_CLKIN1_CLKOUT0)
                                                     -3.407    -2.496 r  i_xlnx_clk_gen/inst/mmcm_adv_inst/CLKOUT0
                         net (fo=1, routed)           0.752    -1.744    i_xlnx_clk_gen/inst/clk_out1_xlnx_clk_gen
    BUFGCTRL_X0Y16       BUFG (Prop_bufg_I_O)         0.029    -1.715 r  i_xlnx_clk_gen/inst/clkout1_buf/O
                         net (fo=31820, routed)       0.904    -0.811    i_axi_dwidth_converter_dm_slave/inst/gen_downsizer.gen_simple_downsizer.axi_downsizer_inst/USE_WRITE.write_addr_inst/cmd_queue/inst/fifo_gen_inst/inst_fifo_gen/gconvfifo.rf/grf.rf/rstblk/ngwrdrst.grst.g7serrst.gnsckt_wrst.rst_wr_reg2_inst/dest_clk
    SLICE_X106Y17        FDPE                                         r  i_axi_dwidth_converter_dm_slave/inst/gen_downsizer.gen_simple_downsizer.axi_downsizer_inst/USE_WRITE.write_addr_inst/cmd_queue/inst/fifo_gen_inst/inst_fifo_gen/gconvfifo.rf/grf.rf/rstblk/ngwrdrst.grst.g7serrst.gnsckt_wrst.rst_wr_reg2_inst/arststages_ff_reg[0]/C

Slack:                    inf
  Source:                 i_rstgen_main/i_rstgen_bypass/synch_regs_q_reg[3]/C
                            (rising edge-triggered cell FDCE clocked by clk_out1_xlnx_clk_gen  {rise@0.000ns fall@12.500ns period=25.000ns})
  Destination:            i_axi_dwidth_converter_dm_slave/inst/gen_downsizer.gen_simple_downsizer.axi_downsizer_inst/USE_WRITE.write_addr_inst/cmd_queue/inst/fifo_gen_inst/inst_fifo_gen/gconvfifo.rf/grf.rf/rstblk/ngwrdrst.grst.g7serrst.gnsckt_wrst.rst_wr_reg2_inst/arststages_ff_reg[1]/PRE
                            (removal check against rising-edge clock clk_out1_xlnx_clk_gen  {rise@0.000ns fall@12.500ns period=25.000ns})
  Path Group:             (none)
  Path Type:              Removal (Min at Fast Process Corner)
  Data Path Delay:        2.184ns  (logic 0.186ns (8.518%)  route 1.998ns (91.482%))
  Logic Levels:           1  (LUT1=1)
  Clock Path Skew:        -0.238ns (DCD - SCD - CPR)
    Destination Clock Delay (DCD):    -0.811ns
    Source Clock Delay      (SCD):    -0.574ns
    Clock Pessimism Removal (CPR):    -0.000ns
  Clock Uncertainty:      0.082ns  ((TSJ^2 + DJ^2)^1/2) / 2 + PE
    Total System Jitter     (TSJ):    0.071ns
    Discrete Jitter          (DJ):    0.149ns
    Phase Error              (PE):    0.000ns
  Timing Exception:       False Path

    Location             Delay type                Incr(ns)  Path(ns)    Netlist Resource(s)
  -------------------------------------------------------------------    -------------------
                         (clock clk_out1_xlnx_clk_gen rise edge)
                                                      0.000     0.000 r  
    K17                                               0.000     0.000 r  clk_sys (IN)
                         net (fo=0)                   0.000     0.000    i_xlnx_clk_gen/inst/clk_in1
    K17                  IBUF (Prop_ibuf_I_O)         0.243     0.243 r  i_xlnx_clk_gen/inst/clkin1_ibufg/O
                         net (fo=1, routed)           0.440     0.683    i_xlnx_clk_gen/inst/clk_in1_xlnx_clk_gen
    MMCME2_ADV_X1Y2      MMCME2_ADV (Prop_mmcme2_adv_CLKIN1_CLKOUT0)
                                                     -2.613    -1.930 r  i_xlnx_clk_gen/inst/mmcm_adv_inst/CLKOUT0
                         net (fo=1, routed)           0.696    -1.233    i_xlnx_clk_gen/inst/clk_out1_xlnx_clk_gen
    BUFGCTRL_X0Y16       BUFG (Prop_bufg_I_O)         0.026    -1.207 r  i_xlnx_clk_gen/inst/clkout1_buf/O
                         net (fo=31820, routed)       0.634    -0.574    i_rstgen_main/i_rstgen_bypass/clk_out1
    SLICE_X106Y58        FDCE                                         r  i_rstgen_main/i_rstgen_bypass/synch_regs_q_reg[3]/C
  -------------------------------------------------------------------    -------------------
    SLICE_X106Y58        FDCE (Prop_fdce_C_Q)         0.141    -0.433 r  i_rstgen_main/i_rstgen_bypass/synch_regs_q_reg[3]/Q
                         net (fo=31, routed)          1.047     0.615    i_axi_dwidth_converter_dm_slave/inst/gen_downsizer.gen_simple_downsizer.axi_downsizer_inst/USE_WRITE.write_addr_inst/USE_B_CHANNEL.cmd_b_queue/inst/out
    SLICE_X112Y21        LUT1 (Prop_lut1_I0_O)        0.045     0.660 f  i_axi_dwidth_converter_dm_slave/inst/gen_downsizer.gen_simple_downsizer.axi_downsizer_inst/USE_WRITE.write_addr_inst/USE_B_CHANNEL.cmd_b_queue/inst/S_AXI_AREADY_I_i_1/O
                         net (fo=156, routed)         0.950     1.610    i_axi_dwidth_converter_dm_slave/inst/gen_downsizer.gen_simple_downsizer.axi_downsizer_inst/USE_WRITE.write_addr_inst/cmd_queue/inst/fifo_gen_inst/inst_fifo_gen/gconvfifo.rf/grf.rf/rstblk/ngwrdrst.grst.g7serrst.gnsckt_wrst.rst_wr_reg2_inst/src_arst
    SLICE_X106Y17        FDPE                                         f  i_axi_dwidth_converter_dm_slave/inst/gen_downsizer.gen_simple_downsizer.axi_downsizer_inst/USE_WRITE.write_addr_inst/cmd_queue/inst/fifo_gen_inst/inst_fifo_gen/gconvfifo.rf/grf.rf/rstblk/ngwrdrst.grst.g7serrst.gnsckt_wrst.rst_wr_reg2_inst/arststages_ff_reg[1]/PRE
  -------------------------------------------------------------------    -------------------

                         (clock clk_out1_xlnx_clk_gen rise edge)
                                                      0.000     0.000 r  
    K17                                               0.000     0.000 r  clk_sys (IN)
                         net (fo=0)                   0.000     0.000    i_xlnx_clk_gen/inst/clk_in1
    K17                  IBUF (Prop_ibuf_I_O)         0.431     0.431 r  i_xlnx_clk_gen/inst/clkin1_ibufg/O
                         net (fo=1, routed)           0.480     0.911    i_xlnx_clk_gen/inst/clk_in1_xlnx_clk_gen
    MMCME2_ADV_X1Y2      MMCME2_ADV (Prop_mmcme2_adv_CLKIN1_CLKOUT0)
                                                     -3.407    -2.496 r  i_xlnx_clk_gen/inst/mmcm_adv_inst/CLKOUT0
                         net (fo=1, routed)           0.752    -1.744    i_xlnx_clk_gen/inst/clk_out1_xlnx_clk_gen
    BUFGCTRL_X0Y16       BUFG (Prop_bufg_I_O)         0.029    -1.715 r  i_xlnx_clk_gen/inst/clkout1_buf/O
                         net (fo=31820, routed)       0.904    -0.811    i_axi_dwidth_converter_dm_slave/inst/gen_downsizer.gen_simple_downsizer.axi_downsizer_inst/USE_WRITE.write_addr_inst/cmd_queue/inst/fifo_gen_inst/inst_fifo_gen/gconvfifo.rf/grf.rf/rstblk/ngwrdrst.grst.g7serrst.gnsckt_wrst.rst_wr_reg2_inst/dest_clk
    SLICE_X106Y17        FDPE                                         r  i_axi_dwidth_converter_dm_slave/inst/gen_downsizer.gen_simple_downsizer.axi_downsizer_inst/USE_WRITE.write_addr_inst/cmd_queue/inst/fifo_gen_inst/inst_fifo_gen/gconvfifo.rf/grf.rf/rstblk/ngwrdrst.grst.g7serrst.gnsckt_wrst.rst_wr_reg2_inst/arststages_ff_reg[1]/C





--------------------------------------------------------------------------------------
Path Group:  (none)
From Clock:  
  To Clock:  tck

Max Delay           258 Endpoints
Min Delay           258 Endpoints
--------------------------------------------------------------------------------------


Max Delay Paths
--------------------------------------------------------------------------------------
Slack:                    inf
  Source:                 trst_n
                            (input port)
  Destination:            i_dmi_jtag/data_q_reg[13]/CLR
                            (recovery check against rising-edge clock tck  {rise@0.000ns fall@50.000ns period=100.000ns})
  Path Group:             (none)
  Path Type:              Recovery (Max at Slow Process Corner)
  Data Path Delay:        6.171ns  (logic 1.694ns (27.455%)  route 4.476ns (72.545%))
  Logic Levels:           2  (IBUF=1 LUT1=1)
  Clock Path Skew:        6.339ns (DCD - SCD + CPR)
    Destination Clock Delay (DCD):    6.339ns
    Source Clock Delay      (SCD):    0.000ns
    Clock Pessimism Removal (CPR):    0.000ns
  Clock Uncertainty:      0.501ns  ((TSJ^2 + TIJ^2)^1/2 + DJ) / 2 + PE
    Total System Jitter     (TSJ):    0.050ns
    Total Input Jitter      (TIJ):    1.000ns
    Discrete Jitter          (DJ):    0.000ns
    Phase Error              (PE):    0.000ns
  Timing Exception:       False Path

    Location             Delay type                Incr(ns)  Path(ns)    Netlist Resource(s)
  -------------------------------------------------------------------    -------------------
    V13                                               0.000     0.000 r  trst_n (IN)
                         net (fo=0)                   0.000     0.000    trst_n
    V13                  IBUF (Prop_ibuf_I_O)         1.570     1.570 r  trst_n_IBUF_inst/O
                         net (fo=1, routed)           1.001     2.571    i_dmi_jtag/i_dmi_jtag_tap/trst_n_IBUF
    SLICE_X113Y93        LUT1 (Prop_lut1_I0_O)        0.124     2.695 f  i_dmi_jtag/i_dmi_jtag_tap/FSM_onehot_tap_state_q[15]_i_2/O
                         net (fo=258, routed)         3.475     6.171    i_dmi_jtag/i_dmi_jtag_tap_n_0
    SLICE_X109Y49        FDCE                                         f  i_dmi_jtag/data_q_reg[13]/CLR
  -------------------------------------------------------------------    -------------------

                         (clock tck rise edge)        0.000     0.000 r  
    H15                                               0.000     0.000 r  tck (IN)
                         net (fo=0)                   0.000     0.000    tck
    H15                  IBUF (Prop_ibuf_I_O)         1.430     1.430 r  tck_IBUF_inst/O
                         net (fo=1, routed)           3.120     4.550    tck_IBUF
    BUFGCTRL_X0Y0        BUFG (Prop_bufg_I_O)         0.091     4.641 r  tck_IBUF_BUFG_inst/O
                         net (fo=258, routed)         1.698     6.339    i_dmi_jtag/CLK
    SLICE_X109Y49        FDCE                                         r  i_dmi_jtag/data_q_reg[13]/C

Slack:                    inf
  Source:                 trst_n
                            (input port)
  Destination:            i_dmi_jtag/FSM_sequential_state_q_reg[1]/CLR
                            (recovery check against rising-edge clock tck  {rise@0.000ns fall@50.000ns period=100.000ns})
  Path Group:             (none)
  Path Type:              Recovery (Max at Slow Process Corner)
  Data Path Delay:        6.140ns  (logic 1.694ns (27.593%)  route 4.446ns (72.407%))
  Logic Levels:           2  (IBUF=1 LUT1=1)
  Clock Path Skew:        6.328ns (DCD - SCD + CPR)
    Destination Clock Delay (DCD):    6.328ns
    Source Clock Delay      (SCD):    0.000ns
    Clock Pessimism Removal (CPR):    0.000ns
  Clock Uncertainty:      0.501ns  ((TSJ^2 + TIJ^2)^1/2 + DJ) / 2 + PE
    Total System Jitter     (TSJ):    0.050ns
    Total Input Jitter      (TIJ):    1.000ns
    Discrete Jitter          (DJ):    0.000ns
    Phase Error              (PE):    0.000ns
  Timing Exception:       False Path

    Location             Delay type                Incr(ns)  Path(ns)    Netlist Resource(s)
  -------------------------------------------------------------------    -------------------
    V13                                               0.000     0.000 r  trst_n (IN)
                         net (fo=0)                   0.000     0.000    trst_n
    V13                  IBUF (Prop_ibuf_I_O)         1.570     1.570 r  trst_n_IBUF_inst/O
                         net (fo=1, routed)           1.001     2.571    i_dmi_jtag/i_dmi_jtag_tap/trst_n_IBUF
    SLICE_X113Y93        LUT1 (Prop_lut1_I0_O)        0.124     2.695 f  i_dmi_jtag/i_dmi_jtag_tap/FSM_onehot_tap_state_q[15]_i_2/O
                         net (fo=258, routed)         3.445     6.140    i_dmi_jtag/i_dmi_jtag_tap_n_0
    SLICE_X112Y58        FDCE                                         f  i_dmi_jtag/FSM_sequential_state_q_reg[1]/CLR
  -------------------------------------------------------------------    -------------------

                         (clock tck rise edge)        0.000     0.000 r  
    H15                                               0.000     0.000 r  tck (IN)
                         net (fo=0)                   0.000     0.000    tck
    H15                  IBUF (Prop_ibuf_I_O)         1.430     1.430 r  tck_IBUF_inst/O
                         net (fo=1, routed)           3.120     4.550    tck_IBUF
    BUFGCTRL_X0Y0        BUFG (Prop_bufg_I_O)         0.091     4.641 r  tck_IBUF_BUFG_inst/O
                         net (fo=258, routed)         1.688     6.328    i_dmi_jtag/CLK
    SLICE_X112Y58        FDCE                                         r  i_dmi_jtag/FSM_sequential_state_q_reg[1]/C

Slack:                    inf
  Source:                 trst_n
                            (input port)
  Destination:            i_dmi_jtag/dr_q_reg[0]/CLR
                            (recovery check against rising-edge clock tck  {rise@0.000ns fall@50.000ns period=100.000ns})
  Path Group:             (none)
  Path Type:              Recovery (Max at Slow Process Corner)
  Data Path Delay:        6.140ns  (logic 1.694ns (27.593%)  route 4.446ns (72.407%))
  Logic Levels:           2  (IBUF=1 LUT1=1)
  Clock Path Skew:        6.328ns (DCD - SCD + CPR)
    Destination Clock Delay (DCD):    6.328ns
    Source Clock Delay      (SCD):    0.000ns
    Clock Pessimism Removal (CPR):    0.000ns
  Clock Uncertainty:      0.501ns  ((TSJ^2 + TIJ^2)^1/2 + DJ) / 2 + PE
    Total System Jitter     (TSJ):    0.050ns
    Total Input Jitter      (TIJ):    1.000ns
    Discrete Jitter          (DJ):    0.000ns
    Phase Error              (PE):    0.000ns
  Timing Exception:       False Path

    Location             Delay type                Incr(ns)  Path(ns)    Netlist Resource(s)
  -------------------------------------------------------------------    -------------------
    V13                                               0.000     0.000 r  trst_n (IN)
                         net (fo=0)                   0.000     0.000    trst_n
    V13                  IBUF (Prop_ibuf_I_O)         1.570     1.570 r  trst_n_IBUF_inst/O
                         net (fo=1, routed)           1.001     2.571    i_dmi_jtag/i_dmi_jtag_tap/trst_n_IBUF
    SLICE_X113Y93        LUT1 (Prop_lut1_I0_O)        0.124     2.695 f  i_dmi_jtag/i_dmi_jtag_tap/FSM_onehot_tap_state_q[15]_i_2/O
                         net (fo=258, routed)         3.445     6.140    i_dmi_jtag/i_dmi_jtag_tap_n_0
    SLICE_X113Y58        FDCE                                         f  i_dmi_jtag/dr_q_reg[0]/CLR
  -------------------------------------------------------------------    -------------------

                         (clock tck rise edge)        0.000     0.000 r  
    H15                                               0.000     0.000 r  tck (IN)
                         net (fo=0)                   0.000     0.000    tck
    H15                  IBUF (Prop_ibuf_I_O)         1.430     1.430 r  tck_IBUF_inst/O
                         net (fo=1, routed)           3.120     4.550    tck_IBUF
    BUFGCTRL_X0Y0        BUFG (Prop_bufg_I_O)         0.091     4.641 r  tck_IBUF_BUFG_inst/O
                         net (fo=258, routed)         1.688     6.328    i_dmi_jtag/CLK
    SLICE_X113Y58        FDCE                                         r  i_dmi_jtag/dr_q_reg[0]/C

Slack:                    inf
  Source:                 trst_n
                            (input port)
  Destination:            i_dmi_jtag/dr_q_reg[1]/CLR
                            (recovery check against rising-edge clock tck  {rise@0.000ns fall@50.000ns period=100.000ns})
  Path Group:             (none)
  Path Type:              Recovery (Max at Slow Process Corner)
  Data Path Delay:        6.140ns  (logic 1.694ns (27.593%)  route 4.446ns (72.407%))
  Logic Levels:           2  (IBUF=1 LUT1=1)
  Clock Path Skew:        6.328ns (DCD - SCD + CPR)
    Destination Clock Delay (DCD):    6.328ns
    Source Clock Delay      (SCD):    0.000ns
    Clock Pessimism Removal (CPR):    0.000ns
  Clock Uncertainty:      0.501ns  ((TSJ^2 + TIJ^2)^1/2 + DJ) / 2 + PE
    Total System Jitter     (TSJ):    0.050ns
    Total Input Jitter      (TIJ):    1.000ns
    Discrete Jitter          (DJ):    0.000ns
    Phase Error              (PE):    0.000ns
  Timing Exception:       False Path

    Location             Delay type                Incr(ns)  Path(ns)    Netlist Resource(s)
  -------------------------------------------------------------------    -------------------
    V13                                               0.000     0.000 r  trst_n (IN)
                         net (fo=0)                   0.000     0.000    trst_n
    V13                  IBUF (Prop_ibuf_I_O)         1.570     1.570 r  trst_n_IBUF_inst/O
                         net (fo=1, routed)           1.001     2.571    i_dmi_jtag/i_dmi_jtag_tap/trst_n_IBUF
    SLICE_X113Y93        LUT1 (Prop_lut1_I0_O)        0.124     2.695 f  i_dmi_jtag/i_dmi_jtag_tap/FSM_onehot_tap_state_q[15]_i_2/O
                         net (fo=258, routed)         3.445     6.140    i_dmi_jtag/i_dmi_jtag_tap_n_0
    SLICE_X113Y58        FDCE                                         f  i_dmi_jtag/dr_q_reg[1]/CLR
  -------------------------------------------------------------------    -------------------

                         (clock tck rise edge)        0.000     0.000 r  
    H15                                               0.000     0.000 r  tck (IN)
                         net (fo=0)                   0.000     0.000    tck
    H15                  IBUF (Prop_ibuf_I_O)         1.430     1.430 r  tck_IBUF_inst/O
                         net (fo=1, routed)           3.120     4.550    tck_IBUF
    BUFGCTRL_X0Y0        BUFG (Prop_bufg_I_O)         0.091     4.641 r  tck_IBUF_BUFG_inst/O
                         net (fo=258, routed)         1.688     6.328    i_dmi_jtag/CLK
    SLICE_X113Y58        FDCE                                         r  i_dmi_jtag/dr_q_reg[1]/C

Slack:                    inf
  Source:                 trst_n
                            (input port)
  Destination:            i_dmi_jtag/dr_q_reg[2]/CLR
                            (recovery check against rising-edge clock tck  {rise@0.000ns fall@50.000ns period=100.000ns})
  Path Group:             (none)
  Path Type:              Recovery (Max at Slow Process Corner)
  Data Path Delay:        6.140ns  (logic 1.694ns (27.593%)  route 4.446ns (72.407%))
  Logic Levels:           2  (IBUF=1 LUT1=1)
  Clock Path Skew:        6.328ns (DCD - SCD + CPR)
    Destination Clock Delay (DCD):    6.328ns
    Source Clock Delay      (SCD):    0.000ns
    Clock Pessimism Removal (CPR):    0.000ns
  Clock Uncertainty:      0.501ns  ((TSJ^2 + TIJ^2)^1/2 + DJ) / 2 + PE
    Total System Jitter     (TSJ):    0.050ns
    Total Input Jitter      (TIJ):    1.000ns
    Discrete Jitter          (DJ):    0.000ns
    Phase Error              (PE):    0.000ns
  Timing Exception:       False Path

    Location             Delay type                Incr(ns)  Path(ns)    Netlist Resource(s)
  -------------------------------------------------------------------    -------------------
    V13                                               0.000     0.000 r  trst_n (IN)
                         net (fo=0)                   0.000     0.000    trst_n
    V13                  IBUF (Prop_ibuf_I_O)         1.570     1.570 r  trst_n_IBUF_inst/O
                         net (fo=1, routed)           1.001     2.571    i_dmi_jtag/i_dmi_jtag_tap/trst_n_IBUF
    SLICE_X113Y93        LUT1 (Prop_lut1_I0_O)        0.124     2.695 f  i_dmi_jtag/i_dmi_jtag_tap/FSM_onehot_tap_state_q[15]_i_2/O
                         net (fo=258, routed)         3.445     6.140    i_dmi_jtag/i_dmi_jtag_tap_n_0
    SLICE_X113Y58        FDCE                                         f  i_dmi_jtag/dr_q_reg[2]/CLR
  -------------------------------------------------------------------    -------------------

                         (clock tck rise edge)        0.000     0.000 r  
    H15                                               0.000     0.000 r  tck (IN)
                         net (fo=0)                   0.000     0.000    tck
    H15                  IBUF (Prop_ibuf_I_O)         1.430     1.430 r  tck_IBUF_inst/O
                         net (fo=1, routed)           3.120     4.550    tck_IBUF
    BUFGCTRL_X0Y0        BUFG (Prop_bufg_I_O)         0.091     4.641 r  tck_IBUF_BUFG_inst/O
                         net (fo=258, routed)         1.688     6.328    i_dmi_jtag/CLK
    SLICE_X113Y58        FDCE                                         r  i_dmi_jtag/dr_q_reg[2]/C

Slack:                    inf
  Source:                 trst_n
                            (input port)
  Destination:            i_dmi_jtag/dr_q_reg[39]/CLR
                            (recovery check against rising-edge clock tck  {rise@0.000ns fall@50.000ns period=100.000ns})
  Path Group:             (none)
  Path Type:              Recovery (Max at Slow Process Corner)
  Data Path Delay:        6.140ns  (logic 1.694ns (27.593%)  route 4.446ns (72.407%))
  Logic Levels:           2  (IBUF=1 LUT1=1)
  Clock Path Skew:        6.328ns (DCD - SCD + CPR)
    Destination Clock Delay (DCD):    6.328ns
    Source Clock Delay      (SCD):    0.000ns
    Clock Pessimism Removal (CPR):    0.000ns
  Clock Uncertainty:      0.501ns  ((TSJ^2 + TIJ^2)^1/2 + DJ) / 2 + PE
    Total System Jitter     (TSJ):    0.050ns
    Total Input Jitter      (TIJ):    1.000ns
    Discrete Jitter          (DJ):    0.000ns
    Phase Error              (PE):    0.000ns
  Timing Exception:       False Path

    Location             Delay type                Incr(ns)  Path(ns)    Netlist Resource(s)
  -------------------------------------------------------------------    -------------------
    V13                                               0.000     0.000 r  trst_n (IN)
                         net (fo=0)                   0.000     0.000    trst_n
    V13                  IBUF (Prop_ibuf_I_O)         1.570     1.570 r  trst_n_IBUF_inst/O
                         net (fo=1, routed)           1.001     2.571    i_dmi_jtag/i_dmi_jtag_tap/trst_n_IBUF
    SLICE_X113Y93        LUT1 (Prop_lut1_I0_O)        0.124     2.695 f  i_dmi_jtag/i_dmi_jtag_tap/FSM_onehot_tap_state_q[15]_i_2/O
                         net (fo=258, routed)         3.445     6.140    i_dmi_jtag/i_dmi_jtag_tap_n_0
    SLICE_X113Y58        FDCE                                         f  i_dmi_jtag/dr_q_reg[39]/CLR
  -------------------------------------------------------------------    -------------------

                         (clock tck rise edge)        0.000     0.000 r  
    H15                                               0.000     0.000 r  tck (IN)
                         net (fo=0)                   0.000     0.000    tck
    H15                  IBUF (Prop_ibuf_I_O)         1.430     1.430 r  tck_IBUF_inst/O
                         net (fo=1, routed)           3.120     4.550    tck_IBUF
    BUFGCTRL_X0Y0        BUFG (Prop_bufg_I_O)         0.091     4.641 r  tck_IBUF_BUFG_inst/O
                         net (fo=258, routed)         1.688     6.328    i_dmi_jtag/CLK
    SLICE_X113Y58        FDCE                                         r  i_dmi_jtag/dr_q_reg[39]/C

Slack:                    inf
  Source:                 trst_n
                            (input port)
  Destination:            i_dmi_jtag/i_dmi_cdc/i_cdc_req/i_src/ack_q_reg/CLR
                            (recovery check against rising-edge clock tck  {rise@0.000ns fall@50.000ns period=100.000ns})
  Path Group:             (none)
  Path Type:              Recovery (Max at Slow Process Corner)
  Data Path Delay:        6.140ns  (logic 1.694ns (27.593%)  route 4.446ns (72.407%))
  Logic Levels:           2  (IBUF=1 LUT1=1)
  Clock Path Skew:        6.328ns (DCD - SCD + CPR)
    Destination Clock Delay (DCD):    6.328ns
    Source Clock Delay      (SCD):    0.000ns
    Clock Pessimism Removal (CPR):    0.000ns
  Clock Uncertainty:      0.501ns  ((TSJ^2 + TIJ^2)^1/2 + DJ) / 2 + PE
    Total System Jitter     (TSJ):    0.050ns
    Total Input Jitter      (TIJ):    1.000ns
    Discrete Jitter          (DJ):    0.000ns
    Phase Error              (PE):    0.000ns
  Timing Exception:       False Path

    Location             Delay type                Incr(ns)  Path(ns)    Netlist Resource(s)
  -------------------------------------------------------------------    -------------------
    V13                                               0.000     0.000 r  trst_n (IN)
                         net (fo=0)                   0.000     0.000    trst_n
    V13                  IBUF (Prop_ibuf_I_O)         1.570     1.570 r  trst_n_IBUF_inst/O
                         net (fo=1, routed)           1.001     2.571    i_dmi_jtag/i_dmi_jtag_tap/trst_n_IBUF
    SLICE_X113Y93        LUT1 (Prop_lut1_I0_O)        0.124     2.695 f  i_dmi_jtag/i_dmi_jtag_tap/FSM_onehot_tap_state_q[15]_i_2/O
                         net (fo=258, routed)         3.445     6.140    i_dmi_jtag/i_dmi_cdc/i_cdc_req/i_src/data_src_q_reg[data][0]_0
    SLICE_X112Y58        FDCE                                         f  i_dmi_jtag/i_dmi_cdc/i_cdc_req/i_src/ack_q_reg/CLR
  -------------------------------------------------------------------    -------------------

                         (clock tck rise edge)        0.000     0.000 r  
    H15                                               0.000     0.000 r  tck (IN)
                         net (fo=0)                   0.000     0.000    tck
    H15                  IBUF (Prop_ibuf_I_O)         1.430     1.430 r  tck_IBUF_inst/O
                         net (fo=1, routed)           3.120     4.550    tck_IBUF
    BUFGCTRL_X0Y0        BUFG (Prop_bufg_I_O)         0.091     4.641 r  tck_IBUF_BUFG_inst/O
                         net (fo=258, routed)         1.688     6.328    i_dmi_jtag/i_dmi_cdc/i_cdc_req/i_src/CLK
    SLICE_X112Y58        FDCE                                         r  i_dmi_jtag/i_dmi_cdc/i_cdc_req/i_src/ack_q_reg/C

Slack:                    inf
  Source:                 trst_n
                            (input port)
  Destination:            i_dmi_jtag/i_dmi_cdc/i_cdc_req/i_src/ack_src_q_reg/CLR
                            (recovery check against rising-edge clock tck  {rise@0.000ns fall@50.000ns period=100.000ns})
  Path Group:             (none)
  Path Type:              Recovery (Max at Slow Process Corner)
  Data Path Delay:        6.140ns  (logic 1.694ns (27.593%)  route 4.446ns (72.407%))
  Logic Levels:           2  (IBUF=1 LUT1=1)
  Clock Path Skew:        6.328ns (DCD - SCD + CPR)
    Destination Clock Delay (DCD):    6.328ns
    Source Clock Delay      (SCD):    0.000ns
    Clock Pessimism Removal (CPR):    0.000ns
  Clock Uncertainty:      0.501ns  ((TSJ^2 + TIJ^2)^1/2 + DJ) / 2 + PE
    Total System Jitter     (TSJ):    0.050ns
    Total Input Jitter      (TIJ):    1.000ns
    Discrete Jitter          (DJ):    0.000ns
    Phase Error              (PE):    0.000ns
  Timing Exception:       False Path

    Location             Delay type                Incr(ns)  Path(ns)    Netlist Resource(s)
  -------------------------------------------------------------------    -------------------
    V13                                               0.000     0.000 r  trst_n (IN)
                         net (fo=0)                   0.000     0.000    trst_n
    V13                  IBUF (Prop_ibuf_I_O)         1.570     1.570 r  trst_n_IBUF_inst/O
                         net (fo=1, routed)           1.001     2.571    i_dmi_jtag/i_dmi_jtag_tap/trst_n_IBUF
    SLICE_X113Y93        LUT1 (Prop_lut1_I0_O)        0.124     2.695 f  i_dmi_jtag/i_dmi_jtag_tap/FSM_onehot_tap_state_q[15]_i_2/O
                         net (fo=258, routed)         3.445     6.140    i_dmi_jtag/i_dmi_cdc/i_cdc_req/i_src/data_src_q_reg[data][0]_0
    SLICE_X112Y58        FDCE                                         f  i_dmi_jtag/i_dmi_cdc/i_cdc_req/i_src/ack_src_q_reg/CLR
  -------------------------------------------------------------------    -------------------

                         (clock tck rise edge)        0.000     0.000 r  
    H15                                               0.000     0.000 r  tck (IN)
                         net (fo=0)                   0.000     0.000    tck
    H15                  IBUF (Prop_ibuf_I_O)         1.430     1.430 r  tck_IBUF_inst/O
                         net (fo=1, routed)           3.120     4.550    tck_IBUF
    BUFGCTRL_X0Y0        BUFG (Prop_bufg_I_O)         0.091     4.641 r  tck_IBUF_BUFG_inst/O
                         net (fo=258, routed)         1.688     6.328    i_dmi_jtag/i_dmi_cdc/i_cdc_req/i_src/CLK
    SLICE_X112Y58        FDCE                                         r  i_dmi_jtag/i_dmi_cdc/i_cdc_req/i_src/ack_src_q_reg/C

Slack:                    inf
  Source:                 trst_n
                            (input port)
  Destination:            i_dmi_jtag/i_dmi_cdc/i_cdc_resp/i_dst/ack_dst_q_reg/CLR
                            (recovery check against rising-edge clock tck  {rise@0.000ns fall@50.000ns period=100.000ns})
  Path Group:             (none)
  Path Type:              Recovery (Max at Slow Process Corner)
  Data Path Delay:        6.140ns  (logic 1.694ns (27.593%)  route 4.446ns (72.407%))
  Logic Levels:           2  (IBUF=1 LUT1=1)
  Clock Path Skew:        6.328ns (DCD - SCD + CPR)
    Destination Clock Delay (DCD):    6.328ns
    Source Clock Delay      (SCD):    0.000ns
    Clock Pessimism Removal (CPR):    0.000ns
  Clock Uncertainty:      0.501ns  ((TSJ^2 + TIJ^2)^1/2 + DJ) / 2 + PE
    Total System Jitter     (TSJ):    0.050ns
    Total Input Jitter      (TIJ):    1.000ns
    Discrete Jitter          (DJ):    0.000ns
    Phase Error              (PE):    0.000ns
  Timing Exception:       False Path

    Location             Delay type                Incr(ns)  Path(ns)    Netlist Resource(s)
  -------------------------------------------------------------------    -------------------
    V13                                               0.000     0.000 r  trst_n (IN)
                         net (fo=0)                   0.000     0.000    trst_n
    V13                  IBUF (Prop_ibuf_I_O)         1.570     1.570 r  trst_n_IBUF_inst/O
                         net (fo=1, routed)           1.001     2.571    i_dmi_jtag/i_dmi_jtag_tap/trst_n_IBUF
    SLICE_X113Y93        LUT1 (Prop_lut1_I0_O)        0.124     2.695 f  i_dmi_jtag/i_dmi_jtag_tap/FSM_onehot_tap_state_q[15]_i_2/O
                         net (fo=258, routed)         3.445     6.140    i_dmi_jtag/i_dmi_cdc/i_cdc_resp/i_dst/data_dst_q_reg[resp][0]_0
    SLICE_X112Y58        FDCE                                         f  i_dmi_jtag/i_dmi_cdc/i_cdc_resp/i_dst/ack_dst_q_reg/CLR
  -------------------------------------------------------------------    -------------------

                         (clock tck rise edge)        0.000     0.000 r  
    H15                                               0.000     0.000 r  tck (IN)
                         net (fo=0)                   0.000     0.000    tck
    H15                  IBUF (Prop_ibuf_I_O)         1.430     1.430 r  tck_IBUF_inst/O
                         net (fo=1, routed)           3.120     4.550    tck_IBUF
    BUFGCTRL_X0Y0        BUFG (Prop_bufg_I_O)         0.091     4.641 r  tck_IBUF_BUFG_inst/O
                         net (fo=258, routed)         1.688     6.328    i_dmi_jtag/i_dmi_cdc/i_cdc_resp/i_dst/CLK
    SLICE_X112Y58        FDCE                                         r  i_dmi_jtag/i_dmi_cdc/i_cdc_resp/i_dst/ack_dst_q_reg/C

Slack:                    inf
  Source:                 trst_n
                            (input port)
  Destination:            i_dmi_jtag/i_dmi_cdc/i_cdc_resp/i_dst/data_dst_q_reg[data][10]/CLR
                            (recovery check against rising-edge clock tck  {rise@0.000ns fall@50.000ns period=100.000ns})
  Path Group:             (none)
  Path Type:              Recovery (Max at Slow Process Corner)
  Data Path Delay:        5.998ns  (logic 1.694ns (28.245%)  route 4.304ns (71.755%))
  Logic Levels:           2  (IBUF=1 LUT1=1)
  Clock Path Skew:        6.340ns (DCD - SCD + CPR)
    Destination Clock Delay (DCD):    6.340ns
    Source Clock Delay      (SCD):    0.000ns
    Clock Pessimism Removal (CPR):    0.000ns
  Clock Uncertainty:      0.501ns  ((TSJ^2 + TIJ^2)^1/2 + DJ) / 2 + PE
    Total System Jitter     (TSJ):    0.050ns
    Total Input Jitter      (TIJ):    1.000ns
    Discrete Jitter          (DJ):    0.000ns
    Phase Error              (PE):    0.000ns
  Timing Exception:       False Path

    Location             Delay type                Incr(ns)  Path(ns)    Netlist Resource(s)
  -------------------------------------------------------------------    -------------------
    V13                                               0.000     0.000 r  trst_n (IN)
                         net (fo=0)                   0.000     0.000    trst_n
    V13                  IBUF (Prop_ibuf_I_O)         1.570     1.570 r  trst_n_IBUF_inst/O
                         net (fo=1, routed)           1.001     2.571    i_dmi_jtag/i_dmi_jtag_tap/trst_n_IBUF
    SLICE_X113Y93        LUT1 (Prop_lut1_I0_O)        0.124     2.695 f  i_dmi_jtag/i_dmi_jtag_tap/FSM_onehot_tap_state_q[15]_i_2/O
                         net (fo=258, routed)         3.303     5.998    i_dmi_jtag/i_dmi_cdc/i_cdc_resp/i_dst/data_dst_q_reg[resp][0]_0
    SLICE_X112Y45        FDCE                                         f  i_dmi_jtag/i_dmi_cdc/i_cdc_resp/i_dst/data_dst_q_reg[data][10]/CLR
  -------------------------------------------------------------------    -------------------

                         (clock tck rise edge)        0.000     0.000 r  
    H15                                               0.000     0.000 r  tck (IN)
                         net (fo=0)                   0.000     0.000    tck
    H15                  IBUF (Prop_ibuf_I_O)         1.430     1.430 r  tck_IBUF_inst/O
                         net (fo=1, routed)           3.120     4.550    tck_IBUF
    BUFGCTRL_X0Y0        BUFG (Prop_bufg_I_O)         0.091     4.641 r  tck_IBUF_BUFG_inst/O
                         net (fo=258, routed)         1.699     6.340    i_dmi_jtag/i_dmi_cdc/i_cdc_resp/i_dst/CLK
    SLICE_X112Y45        FDCE                                         r  i_dmi_jtag/i_dmi_cdc/i_cdc_resp/i_dst/data_dst_q_reg[data][10]/C





Min Delay Paths
--------------------------------------------------------------------------------------
Slack:                    inf
  Source:                 trst_n
                            (input port)
  Destination:            i_dmi_jtag/i_dmi_jtag_tap/td_o_reg/CLR
                            (removal check against rising-edge clock tck  {rise@0.000ns fall@50.000ns period=100.000ns})
  Path Group:             (none)
  Path Type:              Removal (Min at Fast Process Corner)
  Data Path Delay:        0.963ns  (logic 0.382ns (39.675%)  route 0.581ns (60.325%))
  Logic Levels:           2  (IBUF=1 LUT1=1)
  Clock Path Skew:        3.157ns (DCD - SCD - CPR)
    Destination Clock Delay (DCD):    3.157ns = ( 53.157 - 50.000 ) 
    Source Clock Delay      (SCD):    0.000ns
    Clock Pessimism Removal (CPR):    -0.000ns
  Timing Exception:       False Path

    Location             Delay type                Incr(ns)  Path(ns)    Netlist Resource(s)
  -------------------------------------------------------------------    -------------------
    V13                                               0.000     0.000 r  trst_n (IN)
                         net (fo=0)                   0.000     0.000    trst_n
    V13                  IBUF (Prop_ibuf_I_O)         0.337     0.337 r  trst_n_IBUF_inst/O
                         net (fo=1, routed)           0.375     0.712    i_dmi_jtag/i_dmi_jtag_tap/trst_n_IBUF
    SLICE_X113Y93        LUT1 (Prop_lut1_I0_O)        0.045     0.757 f  i_dmi_jtag/i_dmi_jtag_tap/FSM_onehot_tap_state_q[15]_i_2/O
                         net (fo=258, routed)         0.206     0.963    i_dmi_jtag/i_dmi_jtag_tap/trst_n
    SLICE_X113Y94        FDCE                                         f  i_dmi_jtag/i_dmi_jtag_tap/td_o_reg/CLR
  -------------------------------------------------------------------    -------------------

                         (clock tck fall edge)       50.000    50.000 f  
    H15                                               0.000    50.000 f  tck (IN)
                         net (fo=0)                   0.000    50.000    tck
    H15                  IBUF (Prop_ibuf_I_O)         0.456    50.456 f  tck_IBUF_inst/O
                         net (fo=1, routed)           1.762    52.218    tck_IBUF
    BUFGCTRL_X0Y0        BUFG (Prop_bufg_I_O)         0.029    52.247 f  tck_IBUF_BUFG_inst/O
                         net (fo=258, routed)         0.910    53.157    i_dmi_jtag/i_dmi_jtag_tap/tck_ni
    SLICE_X113Y94        FDCE                                         r  i_dmi_jtag/i_dmi_jtag_tap/td_o_reg/C  (IS_INVERTED)

Slack:                    inf
  Source:                 trst_n
                            (input port)
  Destination:            i_dmi_jtag/i_dmi_jtag_tap/idcode_q_reg[12]/PRE
                            (removal check against rising-edge clock tck  {rise@0.000ns fall@50.000ns period=100.000ns})
  Path Group:             (none)
  Path Type:              Removal (Min at Fast Process Corner)
  Data Path Delay:        1.484ns  (logic 0.382ns (25.751%)  route 1.102ns (74.249%))
  Logic Levels:           2  (IBUF=1 LUT1=1)
  Clock Path Skew:        3.150ns (DCD - SCD - CPR)
    Destination Clock Delay (DCD):    3.150ns
    Source Clock Delay      (SCD):    0.000ns
    Clock Pessimism Removal (CPR):    -0.000ns
  Timing Exception:       False Path

    Location             Delay type                Incr(ns)  Path(ns)    Netlist Resource(s)
  -------------------------------------------------------------------    -------------------
    V13                                               0.000     0.000 r  trst_n (IN)
                         net (fo=0)                   0.000     0.000    trst_n
    V13                  IBUF (Prop_ibuf_I_O)         0.337     0.337 r  trst_n_IBUF_inst/O
                         net (fo=1, routed)           0.375     0.712    i_dmi_jtag/i_dmi_jtag_tap/trst_n_IBUF
    SLICE_X113Y93        LUT1 (Prop_lut1_I0_O)        0.045     0.757 f  i_dmi_jtag/i_dmi_jtag_tap/FSM_onehot_tap_state_q[15]_i_2/O
                         net (fo=258, routed)         0.727     1.484    i_dmi_jtag/i_dmi_jtag_tap/trst_n
    SLICE_X112Y66        FDPE                                         f  i_dmi_jtag/i_dmi_jtag_tap/idcode_q_reg[12]/PRE
  -------------------------------------------------------------------    -------------------

                         (clock tck rise edge)        0.000     0.000 r  
    H15                                               0.000     0.000 r  tck (IN)
                         net (fo=0)                   0.000     0.000    tck
    H15                  IBUF (Prop_ibuf_I_O)         0.456     0.456 r  tck_IBUF_inst/O
                         net (fo=1, routed)           1.762     2.218    tck_IBUF
    BUFGCTRL_X0Y0        BUFG (Prop_bufg_I_O)         0.029     2.247 r  tck_IBUF_BUFG_inst/O
                         net (fo=258, routed)         0.903     3.150    i_dmi_jtag/i_dmi_jtag_tap/CLK
    SLICE_X112Y66        FDPE                                         r  i_dmi_jtag/i_dmi_jtag_tap/idcode_q_reg[12]/C

Slack:                    inf
  Source:                 trst_n
                            (input port)
  Destination:            i_dmi_jtag/i_dmi_jtag_tap/idcode_q_reg[13]/CLR
                            (removal check against rising-edge clock tck  {rise@0.000ns fall@50.000ns period=100.000ns})
  Path Group:             (none)
  Path Type:              Removal (Min at Fast Process Corner)
  Data Path Delay:        1.484ns  (logic 0.382ns (25.751%)  route 1.102ns (74.249%))
  Logic Levels:           2  (IBUF=1 LUT1=1)
  Clock Path Skew:        3.150ns (DCD - SCD - CPR)
    Destination Clock Delay (DCD):    3.150ns
    Source Clock Delay      (SCD):    0.000ns
    Clock Pessimism Removal (CPR):    -0.000ns
  Timing Exception:       False Path

    Location             Delay type                Incr(ns)  Path(ns)    Netlist Resource(s)
  -------------------------------------------------------------------    -------------------
    V13                                               0.000     0.000 r  trst_n (IN)
                         net (fo=0)                   0.000     0.000    trst_n
    V13                  IBUF (Prop_ibuf_I_O)         0.337     0.337 r  trst_n_IBUF_inst/O
                         net (fo=1, routed)           0.375     0.712    i_dmi_jtag/i_dmi_jtag_tap/trst_n_IBUF
    SLICE_X113Y93        LUT1 (Prop_lut1_I0_O)        0.045     0.757 f  i_dmi_jtag/i_dmi_jtag_tap/FSM_onehot_tap_state_q[15]_i_2/O
                         net (fo=258, routed)         0.727     1.484    i_dmi_jtag/i_dmi_jtag_tap/trst_n
    SLICE_X113Y66        FDCE                                         f  i_dmi_jtag/i_dmi_jtag_tap/idcode_q_reg[13]/CLR
  -------------------------------------------------------------------    -------------------

                         (clock tck rise edge)        0.000     0.000 r  
    H15                                               0.000     0.000 r  tck (IN)
                         net (fo=0)                   0.000     0.000    tck
    H15                  IBUF (Prop_ibuf_I_O)         0.456     0.456 r  tck_IBUF_inst/O
                         net (fo=1, routed)           1.762     2.218    tck_IBUF
    BUFGCTRL_X0Y0        BUFG (Prop_bufg_I_O)         0.029     2.247 r  tck_IBUF_BUFG_inst/O
                         net (fo=258, routed)         0.903     3.150    i_dmi_jtag/i_dmi_jtag_tap/CLK
    SLICE_X113Y66        FDCE                                         r  i_dmi_jtag/i_dmi_jtag_tap/idcode_q_reg[13]/C

Slack:                    inf
  Source:                 trst_n
                            (input port)
  Destination:            i_dmi_jtag/i_dmi_jtag_tap/idcode_q_reg[14]/CLR
                            (removal check against rising-edge clock tck  {rise@0.000ns fall@50.000ns period=100.000ns})
  Path Group:             (none)
  Path Type:              Removal (Min at Fast Process Corner)
  Data Path Delay:        1.484ns  (logic 0.382ns (25.751%)  route 1.102ns (74.249%))
  Logic Levels:           2  (IBUF=1 LUT1=1)
  Clock Path Skew:        3.150ns (DCD - SCD - CPR)
    Destination Clock Delay (DCD):    3.150ns
    Source Clock Delay      (SCD):    0.000ns
    Clock Pessimism Removal (CPR):    -0.000ns
  Timing Exception:       False Path

    Location             Delay type                Incr(ns)  Path(ns)    Netlist Resource(s)
  -------------------------------------------------------------------    -------------------
    V13                                               0.000     0.000 r  trst_n (IN)
                         net (fo=0)                   0.000     0.000    trst_n
    V13                  IBUF (Prop_ibuf_I_O)         0.337     0.337 r  trst_n_IBUF_inst/O
                         net (fo=1, routed)           0.375     0.712    i_dmi_jtag/i_dmi_jtag_tap/trst_n_IBUF
    SLICE_X113Y93        LUT1 (Prop_lut1_I0_O)        0.045     0.757 f  i_dmi_jtag/i_dmi_jtag_tap/FSM_onehot_tap_state_q[15]_i_2/O
                         net (fo=258, routed)         0.727     1.484    i_dmi_jtag/i_dmi_jtag_tap/trst_n
    SLICE_X113Y66        FDCE                                         f  i_dmi_jtag/i_dmi_jtag_tap/idcode_q_reg[14]/CLR
  -------------------------------------------------------------------    -------------------

                         (clock tck rise edge)        0.000     0.000 r  
    H15                                               0.000     0.000 r  tck (IN)
                         net (fo=0)                   0.000     0.000    tck
    H15                  IBUF (Prop_ibuf_I_O)         0.456     0.456 r  tck_IBUF_inst/O
                         net (fo=1, routed)           1.762     2.218    tck_IBUF
    BUFGCTRL_X0Y0        BUFG (Prop_bufg_I_O)         0.029     2.247 r  tck_IBUF_BUFG_inst/O
                         net (fo=258, routed)         0.903     3.150    i_dmi_jtag/i_dmi_jtag_tap/CLK
    SLICE_X113Y66        FDCE                                         r  i_dmi_jtag/i_dmi_jtag_tap/idcode_q_reg[14]/C

Slack:                    inf
  Source:                 trst_n
                            (input port)
  Destination:            i_dmi_jtag/i_dmi_jtag_tap/idcode_q_reg[15]/CLR
                            (removal check against rising-edge clock tck  {rise@0.000ns fall@50.000ns period=100.000ns})
  Path Group:             (none)
  Path Type:              Removal (Min at Fast Process Corner)
  Data Path Delay:        1.484ns  (logic 0.382ns (25.751%)  route 1.102ns (74.249%))
  Logic Levels:           2  (IBUF=1 LUT1=1)
  Clock Path Skew:        3.150ns (DCD - SCD - CPR)
    Destination Clock Delay (DCD):    3.150ns
    Source Clock Delay      (SCD):    0.000ns
    Clock Pessimism Removal (CPR):    -0.000ns
  Timing Exception:       False Path

    Location             Delay type                Incr(ns)  Path(ns)    Netlist Resource(s)
  -------------------------------------------------------------------    -------------------
    V13                                               0.000     0.000 r  trst_n (IN)
                         net (fo=0)                   0.000     0.000    trst_n
    V13                  IBUF (Prop_ibuf_I_O)         0.337     0.337 r  trst_n_IBUF_inst/O
                         net (fo=1, routed)           0.375     0.712    i_dmi_jtag/i_dmi_jtag_tap/trst_n_IBUF
    SLICE_X113Y93        LUT1 (Prop_lut1_I0_O)        0.045     0.757 f  i_dmi_jtag/i_dmi_jtag_tap/FSM_onehot_tap_state_q[15]_i_2/O
                         net (fo=258, routed)         0.727     1.484    i_dmi_jtag/i_dmi_jtag_tap/trst_n
    SLICE_X113Y66        FDCE                                         f  i_dmi_jtag/i_dmi_jtag_tap/idcode_q_reg[15]/CLR
  -------------------------------------------------------------------    -------------------

                         (clock tck rise edge)        0.000     0.000 r  
    H15                                               0.000     0.000 r  tck (IN)
                         net (fo=0)                   0.000     0.000    tck
    H15                  IBUF (Prop_ibuf_I_O)         0.456     0.456 r  tck_IBUF_inst/O
                         net (fo=1, routed)           1.762     2.218    tck_IBUF
    BUFGCTRL_X0Y0        BUFG (Prop_bufg_I_O)         0.029     2.247 r  tck_IBUF_BUFG_inst/O
                         net (fo=258, routed)         0.903     3.150    i_dmi_jtag/i_dmi_jtag_tap/CLK
    SLICE_X113Y66        FDCE                                         r  i_dmi_jtag/i_dmi_jtag_tap/idcode_q_reg[15]/C

Slack:                    inf
  Source:                 trst_n
                            (input port)
  Destination:            i_dmi_jtag/i_dmi_jtag_tap/idcode_q_reg[16]/PRE
                            (removal check against rising-edge clock tck  {rise@0.000ns fall@50.000ns period=100.000ns})
  Path Group:             (none)
  Path Type:              Removal (Min at Fast Process Corner)
  Data Path Delay:        1.484ns  (logic 0.382ns (25.751%)  route 1.102ns (74.249%))
  Logic Levels:           2  (IBUF=1 LUT1=1)
  Clock Path Skew:        3.150ns (DCD - SCD - CPR)
    Destination Clock Delay (DCD):    3.150ns
    Source Clock Delay      (SCD):    0.000ns
    Clock Pessimism Removal (CPR):    -0.000ns
  Timing Exception:       False Path

    Location             Delay type                Incr(ns)  Path(ns)    Netlist Resource(s)
  -------------------------------------------------------------------    -------------------
    V13                                               0.000     0.000 r  trst_n (IN)
                         net (fo=0)                   0.000     0.000    trst_n
    V13                  IBUF (Prop_ibuf_I_O)         0.337     0.337 r  trst_n_IBUF_inst/O
                         net (fo=1, routed)           0.375     0.712    i_dmi_jtag/i_dmi_jtag_tap/trst_n_IBUF
    SLICE_X113Y93        LUT1 (Prop_lut1_I0_O)        0.045     0.757 f  i_dmi_jtag/i_dmi_jtag_tap/FSM_onehot_tap_state_q[15]_i_2/O
                         net (fo=258, routed)         0.727     1.484    i_dmi_jtag/i_dmi_jtag_tap/trst_n
    SLICE_X113Y66        FDPE                                         f  i_dmi_jtag/i_dmi_jtag_tap/idcode_q_reg[16]/PRE
  -------------------------------------------------------------------    -------------------

                         (clock tck rise edge)        0.000     0.000 r  
    H15                                               0.000     0.000 r  tck (IN)
                         net (fo=0)                   0.000     0.000    tck
    H15                  IBUF (Prop_ibuf_I_O)         0.456     0.456 r  tck_IBUF_inst/O
                         net (fo=1, routed)           1.762     2.218    tck_IBUF
    BUFGCTRL_X0Y0        BUFG (Prop_bufg_I_O)         0.029     2.247 r  tck_IBUF_BUFG_inst/O
                         net (fo=258, routed)         0.903     3.150    i_dmi_jtag/i_dmi_jtag_tap/CLK
    SLICE_X113Y66        FDPE                                         r  i_dmi_jtag/i_dmi_jtag_tap/idcode_q_reg[16]/C

Slack:                    inf
  Source:                 trst_n
                            (input port)
  Destination:            i_dmi_jtag/i_dmi_jtag_tap/idcode_q_reg[17]/CLR
                            (removal check against rising-edge clock tck  {rise@0.000ns fall@50.000ns period=100.000ns})
  Path Group:             (none)
  Path Type:              Removal (Min at Fast Process Corner)
  Data Path Delay:        1.484ns  (logic 0.382ns (25.751%)  route 1.102ns (74.249%))
  Logic Levels:           2  (IBUF=1 LUT1=1)
  Clock Path Skew:        3.150ns (DCD - SCD - CPR)
    Destination Clock Delay (DCD):    3.150ns
    Source Clock Delay      (SCD):    0.000ns
    Clock Pessimism Removal (CPR):    -0.000ns
  Timing Exception:       False Path

    Location             Delay type                Incr(ns)  Path(ns)    Netlist Resource(s)
  -------------------------------------------------------------------    -------------------
    V13                                               0.000     0.000 r  trst_n (IN)
                         net (fo=0)                   0.000     0.000    trst_n
    V13                  IBUF (Prop_ibuf_I_O)         0.337     0.337 r  trst_n_IBUF_inst/O
                         net (fo=1, routed)           0.375     0.712    i_dmi_jtag/i_dmi_jtag_tap/trst_n_IBUF
    SLICE_X113Y93        LUT1 (Prop_lut1_I0_O)        0.045     0.757 f  i_dmi_jtag/i_dmi_jtag_tap/FSM_onehot_tap_state_q[15]_i_2/O
                         net (fo=258, routed)         0.727     1.484    i_dmi_jtag/i_dmi_jtag_tap/trst_n
    SLICE_X112Y66        FDCE                                         f  i_dmi_jtag/i_dmi_jtag_tap/idcode_q_reg[17]/CLR
  -------------------------------------------------------------------    -------------------

                         (clock tck rise edge)        0.000     0.000 r  
    H15                                               0.000     0.000 r  tck (IN)
                         net (fo=0)                   0.000     0.000    tck
    H15                  IBUF (Prop_ibuf_I_O)         0.456     0.456 r  tck_IBUF_inst/O
                         net (fo=1, routed)           1.762     2.218    tck_IBUF
    BUFGCTRL_X0Y0        BUFG (Prop_bufg_I_O)         0.029     2.247 r  tck_IBUF_BUFG_inst/O
                         net (fo=258, routed)         0.903     3.150    i_dmi_jtag/i_dmi_jtag_tap/CLK
    SLICE_X112Y66        FDCE                                         r  i_dmi_jtag/i_dmi_jtag_tap/idcode_q_reg[17]/C

Slack:                    inf
  Source:                 trst_n
                            (input port)
  Destination:            i_dmi_jtag/i_dmi_jtag_tap/idcode_q_reg[18]/PRE
                            (removal check against rising-edge clock tck  {rise@0.000ns fall@50.000ns period=100.000ns})
  Path Group:             (none)
  Path Type:              Removal (Min at Fast Process Corner)
  Data Path Delay:        1.484ns  (logic 0.382ns (25.751%)  route 1.102ns (74.249%))
  Logic Levels:           2  (IBUF=1 LUT1=1)
  Clock Path Skew:        3.150ns (DCD - SCD - CPR)
    Destination Clock Delay (DCD):    3.150ns
    Source Clock Delay      (SCD):    0.000ns
    Clock Pessimism Removal (CPR):    -0.000ns
  Timing Exception:       False Path

    Location             Delay type                Incr(ns)  Path(ns)    Netlist Resource(s)
  -------------------------------------------------------------------    -------------------
    V13                                               0.000     0.000 r  trst_n (IN)
                         net (fo=0)                   0.000     0.000    trst_n
    V13                  IBUF (Prop_ibuf_I_O)         0.337     0.337 r  trst_n_IBUF_inst/O
                         net (fo=1, routed)           0.375     0.712    i_dmi_jtag/i_dmi_jtag_tap/trst_n_IBUF
    SLICE_X113Y93        LUT1 (Prop_lut1_I0_O)        0.045     0.757 f  i_dmi_jtag/i_dmi_jtag_tap/FSM_onehot_tap_state_q[15]_i_2/O
                         net (fo=258, routed)         0.727     1.484    i_dmi_jtag/i_dmi_jtag_tap/trst_n
    SLICE_X112Y66        FDPE                                         f  i_dmi_jtag/i_dmi_jtag_tap/idcode_q_reg[18]/PRE
  -------------------------------------------------------------------    -------------------

                         (clock tck rise edge)        0.000     0.000 r  
    H15                                               0.000     0.000 r  tck (IN)
                         net (fo=0)                   0.000     0.000    tck
    H15                  IBUF (Prop_ibuf_I_O)         0.456     0.456 r  tck_IBUF_inst/O
                         net (fo=1, routed)           1.762     2.218    tck_IBUF
    BUFGCTRL_X0Y0        BUFG (Prop_bufg_I_O)         0.029     2.247 r  tck_IBUF_BUFG_inst/O
                         net (fo=258, routed)         0.903     3.150    i_dmi_jtag/i_dmi_jtag_tap/CLK
    SLICE_X112Y66        FDPE                                         r  i_dmi_jtag/i_dmi_jtag_tap/idcode_q_reg[18]/C

Slack:                    inf
  Source:                 trst_n
                            (input port)
  Destination:            i_dmi_jtag/i_dmi_jtag_tap/idcode_q_reg[19]/CLR
                            (removal check against rising-edge clock tck  {rise@0.000ns fall@50.000ns period=100.000ns})
  Path Group:             (none)
  Path Type:              Removal (Min at Fast Process Corner)
  Data Path Delay:        1.484ns  (logic 0.382ns (25.751%)  route 1.102ns (74.249%))
  Logic Levels:           2  (IBUF=1 LUT1=1)
  Clock Path Skew:        3.150ns (DCD - SCD - CPR)
    Destination Clock Delay (DCD):    3.150ns
    Source Clock Delay      (SCD):    0.000ns
    Clock Pessimism Removal (CPR):    -0.000ns
  Timing Exception:       False Path

    Location             Delay type                Incr(ns)  Path(ns)    Netlist Resource(s)
  -------------------------------------------------------------------    -------------------
    V13                                               0.000     0.000 r  trst_n (IN)
                         net (fo=0)                   0.000     0.000    trst_n
    V13                  IBUF (Prop_ibuf_I_O)         0.337     0.337 r  trst_n_IBUF_inst/O
                         net (fo=1, routed)           0.375     0.712    i_dmi_jtag/i_dmi_jtag_tap/trst_n_IBUF
    SLICE_X113Y93        LUT1 (Prop_lut1_I0_O)        0.045     0.757 f  i_dmi_jtag/i_dmi_jtag_tap/FSM_onehot_tap_state_q[15]_i_2/O
                         net (fo=258, routed)         0.727     1.484    i_dmi_jtag/i_dmi_jtag_tap/trst_n
    SLICE_X112Y66        FDCE                                         f  i_dmi_jtag/i_dmi_jtag_tap/idcode_q_reg[19]/CLR
  -------------------------------------------------------------------    -------------------

                         (clock tck rise edge)        0.000     0.000 r  
    H15                                               0.000     0.000 r  tck (IN)
                         net (fo=0)                   0.000     0.000    tck
    H15                  IBUF (Prop_ibuf_I_O)         0.456     0.456 r  tck_IBUF_inst/O
                         net (fo=1, routed)           1.762     2.218    tck_IBUF
    BUFGCTRL_X0Y0        BUFG (Prop_bufg_I_O)         0.029     2.247 r  tck_IBUF_BUFG_inst/O
                         net (fo=258, routed)         0.903     3.150    i_dmi_jtag/i_dmi_jtag_tap/CLK
    SLICE_X112Y66        FDCE                                         r  i_dmi_jtag/i_dmi_jtag_tap/idcode_q_reg[19]/C

Slack:                    inf
  Source:                 trst_n
                            (input port)
  Destination:            i_dmi_jtag/i_dmi_jtag_tap/idcode_q_reg[0]/PRE
                            (removal check against rising-edge clock tck  {rise@0.000ns fall@50.000ns period=100.000ns})
  Path Group:             (none)
  Path Type:              Removal (Min at Fast Process Corner)
  Data Path Delay:        1.491ns  (logic 0.382ns (25.630%)  route 1.109ns (74.370%))
  Logic Levels:           2  (IBUF=1 LUT1=1)
  Clock Path Skew:        3.151ns (DCD - SCD - CPR)
    Destination Clock Delay (DCD):    3.151ns
    Source Clock Delay      (SCD):    0.000ns
    Clock Pessimism Removal (CPR):    -0.000ns
  Timing Exception:       False Path

    Location             Delay type                Incr(ns)  Path(ns)    Netlist Resource(s)
  -------------------------------------------------------------------    -------------------
    V13                                               0.000     0.000 r  trst_n (IN)
                         net (fo=0)                   0.000     0.000    trst_n
    V13                  IBUF (Prop_ibuf_I_O)         0.337     0.337 r  trst_n_IBUF_inst/O
                         net (fo=1, routed)           0.375     0.712    i_dmi_jtag/i_dmi_jtag_tap/trst_n_IBUF
    SLICE_X113Y93        LUT1 (Prop_lut1_I0_O)        0.045     0.757 f  i_dmi_jtag/i_dmi_jtag_tap/FSM_onehot_tap_state_q[15]_i_2/O
                         net (fo=258, routed)         0.734     1.491    i_dmi_jtag/i_dmi_jtag_tap/trst_n
    SLICE_X113Y65        FDPE                                         f  i_dmi_jtag/i_dmi_jtag_tap/idcode_q_reg[0]/PRE
  -------------------------------------------------------------------    -------------------

                         (clock tck rise edge)        0.000     0.000 r  
    H15                                               0.000     0.000 r  tck (IN)
                         net (fo=0)                   0.000     0.000    tck
    H15                  IBUF (Prop_ibuf_I_O)         0.456     0.456 r  tck_IBUF_inst/O
                         net (fo=1, routed)           1.762     2.218    tck_IBUF
    BUFGCTRL_X0Y0        BUFG (Prop_bufg_I_O)         0.029     2.247 r  tck_IBUF_BUFG_inst/O
                         net (fo=258, routed)         0.904     3.151    i_dmi_jtag/i_dmi_jtag_tap/CLK
    SLICE_X113Y65        FDPE                                         r  i_dmi_jtag/i_dmi_jtag_tap/idcode_q_reg[0]/C





--------------------------------------------------------------------------------------
Path Group:  (none)
From Clock:  clk_out1_xlnx_clk_gen
  To Clock:  tck

Max Delay             0 Endpoints
Min Delay            36 Endpoints
--------------------------------------------------------------------------------------


Min Delay Paths
--------------------------------------------------------------------------------------
Slack:                    inf
  Source:                 i_dmi_jtag/i_dmi_cdc/i_cdc_resp/i_src/data_src_q_reg[data][23]/C
                            (rising edge-triggered cell FDCE clocked by clk_out1_xlnx_clk_gen  {rise@0.000ns fall@12.500ns period=25.000ns})
  Destination:            i_dmi_jtag/i_dmi_cdc/i_cdc_resp/i_dst/data_dst_q_reg[data][23]/D
                            (rising edge-triggered cell FDCE clocked by tck  {rise@0.000ns fall@50.000ns period=100.000ns})
  Path Group:             (none)
  Path Type:              Hold (Min at Slow Process Corner)
  Data Path Delay:        0.621ns  (logic 0.337ns (54.266%)  route 0.284ns (45.734%))
  Logic Levels:           0  
  Clock Path Skew:        8.591ns (DCD - SCD - CPR)
    Destination Clock Delay (DCD):    7.127ns
    Source Clock Delay      (SCD):    -1.463ns
    Clock Pessimism Removal (CPR):    -0.000ns
  Clock Uncertainty:      0.604ns  ((TSJ^2 + TIJ^2 + DJ^2)^1/2) / 2 + PE
    Total System Jitter     (TSJ):    0.071ns
    Total Input Jitter      (TIJ):    1.000ns
    Discrete Jitter          (DJ):    0.149ns
    Phase Error              (PE):    0.097ns
  Timing Exception:       False Path

    Location             Delay type                Incr(ns)  Path(ns)    Netlist Resource(s)
  -------------------------------------------------------------------    -------------------
                         (clock clk_out1_xlnx_clk_gen rise edge)
                                                      0.000     0.000 r  
    K17                                               0.000     0.000 r  clk_sys (IN)
                         net (fo=0)                   0.000     0.000    i_xlnx_clk_gen/inst/clk_in1
    K17                  IBUF (Prop_ibuf_I_O)         1.404     1.404 r  i_xlnx_clk_gen/inst/clkin1_ibufg/O
                         net (fo=1, routed)           1.162     2.566    i_xlnx_clk_gen/inst/clk_in1_xlnx_clk_gen
    MMCME2_ADV_X1Y2      MMCME2_ADV (Prop_mmcme2_adv_CLKIN1_CLKOUT0)
                                                     -7.814    -5.248 r  i_xlnx_clk_gen/inst/mmcm_adv_inst/CLKOUT0
                         net (fo=1, routed)           2.012    -3.236    i_xlnx_clk_gen/inst/clk_out1_xlnx_clk_gen
    BUFGCTRL_X0Y16       BUFG (Prop_bufg_I_O)         0.091    -3.145 r  i_xlnx_clk_gen/inst/clkout1_buf/O
                         net (fo=31820, routed)       1.682    -1.463    i_dmi_jtag/i_dmi_cdc/i_cdc_resp/i_src/clk_out1
    SLICE_X107Y57        FDCE                                         r  i_dmi_jtag/i_dmi_cdc/i_cdc_resp/i_src/data_src_q_reg[data][23]/C
  -------------------------------------------------------------------    -------------------
    SLICE_X107Y57        FDCE (Prop_fdce_C_Q)         0.337    -1.126 r  i_dmi_jtag/i_dmi_cdc/i_cdc_resp/i_src/data_src_q_reg[data][23]/Q
                         net (fo=1, routed)           0.284    -0.842    i_dmi_jtag/i_dmi_cdc/i_cdc_resp/i_dst/D[23]
    SLICE_X111Y57        FDCE                                         r  i_dmi_jtag/i_dmi_cdc/i_cdc_resp/i_dst/data_dst_q_reg[data][23]/D
  -------------------------------------------------------------------    -------------------

                         (clock tck rise edge)        0.000     0.000 r  
    H15                                               0.000     0.000 r  tck (IN)
                         net (fo=0)                   0.000     0.000    tck
    H15                  IBUF (Prop_ibuf_I_O)         1.500     1.500 r  tck_IBUF_inst/O
                         net (fo=1, routed)           3.659     5.159    tck_IBUF
    BUFGCTRL_X0Y0        BUFG (Prop_bufg_I_O)         0.101     5.260 r  tck_IBUF_BUFG_inst/O
                         net (fo=258, routed)         1.867     7.127    i_dmi_jtag/i_dmi_cdc/i_cdc_resp/i_dst/CLK
    SLICE_X111Y57        FDCE                                         r  i_dmi_jtag/i_dmi_cdc/i_cdc_resp/i_dst/data_dst_q_reg[data][23]/C

Slack:                    inf
  Source:                 i_dmi_jtag/i_dmi_cdc/i_cdc_resp/i_src/data_src_q_reg[data][9]/C
                            (rising edge-triggered cell FDCE clocked by clk_out1_xlnx_clk_gen  {rise@0.000ns fall@12.500ns period=25.000ns})
  Destination:            i_dmi_jtag/i_dmi_cdc/i_cdc_resp/i_dst/data_dst_q_reg[data][9]/D
                            (rising edge-triggered cell FDCE clocked by tck  {rise@0.000ns fall@50.000ns period=100.000ns})
  Path Group:             (none)
  Path Type:              Hold (Min at Slow Process Corner)
  Data Path Delay:        0.617ns  (logic 0.337ns (54.584%)  route 0.280ns (45.416%))
  Logic Levels:           0  
  Clock Path Skew:        8.588ns (DCD - SCD - CPR)
    Destination Clock Delay (DCD):    7.129ns
    Source Clock Delay      (SCD):    -1.458ns
    Clock Pessimism Removal (CPR):    -0.000ns
  Clock Uncertainty:      0.604ns  ((TSJ^2 + TIJ^2 + DJ^2)^1/2) / 2 + PE
    Total System Jitter     (TSJ):    0.071ns
    Total Input Jitter      (TIJ):    1.000ns
    Discrete Jitter          (DJ):    0.149ns
    Phase Error              (PE):    0.097ns
  Timing Exception:       False Path

    Location             Delay type                Incr(ns)  Path(ns)    Netlist Resource(s)
  -------------------------------------------------------------------    -------------------
                         (clock clk_out1_xlnx_clk_gen rise edge)
                                                      0.000     0.000 r  
    K17                                               0.000     0.000 r  clk_sys (IN)
                         net (fo=0)                   0.000     0.000    i_xlnx_clk_gen/inst/clk_in1
    K17                  IBUF (Prop_ibuf_I_O)         1.404     1.404 r  i_xlnx_clk_gen/inst/clkin1_ibufg/O
                         net (fo=1, routed)           1.162     2.566    i_xlnx_clk_gen/inst/clk_in1_xlnx_clk_gen
    MMCME2_ADV_X1Y2      MMCME2_ADV (Prop_mmcme2_adv_CLKIN1_CLKOUT0)
                                                     -7.814    -5.248 r  i_xlnx_clk_gen/inst/mmcm_adv_inst/CLKOUT0
                         net (fo=1, routed)           2.012    -3.236    i_xlnx_clk_gen/inst/clk_out1_xlnx_clk_gen
    BUFGCTRL_X0Y16       BUFG (Prop_bufg_I_O)         0.091    -3.145 r  i_xlnx_clk_gen/inst/clkout1_buf/O
                         net (fo=31820, routed)       1.687    -1.458    i_dmi_jtag/i_dmi_cdc/i_cdc_resp/i_src/clk_out1
    SLICE_X111Y50        FDCE                                         r  i_dmi_jtag/i_dmi_cdc/i_cdc_resp/i_src/data_src_q_reg[data][9]/C
  -------------------------------------------------------------------    -------------------
    SLICE_X111Y50        FDCE (Prop_fdce_C_Q)         0.337    -1.121 r  i_dmi_jtag/i_dmi_cdc/i_cdc_resp/i_src/data_src_q_reg[data][9]/Q
                         net (fo=1, routed)           0.280    -0.841    i_dmi_jtag/i_dmi_cdc/i_cdc_resp/i_dst/D[9]
    SLICE_X110Y50        FDCE                                         r  i_dmi_jtag/i_dmi_cdc/i_cdc_resp/i_dst/data_dst_q_reg[data][9]/D
  -------------------------------------------------------------------    -------------------

                         (clock tck rise edge)        0.000     0.000 r  
    H15                                               0.000     0.000 r  tck (IN)
                         net (fo=0)                   0.000     0.000    tck
    H15                  IBUF (Prop_ibuf_I_O)         1.500     1.500 r  tck_IBUF_inst/O
                         net (fo=1, routed)           3.659     5.159    tck_IBUF
    BUFGCTRL_X0Y0        BUFG (Prop_bufg_I_O)         0.101     5.260 r  tck_IBUF_BUFG_inst/O
                         net (fo=258, routed)         1.869     7.129    i_dmi_jtag/i_dmi_cdc/i_cdc_resp/i_dst/CLK
    SLICE_X110Y50        FDCE                                         r  i_dmi_jtag/i_dmi_cdc/i_cdc_resp/i_dst/data_dst_q_reg[data][9]/C

Slack:                    inf
  Source:                 i_dmi_jtag/i_dmi_cdc/i_cdc_resp/i_src/data_src_q_reg[data][5]/C
                            (rising edge-triggered cell FDCE clocked by clk_out1_xlnx_clk_gen  {rise@0.000ns fall@12.500ns period=25.000ns})
  Destination:            i_dmi_jtag/i_dmi_cdc/i_cdc_resp/i_dst/data_dst_q_reg[data][5]/D
                            (rising edge-triggered cell FDCE clocked by tck  {rise@0.000ns fall@50.000ns period=100.000ns})
  Path Group:             (none)
  Path Type:              Hold (Min at Slow Process Corner)
  Data Path Delay:        0.628ns  (logic 0.337ns (53.704%)  route 0.291ns (46.296%))
  Logic Levels:           0  
  Clock Path Skew:        8.582ns (DCD - SCD - CPR)
    Destination Clock Delay (DCD):    7.139ns
    Source Clock Delay      (SCD):    -1.443ns
    Clock Pessimism Removal (CPR):    -0.000ns
  Clock Uncertainty:      0.604ns  ((TSJ^2 + TIJ^2 + DJ^2)^1/2) / 2 + PE
    Total System Jitter     (TSJ):    0.071ns
    Total Input Jitter      (TIJ):    1.000ns
    Discrete Jitter          (DJ):    0.149ns
    Phase Error              (PE):    0.097ns
  Timing Exception:       False Path

    Location             Delay type                Incr(ns)  Path(ns)    Netlist Resource(s)
  -------------------------------------------------------------------    -------------------
                         (clock clk_out1_xlnx_clk_gen rise edge)
                                                      0.000     0.000 r  
    K17                                               0.000     0.000 r  clk_sys (IN)
                         net (fo=0)                   0.000     0.000    i_xlnx_clk_gen/inst/clk_in1
    K17                  IBUF (Prop_ibuf_I_O)         1.404     1.404 r  i_xlnx_clk_gen/inst/clkin1_ibufg/O
                         net (fo=1, routed)           1.162     2.566    i_xlnx_clk_gen/inst/clk_in1_xlnx_clk_gen
    MMCME2_ADV_X1Y2      MMCME2_ADV (Prop_mmcme2_adv_CLKIN1_CLKOUT0)
                                                     -7.814    -5.248 r  i_xlnx_clk_gen/inst/mmcm_adv_inst/CLKOUT0
                         net (fo=1, routed)           2.012    -3.236    i_xlnx_clk_gen/inst/clk_out1_xlnx_clk_gen
    BUFGCTRL_X0Y16       BUFG (Prop_bufg_I_O)         0.091    -3.145 r  i_xlnx_clk_gen/inst/clkout1_buf/O
                         net (fo=31820, routed)       1.702    -1.443    i_dmi_jtag/i_dmi_cdc/i_cdc_resp/i_src/clk_out1
    SLICE_X110Y43        FDCE                                         r  i_dmi_jtag/i_dmi_cdc/i_cdc_resp/i_src/data_src_q_reg[data][5]/C
  -------------------------------------------------------------------    -------------------
    SLICE_X110Y43        FDCE (Prop_fdce_C_Q)         0.337    -1.106 r  i_dmi_jtag/i_dmi_cdc/i_cdc_resp/i_src/data_src_q_reg[data][5]/Q
                         net (fo=1, routed)           0.291    -0.815    i_dmi_jtag/i_dmi_cdc/i_cdc_resp/i_dst/D[5]
    SLICE_X110Y45        FDCE                                         r  i_dmi_jtag/i_dmi_cdc/i_cdc_resp/i_dst/data_dst_q_reg[data][5]/D
  -------------------------------------------------------------------    -------------------

                         (clock tck rise edge)        0.000     0.000 r  
    H15                                               0.000     0.000 r  tck (IN)
                         net (fo=0)                   0.000     0.000    tck
    H15                  IBUF (Prop_ibuf_I_O)         1.500     1.500 r  tck_IBUF_inst/O
                         net (fo=1, routed)           3.659     5.159    tck_IBUF
    BUFGCTRL_X0Y0        BUFG (Prop_bufg_I_O)         0.101     5.260 r  tck_IBUF_BUFG_inst/O
                         net (fo=258, routed)         1.879     7.139    i_dmi_jtag/i_dmi_cdc/i_cdc_resp/i_dst/CLK
    SLICE_X110Y45        FDCE                                         r  i_dmi_jtag/i_dmi_cdc/i_cdc_resp/i_dst/data_dst_q_reg[data][5]/C

Slack:                    inf
  Source:                 i_dmi_jtag/i_dmi_cdc/i_cdc_resp/i_src/data_src_q_reg[data][12]/C
                            (rising edge-triggered cell FDCE clocked by clk_out1_xlnx_clk_gen  {rise@0.000ns fall@12.500ns period=25.000ns})
  Destination:            i_dmi_jtag/i_dmi_cdc/i_cdc_resp/i_dst/data_dst_q_reg[data][12]/D
                            (rising edge-triggered cell FDCE clocked by tck  {rise@0.000ns fall@50.000ns period=100.000ns})
  Path Group:             (none)
  Path Type:              Hold (Min at Slow Process Corner)
  Data Path Delay:        0.662ns  (logic 0.367ns (55.458%)  route 0.295ns (44.542%))
  Logic Levels:           0  
  Clock Path Skew:        8.588ns (DCD - SCD - CPR)
    Destination Clock Delay (DCD):    7.129ns
    Source Clock Delay      (SCD):    -1.458ns
    Clock Pessimism Removal (CPR):    -0.000ns
  Clock Uncertainty:      0.604ns  ((TSJ^2 + TIJ^2 + DJ^2)^1/2) / 2 + PE
    Total System Jitter     (TSJ):    0.071ns
    Total Input Jitter      (TIJ):    1.000ns
    Discrete Jitter          (DJ):    0.149ns
    Phase Error              (PE):    0.097ns
  Timing Exception:       False Path

    Location             Delay type                Incr(ns)  Path(ns)    Netlist Resource(s)
  -------------------------------------------------------------------    -------------------
                         (clock clk_out1_xlnx_clk_gen rise edge)
                                                      0.000     0.000 r  
    K17                                               0.000     0.000 r  clk_sys (IN)
                         net (fo=0)                   0.000     0.000    i_xlnx_clk_gen/inst/clk_in1
    K17                  IBUF (Prop_ibuf_I_O)         1.404     1.404 r  i_xlnx_clk_gen/inst/clkin1_ibufg/O
                         net (fo=1, routed)           1.162     2.566    i_xlnx_clk_gen/inst/clk_in1_xlnx_clk_gen
    MMCME2_ADV_X1Y2      MMCME2_ADV (Prop_mmcme2_adv_CLKIN1_CLKOUT0)
                                                     -7.814    -5.248 r  i_xlnx_clk_gen/inst/mmcm_adv_inst/CLKOUT0
                         net (fo=1, routed)           2.012    -3.236    i_xlnx_clk_gen/inst/clk_out1_xlnx_clk_gen
    BUFGCTRL_X0Y16       BUFG (Prop_bufg_I_O)         0.091    -3.145 r  i_xlnx_clk_gen/inst/clkout1_buf/O
                         net (fo=31820, routed)       1.687    -1.458    i_dmi_jtag/i_dmi_cdc/i_cdc_resp/i_src/clk_out1
    SLICE_X111Y50        FDCE                                         r  i_dmi_jtag/i_dmi_cdc/i_cdc_resp/i_src/data_src_q_reg[data][12]/C
  -------------------------------------------------------------------    -------------------
    SLICE_X111Y50        FDCE (Prop_fdce_C_Q)         0.367    -1.091 r  i_dmi_jtag/i_dmi_cdc/i_cdc_resp/i_src/data_src_q_reg[data][12]/Q
                         net (fo=1, routed)           0.295    -0.796    i_dmi_jtag/i_dmi_cdc/i_cdc_resp/i_dst/D[12]
    SLICE_X110Y50        FDCE                                         r  i_dmi_jtag/i_dmi_cdc/i_cdc_resp/i_dst/data_dst_q_reg[data][12]/D
  -------------------------------------------------------------------    -------------------

                         (clock tck rise edge)        0.000     0.000 r  
    H15                                               0.000     0.000 r  tck (IN)
                         net (fo=0)                   0.000     0.000    tck
    H15                  IBUF (Prop_ibuf_I_O)         1.500     1.500 r  tck_IBUF_inst/O
                         net (fo=1, routed)           3.659     5.159    tck_IBUF
    BUFGCTRL_X0Y0        BUFG (Prop_bufg_I_O)         0.101     5.260 r  tck_IBUF_BUFG_inst/O
                         net (fo=258, routed)         1.869     7.129    i_dmi_jtag/i_dmi_cdc/i_cdc_resp/i_dst/CLK
    SLICE_X110Y50        FDCE                                         r  i_dmi_jtag/i_dmi_cdc/i_cdc_resp/i_dst/data_dst_q_reg[data][12]/C

Slack:                    inf
  Source:                 i_dmi_jtag/i_dmi_cdc/i_cdc_resp/i_src/data_src_q_reg[data][6]/C
                            (rising edge-triggered cell FDCE clocked by clk_out1_xlnx_clk_gen  {rise@0.000ns fall@12.500ns period=25.000ns})
  Destination:            i_dmi_jtag/i_dmi_cdc/i_cdc_resp/i_dst/data_dst_q_reg[data][6]/D
                            (rising edge-triggered cell FDCE clocked by tck  {rise@0.000ns fall@50.000ns period=100.000ns})
  Path Group:             (none)
  Path Type:              Hold (Min at Slow Process Corner)
  Data Path Delay:        0.649ns  (logic 0.367ns (56.540%)  route 0.282ns (43.460%))
  Logic Levels:           0  
  Clock Path Skew:        8.582ns (DCD - SCD - CPR)
    Destination Clock Delay (DCD):    7.139ns
    Source Clock Delay      (SCD):    -1.443ns
    Clock Pessimism Removal (CPR):    -0.000ns
  Clock Uncertainty:      0.604ns  ((TSJ^2 + TIJ^2 + DJ^2)^1/2) / 2 + PE
    Total System Jitter     (TSJ):    0.071ns
    Total Input Jitter      (TIJ):    1.000ns
    Discrete Jitter          (DJ):    0.149ns
    Phase Error              (PE):    0.097ns
  Timing Exception:       False Path

    Location             Delay type                Incr(ns)  Path(ns)    Netlist Resource(s)
  -------------------------------------------------------------------    -------------------
                         (clock clk_out1_xlnx_clk_gen rise edge)
                                                      0.000     0.000 r  
    K17                                               0.000     0.000 r  clk_sys (IN)
                         net (fo=0)                   0.000     0.000    i_xlnx_clk_gen/inst/clk_in1
    K17                  IBUF (Prop_ibuf_I_O)         1.404     1.404 r  i_xlnx_clk_gen/inst/clkin1_ibufg/O
                         net (fo=1, routed)           1.162     2.566    i_xlnx_clk_gen/inst/clk_in1_xlnx_clk_gen
    MMCME2_ADV_X1Y2      MMCME2_ADV (Prop_mmcme2_adv_CLKIN1_CLKOUT0)
                                                     -7.814    -5.248 r  i_xlnx_clk_gen/inst/mmcm_adv_inst/CLKOUT0
                         net (fo=1, routed)           2.012    -3.236    i_xlnx_clk_gen/inst/clk_out1_xlnx_clk_gen
    BUFGCTRL_X0Y16       BUFG (Prop_bufg_I_O)         0.091    -3.145 r  i_xlnx_clk_gen/inst/clkout1_buf/O
                         net (fo=31820, routed)       1.702    -1.443    i_dmi_jtag/i_dmi_cdc/i_cdc_resp/i_src/clk_out1
    SLICE_X110Y43        FDCE                                         r  i_dmi_jtag/i_dmi_cdc/i_cdc_resp/i_src/data_src_q_reg[data][6]/C
  -------------------------------------------------------------------    -------------------
    SLICE_X110Y43        FDCE (Prop_fdce_C_Q)         0.367    -1.076 r  i_dmi_jtag/i_dmi_cdc/i_cdc_resp/i_src/data_src_q_reg[data][6]/Q
                         net (fo=1, routed)           0.282    -0.793    i_dmi_jtag/i_dmi_cdc/i_cdc_resp/i_dst/D[6]
    SLICE_X111Y45        FDCE                                         r  i_dmi_jtag/i_dmi_cdc/i_cdc_resp/i_dst/data_dst_q_reg[data][6]/D
  -------------------------------------------------------------------    -------------------

                         (clock tck rise edge)        0.000     0.000 r  
    H15                                               0.000     0.000 r  tck (IN)
                         net (fo=0)                   0.000     0.000    tck
    H15                  IBUF (Prop_ibuf_I_O)         1.500     1.500 r  tck_IBUF_inst/O
                         net (fo=1, routed)           3.659     5.159    tck_IBUF
    BUFGCTRL_X0Y0        BUFG (Prop_bufg_I_O)         0.101     5.260 r  tck_IBUF_BUFG_inst/O
                         net (fo=258, routed)         1.879     7.139    i_dmi_jtag/i_dmi_cdc/i_cdc_resp/i_dst/CLK
    SLICE_X111Y45        FDCE                                         r  i_dmi_jtag/i_dmi_cdc/i_cdc_resp/i_dst/data_dst_q_reg[data][6]/C

Slack:                    inf
  Source:                 i_dmi_jtag/i_dmi_cdc/i_cdc_resp/i_src/data_src_q_reg[data][14]/C
                            (rising edge-triggered cell FDCE clocked by clk_out1_xlnx_clk_gen  {rise@0.000ns fall@12.500ns period=25.000ns})
  Destination:            i_dmi_jtag/i_dmi_cdc/i_cdc_resp/i_dst/data_dst_q_reg[data][14]/D
                            (rising edge-triggered cell FDCE clocked by tck  {rise@0.000ns fall@50.000ns period=100.000ns})
  Path Group:             (none)
  Path Type:              Hold (Min at Slow Process Corner)
  Data Path Delay:        0.706ns  (logic 0.367ns (52.002%)  route 0.339ns (47.998%))
  Logic Levels:           0  
  Clock Path Skew:        8.588ns (DCD - SCD - CPR)
    Destination Clock Delay (DCD):    7.128ns
    Source Clock Delay      (SCD):    -1.459ns
    Clock Pessimism Removal (CPR):    -0.000ns
  Clock Uncertainty:      0.604ns  ((TSJ^2 + TIJ^2 + DJ^2)^1/2) / 2 + PE
    Total System Jitter     (TSJ):    0.071ns
    Total Input Jitter      (TIJ):    1.000ns
    Discrete Jitter          (DJ):    0.149ns
    Phase Error              (PE):    0.097ns
  Timing Exception:       False Path

    Location             Delay type                Incr(ns)  Path(ns)    Netlist Resource(s)
  -------------------------------------------------------------------    -------------------
                         (clock clk_out1_xlnx_clk_gen rise edge)
                                                      0.000     0.000 r  
    K17                                               0.000     0.000 r  clk_sys (IN)
                         net (fo=0)                   0.000     0.000    i_xlnx_clk_gen/inst/clk_in1
    K17                  IBUF (Prop_ibuf_I_O)         1.404     1.404 r  i_xlnx_clk_gen/inst/clkin1_ibufg/O
                         net (fo=1, routed)           1.162     2.566    i_xlnx_clk_gen/inst/clk_in1_xlnx_clk_gen
    MMCME2_ADV_X1Y2      MMCME2_ADV (Prop_mmcme2_adv_CLKIN1_CLKOUT0)
                                                     -7.814    -5.248 r  i_xlnx_clk_gen/inst/mmcm_adv_inst/CLKOUT0
                         net (fo=1, routed)           2.012    -3.236    i_xlnx_clk_gen/inst/clk_out1_xlnx_clk_gen
    BUFGCTRL_X0Y16       BUFG (Prop_bufg_I_O)         0.091    -3.145 r  i_xlnx_clk_gen/inst/clkout1_buf/O
                         net (fo=31820, routed)       1.686    -1.459    i_dmi_jtag/i_dmi_cdc/i_cdc_resp/i_src/clk_out1
    SLICE_X110Y54        FDCE                                         r  i_dmi_jtag/i_dmi_cdc/i_cdc_resp/i_src/data_src_q_reg[data][14]/C
  -------------------------------------------------------------------    -------------------
    SLICE_X110Y54        FDCE (Prop_fdce_C_Q)         0.367    -1.092 r  i_dmi_jtag/i_dmi_cdc/i_cdc_resp/i_src/data_src_q_reg[data][14]/Q
                         net (fo=1, routed)           0.339    -0.753    i_dmi_jtag/i_dmi_cdc/i_cdc_resp/i_dst/D[14]
    SLICE_X111Y55        FDCE                                         r  i_dmi_jtag/i_dmi_cdc/i_cdc_resp/i_dst/data_dst_q_reg[data][14]/D
  -------------------------------------------------------------------    -------------------

                         (clock tck rise edge)        0.000     0.000 r  
    H15                                               0.000     0.000 r  tck (IN)
                         net (fo=0)                   0.000     0.000    tck
    H15                  IBUF (Prop_ibuf_I_O)         1.500     1.500 r  tck_IBUF_inst/O
                         net (fo=1, routed)           3.659     5.159    tck_IBUF
    BUFGCTRL_X0Y0        BUFG (Prop_bufg_I_O)         0.101     5.260 r  tck_IBUF_BUFG_inst/O
                         net (fo=258, routed)         1.868     7.128    i_dmi_jtag/i_dmi_cdc/i_cdc_resp/i_dst/CLK
    SLICE_X111Y55        FDCE                                         r  i_dmi_jtag/i_dmi_cdc/i_cdc_resp/i_dst/data_dst_q_reg[data][14]/C

Slack:                    inf
  Source:                 i_dmi_jtag/i_dmi_cdc/i_cdc_resp/i_src/data_src_q_reg[data][10]/C
                            (rising edge-triggered cell FDCE clocked by clk_out1_xlnx_clk_gen  {rise@0.000ns fall@12.500ns period=25.000ns})
  Destination:            i_dmi_jtag/i_dmi_cdc/i_cdc_resp/i_dst/data_dst_q_reg[data][10]/D
                            (rising edge-triggered cell FDCE clocked by tck  {rise@0.000ns fall@50.000ns period=100.000ns})
  Path Group:             (none)
  Path Type:              Hold (Min at Slow Process Corner)
  Data Path Delay:        0.696ns  (logic 0.418ns (60.057%)  route 0.278ns (39.943%))
  Logic Levels:           0  
  Clock Path Skew:        8.582ns (DCD - SCD - CPR)
    Destination Clock Delay (DCD):    7.139ns
    Source Clock Delay      (SCD):    -1.443ns
    Clock Pessimism Removal (CPR):    -0.000ns
  Clock Uncertainty:      0.604ns  ((TSJ^2 + TIJ^2 + DJ^2)^1/2) / 2 + PE
    Total System Jitter     (TSJ):    0.071ns
    Total Input Jitter      (TIJ):    1.000ns
    Discrete Jitter          (DJ):    0.149ns
    Phase Error              (PE):    0.097ns
  Timing Exception:       False Path

    Location             Delay type                Incr(ns)  Path(ns)    Netlist Resource(s)
  -------------------------------------------------------------------    -------------------
                         (clock clk_out1_xlnx_clk_gen rise edge)
                                                      0.000     0.000 r  
    K17                                               0.000     0.000 r  clk_sys (IN)
                         net (fo=0)                   0.000     0.000    i_xlnx_clk_gen/inst/clk_in1
    K17                  IBUF (Prop_ibuf_I_O)         1.404     1.404 r  i_xlnx_clk_gen/inst/clkin1_ibufg/O
                         net (fo=1, routed)           1.162     2.566    i_xlnx_clk_gen/inst/clk_in1_xlnx_clk_gen
    MMCME2_ADV_X1Y2      MMCME2_ADV (Prop_mmcme2_adv_CLKIN1_CLKOUT0)
                                                     -7.814    -5.248 r  i_xlnx_clk_gen/inst/mmcm_adv_inst/CLKOUT0
                         net (fo=1, routed)           2.012    -3.236    i_xlnx_clk_gen/inst/clk_out1_xlnx_clk_gen
    BUFGCTRL_X0Y16       BUFG (Prop_bufg_I_O)         0.091    -3.145 r  i_xlnx_clk_gen/inst/clkout1_buf/O
                         net (fo=31820, routed)       1.702    -1.443    i_dmi_jtag/i_dmi_cdc/i_cdc_resp/i_src/clk_out1
    SLICE_X112Y44        FDCE                                         r  i_dmi_jtag/i_dmi_cdc/i_cdc_resp/i_src/data_src_q_reg[data][10]/C
  -------------------------------------------------------------------    -------------------
    SLICE_X112Y44        FDCE (Prop_fdce_C_Q)         0.418    -1.025 r  i_dmi_jtag/i_dmi_cdc/i_cdc_resp/i_src/data_src_q_reg[data][10]/Q
                         net (fo=1, routed)           0.278    -0.746    i_dmi_jtag/i_dmi_cdc/i_cdc_resp/i_dst/D[10]
    SLICE_X112Y45        FDCE                                         r  i_dmi_jtag/i_dmi_cdc/i_cdc_resp/i_dst/data_dst_q_reg[data][10]/D
  -------------------------------------------------------------------    -------------------

                         (clock tck rise edge)        0.000     0.000 r  
    H15                                               0.000     0.000 r  tck (IN)
                         net (fo=0)                   0.000     0.000    tck
    H15                  IBUF (Prop_ibuf_I_O)         1.500     1.500 r  tck_IBUF_inst/O
                         net (fo=1, routed)           3.659     5.159    tck_IBUF
    BUFGCTRL_X0Y0        BUFG (Prop_bufg_I_O)         0.101     5.260 r  tck_IBUF_BUFG_inst/O
                         net (fo=258, routed)         1.879     7.139    i_dmi_jtag/i_dmi_cdc/i_cdc_resp/i_dst/CLK
    SLICE_X112Y45        FDCE                                         r  i_dmi_jtag/i_dmi_cdc/i_cdc_resp/i_dst/data_dst_q_reg[data][10]/C

Slack:                    inf
  Source:                 i_dmi_jtag/i_dmi_cdc/i_cdc_resp/i_src/data_src_q_reg[data][17]/C
                            (rising edge-triggered cell FDCE clocked by clk_out1_xlnx_clk_gen  {rise@0.000ns fall@12.500ns period=25.000ns})
  Destination:            i_dmi_jtag/i_dmi_cdc/i_cdc_resp/i_dst/data_dst_q_reg[data][17]/D
                            (rising edge-triggered cell FDCE clocked by tck  {rise@0.000ns fall@50.000ns period=100.000ns})
  Path Group:             (none)
  Path Type:              Hold (Min at Slow Process Corner)
  Data Path Delay:        0.726ns  (logic 0.337ns (46.420%)  route 0.389ns (53.580%))
  Logic Levels:           0  
  Clock Path Skew:        8.590ns (DCD - SCD - CPR)
    Destination Clock Delay (DCD):    7.127ns
    Source Clock Delay      (SCD):    -1.462ns
    Clock Pessimism Removal (CPR):    -0.000ns
  Clock Uncertainty:      0.604ns  ((TSJ^2 + TIJ^2 + DJ^2)^1/2) / 2 + PE
    Total System Jitter     (TSJ):    0.071ns
    Total Input Jitter      (TIJ):    1.000ns
    Discrete Jitter          (DJ):    0.149ns
    Phase Error              (PE):    0.097ns
  Timing Exception:       False Path

    Location             Delay type                Incr(ns)  Path(ns)    Netlist Resource(s)
  -------------------------------------------------------------------    -------------------
                         (clock clk_out1_xlnx_clk_gen rise edge)
                                                      0.000     0.000 r  
    K17                                               0.000     0.000 r  clk_sys (IN)
                         net (fo=0)                   0.000     0.000    i_xlnx_clk_gen/inst/clk_in1
    K17                  IBUF (Prop_ibuf_I_O)         1.404     1.404 r  i_xlnx_clk_gen/inst/clkin1_ibufg/O
                         net (fo=1, routed)           1.162     2.566    i_xlnx_clk_gen/inst/clk_in1_xlnx_clk_gen
    MMCME2_ADV_X1Y2      MMCME2_ADV (Prop_mmcme2_adv_CLKIN1_CLKOUT0)
                                                     -7.814    -5.248 r  i_xlnx_clk_gen/inst/mmcm_adv_inst/CLKOUT0
                         net (fo=1, routed)           2.012    -3.236    i_xlnx_clk_gen/inst/clk_out1_xlnx_clk_gen
    BUFGCTRL_X0Y16       BUFG (Prop_bufg_I_O)         0.091    -3.145 r  i_xlnx_clk_gen/inst/clkout1_buf/O
                         net (fo=31820, routed)       1.683    -1.462    i_dmi_jtag/i_dmi_cdc/i_cdc_resp/i_src/clk_out1
    SLICE_X109Y55        FDCE                                         r  i_dmi_jtag/i_dmi_cdc/i_cdc_resp/i_src/data_src_q_reg[data][17]/C
  -------------------------------------------------------------------    -------------------
    SLICE_X109Y55        FDCE (Prop_fdce_C_Q)         0.337    -1.125 r  i_dmi_jtag/i_dmi_cdc/i_cdc_resp/i_src/data_src_q_reg[data][17]/Q
                         net (fo=1, routed)           0.389    -0.736    i_dmi_jtag/i_dmi_cdc/i_cdc_resp/i_dst/D[17]
    SLICE_X111Y57        FDCE                                         r  i_dmi_jtag/i_dmi_cdc/i_cdc_resp/i_dst/data_dst_q_reg[data][17]/D
  -------------------------------------------------------------------    -------------------

                         (clock tck rise edge)        0.000     0.000 r  
    H15                                               0.000     0.000 r  tck (IN)
                         net (fo=0)                   0.000     0.000    tck
    H15                  IBUF (Prop_ibuf_I_O)         1.500     1.500 r  tck_IBUF_inst/O
                         net (fo=1, routed)           3.659     5.159    tck_IBUF
    BUFGCTRL_X0Y0        BUFG (Prop_bufg_I_O)         0.101     5.260 r  tck_IBUF_BUFG_inst/O
                         net (fo=258, routed)         1.867     7.127    i_dmi_jtag/i_dmi_cdc/i_cdc_resp/i_dst/CLK
    SLICE_X111Y57        FDCE                                         r  i_dmi_jtag/i_dmi_cdc/i_cdc_resp/i_dst/data_dst_q_reg[data][17]/C

Slack:                    inf
  Source:                 i_dmi_jtag/i_dmi_cdc/i_cdc_resp/i_src/data_src_q_reg[data][25]/C
                            (rising edge-triggered cell FDCE clocked by clk_out1_xlnx_clk_gen  {rise@0.000ns fall@12.500ns period=25.000ns})
  Destination:            i_dmi_jtag/i_dmi_cdc/i_cdc_resp/i_dst/data_dst_q_reg[data][25]/D
                            (rising edge-triggered cell FDCE clocked by tck  {rise@0.000ns fall@50.000ns period=100.000ns})
  Path Group:             (none)
  Path Type:              Hold (Min at Slow Process Corner)
  Data Path Delay:        0.731ns  (logic 0.337ns (46.084%)  route 0.394ns (53.916%))
  Logic Levels:           0  
  Clock Path Skew:        8.589ns (DCD - SCD - CPR)
    Destination Clock Delay (DCD):    7.125ns
    Source Clock Delay      (SCD):    -1.463ns
    Clock Pessimism Removal (CPR):    -0.000ns
  Clock Uncertainty:      0.604ns  ((TSJ^2 + TIJ^2 + DJ^2)^1/2) / 2 + PE
    Total System Jitter     (TSJ):    0.071ns
    Total Input Jitter      (TIJ):    1.000ns
    Discrete Jitter          (DJ):    0.149ns
    Phase Error              (PE):    0.097ns
  Timing Exception:       False Path

    Location             Delay type                Incr(ns)  Path(ns)    Netlist Resource(s)
  -------------------------------------------------------------------    -------------------
                         (clock clk_out1_xlnx_clk_gen rise edge)
                                                      0.000     0.000 r  
    K17                                               0.000     0.000 r  clk_sys (IN)
                         net (fo=0)                   0.000     0.000    i_xlnx_clk_gen/inst/clk_in1
    K17                  IBUF (Prop_ibuf_I_O)         1.404     1.404 r  i_xlnx_clk_gen/inst/clkin1_ibufg/O
                         net (fo=1, routed)           1.162     2.566    i_xlnx_clk_gen/inst/clk_in1_xlnx_clk_gen
    MMCME2_ADV_X1Y2      MMCME2_ADV (Prop_mmcme2_adv_CLKIN1_CLKOUT0)
                                                     -7.814    -5.248 r  i_xlnx_clk_gen/inst/mmcm_adv_inst/CLKOUT0
                         net (fo=1, routed)           2.012    -3.236    i_xlnx_clk_gen/inst/clk_out1_xlnx_clk_gen
    BUFGCTRL_X0Y16       BUFG (Prop_bufg_I_O)         0.091    -3.145 r  i_xlnx_clk_gen/inst/clkout1_buf/O
                         net (fo=31820, routed)       1.682    -1.463    i_dmi_jtag/i_dmi_cdc/i_cdc_resp/i_src/clk_out1
    SLICE_X107Y57        FDCE                                         r  i_dmi_jtag/i_dmi_cdc/i_cdc_resp/i_src/data_src_q_reg[data][25]/C
  -------------------------------------------------------------------    -------------------
    SLICE_X107Y57        FDCE (Prop_fdce_C_Q)         0.337    -1.126 r  i_dmi_jtag/i_dmi_cdc/i_cdc_resp/i_src/data_src_q_reg[data][25]/Q
                         net (fo=1, routed)           0.394    -0.732    i_dmi_jtag/i_dmi_cdc/i_cdc_resp/i_dst/D[25]
    SLICE_X109Y58        FDCE                                         r  i_dmi_jtag/i_dmi_cdc/i_cdc_resp/i_dst/data_dst_q_reg[data][25]/D
  -------------------------------------------------------------------    -------------------

                         (clock tck rise edge)        0.000     0.000 r  
    H15                                               0.000     0.000 r  tck (IN)
                         net (fo=0)                   0.000     0.000    tck
    H15                  IBUF (Prop_ibuf_I_O)         1.500     1.500 r  tck_IBUF_inst/O
                         net (fo=1, routed)           3.659     5.159    tck_IBUF
    BUFGCTRL_X0Y0        BUFG (Prop_bufg_I_O)         0.101     5.260 r  tck_IBUF_BUFG_inst/O
                         net (fo=258, routed)         1.865     7.125    i_dmi_jtag/i_dmi_cdc/i_cdc_resp/i_dst/CLK
    SLICE_X109Y58        FDCE                                         r  i_dmi_jtag/i_dmi_cdc/i_cdc_resp/i_dst/data_dst_q_reg[data][25]/C

Slack:                    inf
  Source:                 i_dmi_jtag/i_dmi_cdc/i_cdc_resp/i_src/data_src_q_reg[data][16]/C
                            (rising edge-triggered cell FDCE clocked by clk_out1_xlnx_clk_gen  {rise@0.000ns fall@12.500ns period=25.000ns})
  Destination:            i_dmi_jtag/i_dmi_cdc/i_cdc_resp/i_dst/data_dst_q_reg[data][16]/D
                            (rising edge-triggered cell FDCE clocked by tck  {rise@0.000ns fall@50.000ns period=100.000ns})
  Path Group:             (none)
  Path Type:              Hold (Min at Slow Process Corner)
  Data Path Delay:        0.736ns  (logic 0.367ns (49.867%)  route 0.369ns (50.133%))
  Logic Levels:           0  
  Clock Path Skew:        8.591ns (DCD - SCD - CPR)
    Destination Clock Delay (DCD):    7.128ns
    Source Clock Delay      (SCD):    -1.462ns
    Clock Pessimism Removal (CPR):    -0.000ns
  Clock Uncertainty:      0.604ns  ((TSJ^2 + TIJ^2 + DJ^2)^1/2) / 2 + PE
    Total System Jitter     (TSJ):    0.071ns
    Total Input Jitter      (TIJ):    1.000ns
    Discrete Jitter          (DJ):    0.149ns
    Phase Error              (PE):    0.097ns
  Timing Exception:       False Path

    Location             Delay type                Incr(ns)  Path(ns)    Netlist Resource(s)
  -------------------------------------------------------------------    -------------------
                         (clock clk_out1_xlnx_clk_gen rise edge)
                                                      0.000     0.000 r  
    K17                                               0.000     0.000 r  clk_sys (IN)
                         net (fo=0)                   0.000     0.000    i_xlnx_clk_gen/inst/clk_in1
    K17                  IBUF (Prop_ibuf_I_O)         1.404     1.404 r  i_xlnx_clk_gen/inst/clkin1_ibufg/O
                         net (fo=1, routed)           1.162     2.566    i_xlnx_clk_gen/inst/clk_in1_xlnx_clk_gen
    MMCME2_ADV_X1Y2      MMCME2_ADV (Prop_mmcme2_adv_CLKIN1_CLKOUT0)
                                                     -7.814    -5.248 r  i_xlnx_clk_gen/inst/mmcm_adv_inst/CLKOUT0
                         net (fo=1, routed)           2.012    -3.236    i_xlnx_clk_gen/inst/clk_out1_xlnx_clk_gen
    BUFGCTRL_X0Y16       BUFG (Prop_bufg_I_O)         0.091    -3.145 r  i_xlnx_clk_gen/inst/clkout1_buf/O
                         net (fo=31820, routed)       1.683    -1.462    i_dmi_jtag/i_dmi_cdc/i_cdc_resp/i_src/clk_out1
    SLICE_X109Y55        FDCE                                         r  i_dmi_jtag/i_dmi_cdc/i_cdc_resp/i_src/data_src_q_reg[data][16]/C
  -------------------------------------------------------------------    -------------------
    SLICE_X109Y55        FDCE (Prop_fdce_C_Q)         0.367    -1.095 r  i_dmi_jtag/i_dmi_cdc/i_cdc_resp/i_src/data_src_q_reg[data][16]/Q
                         net (fo=1, routed)           0.369    -0.726    i_dmi_jtag/i_dmi_cdc/i_cdc_resp/i_dst/D[16]
    SLICE_X111Y55        FDCE                                         r  i_dmi_jtag/i_dmi_cdc/i_cdc_resp/i_dst/data_dst_q_reg[data][16]/D
  -------------------------------------------------------------------    -------------------

                         (clock tck rise edge)        0.000     0.000 r  
    H15                                               0.000     0.000 r  tck (IN)
                         net (fo=0)                   0.000     0.000    tck
    H15                  IBUF (Prop_ibuf_I_O)         1.500     1.500 r  tck_IBUF_inst/O
                         net (fo=1, routed)           3.659     5.159    tck_IBUF
    BUFGCTRL_X0Y0        BUFG (Prop_bufg_I_O)         0.101     5.260 r  tck_IBUF_BUFG_inst/O
                         net (fo=258, routed)         1.868     7.128    i_dmi_jtag/i_dmi_cdc/i_cdc_resp/i_dst/CLK
    SLICE_X111Y55        FDCE                                         r  i_dmi_jtag/i_dmi_cdc/i_cdc_resp/i_dst/data_dst_q_reg[data][16]/C





--------------------------------------------------------------------------------------
Path Group:  (none)
From Clock:  clk_out1_xlnx_clk_gen
  To Clock:  

Max Delay             1 Endpoint
Min Delay             1 Endpoint
--------------------------------------------------------------------------------------


Max Delay Paths
--------------------------------------------------------------------------------------
Slack:                    inf
  Source:                 i_ariane_peripherals/gen_uart.i_apb_uart/SOUT_reg/C
                            (rising edge-triggered cell FDPE clocked by clk_out1_xlnx_clk_gen  {rise@0.000ns fall@12.500ns period=25.000ns})
  Destination:            tx
                            (output port)
  Path Group:             (none)
  Path Type:              Max at Slow Process Corner
  Data Path Delay:        6.370ns  (logic 4.216ns (66.181%)  route 2.154ns (33.819%))
  Logic Levels:           1  (OBUF=1)
  Clock Uncertainty:      0.175ns  ((TSJ^2 + DJ^2)^1/2) / 2 + PE
    Total System Jitter     (TSJ):    0.050ns
    Discrete Jitter          (DJ):    0.149ns
    Phase Error              (PE):    0.097ns

    Location             Delay type                Incr(ns)  Path(ns)    Netlist Resource(s)
  -------------------------------------------------------------------    -------------------
                         (clock clk_out1_xlnx_clk_gen rise edge)
                                                      0.000     0.000 r  
    K17                                               0.000     0.000 r  clk_sys (IN)
                         net (fo=0)                   0.000     0.000    i_xlnx_clk_gen/inst/clk_in1
    K17                  IBUF (Prop_ibuf_I_O)         1.475     1.475 r  i_xlnx_clk_gen/inst/clkin1_ibufg/O
                         net (fo=1, routed)           1.285     2.760    i_xlnx_clk_gen/inst/clk_in1_xlnx_clk_gen
    MMCME2_ADV_X1Y2      MMCME2_ADV (Prop_mmcme2_adv_CLKIN1_CLKOUT0)
                                                     -7.759    -4.999 r  i_xlnx_clk_gen/inst/mmcm_adv_inst/CLKOUT0
                         net (fo=1, routed)           2.206    -2.793    i_xlnx_clk_gen/inst/clk_out1_xlnx_clk_gen
    BUFGCTRL_X0Y16       BUFG (Prop_bufg_I_O)         0.101    -2.692 r  i_xlnx_clk_gen/inst/clkout1_buf/O
                         net (fo=31820, routed)       1.753    -0.939    i_ariane_peripherals/gen_uart.i_apb_uart/clk_out1
    SLICE_X9Y11          FDPE                                         r  i_ariane_peripherals/gen_uart.i_apb_uart/SOUT_reg/C
  -------------------------------------------------------------------    -------------------
    SLICE_X9Y11          FDPE (Prop_fdpe_C_Q)         0.419    -0.520 r  i_ariane_peripherals/gen_uart.i_apb_uart/SOUT_reg/Q
                         net (fo=1, routed)           2.154     1.634    tx_OBUF
    W8                   OBUF (Prop_obuf_I_O)         3.797     5.431 r  tx_OBUF_inst/O
                         net (fo=0)                   0.000     5.431    tx
    W8                                                                r  tx (OUT)
  -------------------------------------------------------------------    -------------------





Min Delay Paths
--------------------------------------------------------------------------------------
Slack:                    inf
  Source:                 i_ariane_peripherals/gen_uart.i_apb_uart/SOUT_reg/C
                            (rising edge-triggered cell FDPE clocked by clk_out1_xlnx_clk_gen  {rise@0.000ns fall@12.500ns period=25.000ns})
  Destination:            tx
                            (output port)
  Path Group:             (none)
  Path Type:              Min at Fast Process Corner
  Data Path Delay:        2.094ns  (logic 1.504ns (71.809%)  route 0.590ns (28.191%))
  Logic Levels:           1  (OBUF=1)
  Clock Uncertainty:      0.175ns  ((TSJ^2 + DJ^2)^1/2) / 2 + PE
    Total System Jitter     (TSJ):    0.050ns
    Discrete Jitter          (DJ):    0.149ns
    Phase Error              (PE):    0.097ns

    Location             Delay type                Incr(ns)  Path(ns)    Netlist Resource(s)
  -------------------------------------------------------------------    -------------------
                         (clock clk_out1_xlnx_clk_gen rise edge)
                                                      0.000     0.000 r  
    K17                                               0.000     0.000 r  clk_sys (IN)
                         net (fo=0)                   0.000     0.000    i_xlnx_clk_gen/inst/clk_in1
    K17                  IBUF (Prop_ibuf_I_O)         0.243     0.243 r  i_xlnx_clk_gen/inst/clkin1_ibufg/O
                         net (fo=1, routed)           0.440     0.683    i_xlnx_clk_gen/inst/clk_in1_xlnx_clk_gen
    MMCME2_ADV_X1Y2      MMCME2_ADV (Prop_mmcme2_adv_CLKIN1_CLKOUT0)
                                                     -2.613    -1.930 r  i_xlnx_clk_gen/inst/mmcm_adv_inst/CLKOUT0
                         net (fo=1, routed)           0.696    -1.233    i_xlnx_clk_gen/inst/clk_out1_xlnx_clk_gen
    BUFGCTRL_X0Y16       BUFG (Prop_bufg_I_O)         0.026    -1.207 r  i_xlnx_clk_gen/inst/clkout1_buf/O
                         net (fo=31820, routed)       0.594    -0.614    i_ariane_peripherals/gen_uart.i_apb_uart/clk_out1
    SLICE_X9Y11          FDPE                                         r  i_ariane_peripherals/gen_uart.i_apb_uart/SOUT_reg/C
  -------------------------------------------------------------------    -------------------
    SLICE_X9Y11          FDPE (Prop_fdpe_C_Q)         0.128    -0.486 r  i_ariane_peripherals/gen_uart.i_apb_uart/SOUT_reg/Q
                         net (fo=1, routed)           0.590     0.105    tx_OBUF
    W8                   OBUF (Prop_obuf_I_O)         1.376     1.481 r  tx_OBUF_inst/O
                         net (fo=0)                   0.000     1.481    tx
    W8                                                                r  tx (OUT)
  -------------------------------------------------------------------    -------------------





--------------------------------------------------------------------------------------
Path Group:  (none)
From Clock:  clkfbout_xlnx_clk_gen
  To Clock:  

Max Delay             1 Endpoint
Min Delay             1 Endpoint
--------------------------------------------------------------------------------------


Max Delay Paths
--------------------------------------------------------------------------------------
Slack:                    inf
  Source:                 i_xlnx_clk_gen/inst/mmcm_adv_inst/CLKFBOUT
                            (clock source 'clkfbout_xlnx_clk_gen'  {rise@0.000ns fall@4.000ns period=8.000ns})
  Destination:            i_xlnx_clk_gen/inst/mmcm_adv_inst/CLKFBIN
  Path Group:             (none)
  Path Type:              Max at Slow Process Corner
  Data Path Delay:        4.287ns  (logic 0.101ns (2.356%)  route 4.186ns (97.644%))
  Logic Levels:           1  (BUFG=1)
  Clock Uncertainty:      0.144ns  ((TSJ^2 + DJ^2)^1/2) / 2 + PE
    Total System Jitter     (TSJ):    0.050ns
    Discrete Jitter          (DJ):    0.080ns
    Phase Error              (PE):    0.097ns

    Location             Delay type                Incr(ns)  Path(ns)    Netlist Resource(s)
  -------------------------------------------------------------------    -------------------
                         (clock clkfbout_xlnx_clk_gen fall edge)
                                                      4.000     4.000 f  
    K17                                               0.000     4.000 f  clk_sys (IN)
                         net (fo=0)                   0.000     4.000    i_xlnx_clk_gen/inst/clk_in1
    K17                  IBUF (Prop_ibuf_I_O)         1.475     5.475 f  i_xlnx_clk_gen/inst/clkin1_ibufg/O
                         net (fo=1, routed)           1.285     6.760    i_xlnx_clk_gen/inst/clk_in1_xlnx_clk_gen
  -------------------------------------------------------------------    -------------------
    MMCME2_ADV_X1Y2      MMCME2_ADV (Prop_mmcme2_adv_CLKIN1_CLKFBOUT)
                                                     -7.759    -0.999 f  i_xlnx_clk_gen/inst/mmcm_adv_inst/CLKFBOUT
                         net (fo=1, routed)           2.206     1.207    i_xlnx_clk_gen/inst/clkfbout_xlnx_clk_gen
    BUFGCTRL_X0Y17       BUFG (Prop_bufg_I_O)         0.101     1.308 f  i_xlnx_clk_gen/inst/clkf_buf/O
                         net (fo=1, routed)           1.980     3.288    i_xlnx_clk_gen/inst/clkfbout_buf_xlnx_clk_gen
    MMCME2_ADV_X1Y2      MMCME2_ADV                                   f  i_xlnx_clk_gen/inst/mmcm_adv_inst/CLKFBIN
  -------------------------------------------------------------------    -------------------





Min Delay Paths
--------------------------------------------------------------------------------------
Slack:                    inf
  Source:                 i_xlnx_clk_gen/inst/mmcm_adv_inst/CLKFBOUT
                            (clock source 'clkfbout_xlnx_clk_gen'  {rise@0.000ns fall@4.000ns period=8.000ns})
  Destination:            i_xlnx_clk_gen/inst/mmcm_adv_inst/CLKFBIN
  Path Group:             (none)
  Path Type:              Min at Slow Process Corner
  Data Path Delay:        3.873ns  (logic 0.091ns (2.349%)  route 3.782ns (97.651%))
  Logic Levels:           1  (BUFG=1)
  Clock Uncertainty:      0.144ns  ((TSJ^2 + DJ^2)^1/2) / 2 + PE
    Total System Jitter     (TSJ):    0.050ns
    Discrete Jitter          (DJ):    0.080ns
    Phase Error              (PE):    0.097ns

    Location             Delay type                Incr(ns)  Path(ns)    Netlist Resource(s)
  -------------------------------------------------------------------    -------------------
                         (clock clkfbout_xlnx_clk_gen rise edge)
                                                      0.000     0.000 r  
    K17                                               0.000     0.000 r  clk_sys (IN)
                         net (fo=0)                   0.000     0.000    i_xlnx_clk_gen/inst/clk_in1
    K17                  IBUF (Prop_ibuf_I_O)         1.404     1.404 r  i_xlnx_clk_gen/inst/clkin1_ibufg/O
                         net (fo=1, routed)           1.162     2.566    i_xlnx_clk_gen/inst/clk_in1_xlnx_clk_gen
  -------------------------------------------------------------------    -------------------
    MMCME2_ADV_X1Y2      MMCME2_ADV (Prop_mmcme2_adv_CLKIN1_CLKFBOUT)
                                                     -7.814    -5.248 r  i_xlnx_clk_gen/inst/mmcm_adv_inst/CLKFBOUT
                         net (fo=1, routed)           2.012    -3.236    i_xlnx_clk_gen/inst/clkfbout_xlnx_clk_gen
    BUFGCTRL_X0Y17       BUFG (Prop_bufg_I_O)         0.091    -3.145 r  i_xlnx_clk_gen/inst/clkf_buf/O
                         net (fo=1, routed)           1.770    -1.375    i_xlnx_clk_gen/inst/clkfbout_buf_xlnx_clk_gen
    MMCME2_ADV_X1Y2      MMCME2_ADV                                   r  i_xlnx_clk_gen/inst/mmcm_adv_inst/CLKFBIN
  -------------------------------------------------------------------    -------------------





--------------------------------------------------------------------------------------
Path Group:  (none)
From Clock:  
  To Clock:  clk_out1_xlnx_clk_gen

Max Delay           843 Endpoints
Min Delay           843 Endpoints
--------------------------------------------------------------------------------------


Max Delay Paths
--------------------------------------------------------------------------------------
Slack:                    inf
  Source:                 cpu_reset
                            (input port)
  Destination:            i_dm_axi2mem/ax_req_q_reg[len][0]/CLR
                            (recovery check against rising-edge clock clk_out1_xlnx_clk_gen  {rise@0.000ns fall@12.500ns period=25.000ns})
  Path Group:             (none)
  Path Type:              Recovery (Max at Slow Process Corner)
  Data Path Delay:        11.861ns  (logic 1.569ns (13.230%)  route 10.292ns (86.770%))
  Logic Levels:           1  (IBUF=1)
  Clock Path Skew:        -1.455ns (DCD - SCD + CPR)
    Destination Clock Delay (DCD):    -1.455ns
    Source Clock Delay      (SCD):    0.000ns
    Clock Pessimism Removal (CPR):    0.000ns
  Clock Uncertainty:      0.175ns  ((TSJ^2 + DJ^2)^1/2) / 2 + PE
    Total System Jitter     (TSJ):    0.050ns
    Discrete Jitter          (DJ):    0.149ns
    Phase Error              (PE):    0.097ns

    Location             Delay type                Incr(ns)  Path(ns)    Netlist Resource(s)
  -------------------------------------------------------------------    -------------------
    Y16                                               0.000     0.000 f  cpu_reset (IN)
                         net (fo=0)                   0.000     0.000    cpu_reset
    Y16                  IBUF (Prop_ibuf_I_O)         1.569     1.569 f  cpu_reset_IBUF_inst/O
                         net (fo=839, routed)        10.292    11.861    i_dm_axi2mem/cpu_reset_IBUF
    SLICE_X109Y18        FDCE                                         f  i_dm_axi2mem/ax_req_q_reg[len][0]/CLR
  -------------------------------------------------------------------    -------------------

                         (clock clk_out1_xlnx_clk_gen rise edge)
                                                      0.000     0.000 r  
    K17                                               0.000     0.000 r  clk_sys (IN)
                         net (fo=0)                   0.000     0.000    i_xlnx_clk_gen/inst/clk_in1
    K17                  IBUF (Prop_ibuf_I_O)         1.404     1.404 r  i_xlnx_clk_gen/inst/clkin1_ibufg/O
                         net (fo=1, routed)           1.162     2.566    i_xlnx_clk_gen/inst/clk_in1_xlnx_clk_gen
    MMCME2_ADV_X1Y2      MMCME2_ADV (Prop_mmcme2_adv_CLKIN1_CLKOUT0)
                                                     -7.814    -5.248 r  i_xlnx_clk_gen/inst/mmcm_adv_inst/CLKOUT0
                         net (fo=1, routed)           2.012    -3.236    i_xlnx_clk_gen/inst/clk_out1_xlnx_clk_gen
    BUFGCTRL_X0Y16       BUFG (Prop_bufg_I_O)         0.091    -3.145 r  i_xlnx_clk_gen/inst/clkout1_buf/O
                         net (fo=31820, routed)       1.690    -1.455    i_dm_axi2mem/clk_out1
    SLICE_X109Y18        FDCE                                         r  i_dm_axi2mem/ax_req_q_reg[len][0]/C

Slack:                    inf
  Source:                 cpu_reset
                            (input port)
  Destination:            i_dm_axi2mem/ax_req_q_reg[len][1]/CLR
                            (recovery check against rising-edge clock clk_out1_xlnx_clk_gen  {rise@0.000ns fall@12.500ns period=25.000ns})
  Path Group:             (none)
  Path Type:              Recovery (Max at Slow Process Corner)
  Data Path Delay:        11.861ns  (logic 1.569ns (13.230%)  route 10.292ns (86.770%))
  Logic Levels:           1  (IBUF=1)
  Clock Path Skew:        -1.455ns (DCD - SCD + CPR)
    Destination Clock Delay (DCD):    -1.455ns
    Source Clock Delay      (SCD):    0.000ns
    Clock Pessimism Removal (CPR):    0.000ns
  Clock Uncertainty:      0.175ns  ((TSJ^2 + DJ^2)^1/2) / 2 + PE
    Total System Jitter     (TSJ):    0.050ns
    Discrete Jitter          (DJ):    0.149ns
    Phase Error              (PE):    0.097ns

    Location             Delay type                Incr(ns)  Path(ns)    Netlist Resource(s)
  -------------------------------------------------------------------    -------------------
    Y16                                               0.000     0.000 f  cpu_reset (IN)
                         net (fo=0)                   0.000     0.000    cpu_reset
    Y16                  IBUF (Prop_ibuf_I_O)         1.569     1.569 f  cpu_reset_IBUF_inst/O
                         net (fo=839, routed)        10.292    11.861    i_dm_axi2mem/cpu_reset_IBUF
    SLICE_X109Y18        FDCE                                         f  i_dm_axi2mem/ax_req_q_reg[len][1]/CLR
  -------------------------------------------------------------------    -------------------

                         (clock clk_out1_xlnx_clk_gen rise edge)
                                                      0.000     0.000 r  
    K17                                               0.000     0.000 r  clk_sys (IN)
                         net (fo=0)                   0.000     0.000    i_xlnx_clk_gen/inst/clk_in1
    K17                  IBUF (Prop_ibuf_I_O)         1.404     1.404 r  i_xlnx_clk_gen/inst/clkin1_ibufg/O
                         net (fo=1, routed)           1.162     2.566    i_xlnx_clk_gen/inst/clk_in1_xlnx_clk_gen
    MMCME2_ADV_X1Y2      MMCME2_ADV (Prop_mmcme2_adv_CLKIN1_CLKOUT0)
                                                     -7.814    -5.248 r  i_xlnx_clk_gen/inst/mmcm_adv_inst/CLKOUT0
                         net (fo=1, routed)           2.012    -3.236    i_xlnx_clk_gen/inst/clk_out1_xlnx_clk_gen
    BUFGCTRL_X0Y16       BUFG (Prop_bufg_I_O)         0.091    -3.145 r  i_xlnx_clk_gen/inst/clkout1_buf/O
                         net (fo=31820, routed)       1.690    -1.455    i_dm_axi2mem/clk_out1
    SLICE_X109Y18        FDCE                                         r  i_dm_axi2mem/ax_req_q_reg[len][1]/C

Slack:                    inf
  Source:                 cpu_reset
                            (input port)
  Destination:            i_dm_axi2mem/ax_req_q_reg[len][2]/CLR
                            (recovery check against rising-edge clock clk_out1_xlnx_clk_gen  {rise@0.000ns fall@12.500ns period=25.000ns})
  Path Group:             (none)
  Path Type:              Recovery (Max at Slow Process Corner)
  Data Path Delay:        11.861ns  (logic 1.569ns (13.230%)  route 10.292ns (86.770%))
  Logic Levels:           1  (IBUF=1)
  Clock Path Skew:        -1.455ns (DCD - SCD + CPR)
    Destination Clock Delay (DCD):    -1.455ns
    Source Clock Delay      (SCD):    0.000ns
    Clock Pessimism Removal (CPR):    0.000ns
  Clock Uncertainty:      0.175ns  ((TSJ^2 + DJ^2)^1/2) / 2 + PE
    Total System Jitter     (TSJ):    0.050ns
    Discrete Jitter          (DJ):    0.149ns
    Phase Error              (PE):    0.097ns

    Location             Delay type                Incr(ns)  Path(ns)    Netlist Resource(s)
  -------------------------------------------------------------------    -------------------
    Y16                                               0.000     0.000 f  cpu_reset (IN)
                         net (fo=0)                   0.000     0.000    cpu_reset
    Y16                  IBUF (Prop_ibuf_I_O)         1.569     1.569 f  cpu_reset_IBUF_inst/O
                         net (fo=839, routed)        10.292    11.861    i_dm_axi2mem/cpu_reset_IBUF
    SLICE_X109Y18        FDCE                                         f  i_dm_axi2mem/ax_req_q_reg[len][2]/CLR
  -------------------------------------------------------------------    -------------------

                         (clock clk_out1_xlnx_clk_gen rise edge)
                                                      0.000     0.000 r  
    K17                                               0.000     0.000 r  clk_sys (IN)
                         net (fo=0)                   0.000     0.000    i_xlnx_clk_gen/inst/clk_in1
    K17                  IBUF (Prop_ibuf_I_O)         1.404     1.404 r  i_xlnx_clk_gen/inst/clkin1_ibufg/O
                         net (fo=1, routed)           1.162     2.566    i_xlnx_clk_gen/inst/clk_in1_xlnx_clk_gen
    MMCME2_ADV_X1Y2      MMCME2_ADV (Prop_mmcme2_adv_CLKIN1_CLKOUT0)
                                                     -7.814    -5.248 r  i_xlnx_clk_gen/inst/mmcm_adv_inst/CLKOUT0
                         net (fo=1, routed)           2.012    -3.236    i_xlnx_clk_gen/inst/clk_out1_xlnx_clk_gen
    BUFGCTRL_X0Y16       BUFG (Prop_bufg_I_O)         0.091    -3.145 r  i_xlnx_clk_gen/inst/clkout1_buf/O
                         net (fo=31820, routed)       1.690    -1.455    i_dm_axi2mem/clk_out1
    SLICE_X109Y18        FDCE                                         r  i_dm_axi2mem/ax_req_q_reg[len][2]/C

Slack:                    inf
  Source:                 cpu_reset
                            (input port)
  Destination:            i_dm_axi2mem/ax_req_q_reg[len][3]/CLR
                            (recovery check against rising-edge clock clk_out1_xlnx_clk_gen  {rise@0.000ns fall@12.500ns period=25.000ns})
  Path Group:             (none)
  Path Type:              Recovery (Max at Slow Process Corner)
  Data Path Delay:        11.861ns  (logic 1.569ns (13.230%)  route 10.292ns (86.770%))
  Logic Levels:           1  (IBUF=1)
  Clock Path Skew:        -1.455ns (DCD - SCD + CPR)
    Destination Clock Delay (DCD):    -1.455ns
    Source Clock Delay      (SCD):    0.000ns
    Clock Pessimism Removal (CPR):    0.000ns
  Clock Uncertainty:      0.175ns  ((TSJ^2 + DJ^2)^1/2) / 2 + PE
    Total System Jitter     (TSJ):    0.050ns
    Discrete Jitter          (DJ):    0.149ns
    Phase Error              (PE):    0.097ns

    Location             Delay type                Incr(ns)  Path(ns)    Netlist Resource(s)
  -------------------------------------------------------------------    -------------------
    Y16                                               0.000     0.000 f  cpu_reset (IN)
                         net (fo=0)                   0.000     0.000    cpu_reset
    Y16                  IBUF (Prop_ibuf_I_O)         1.569     1.569 f  cpu_reset_IBUF_inst/O
                         net (fo=839, routed)        10.292    11.861    i_dm_axi2mem/cpu_reset_IBUF
    SLICE_X109Y18        FDCE                                         f  i_dm_axi2mem/ax_req_q_reg[len][3]/CLR
  -------------------------------------------------------------------    -------------------

                         (clock clk_out1_xlnx_clk_gen rise edge)
                                                      0.000     0.000 r  
    K17                                               0.000     0.000 r  clk_sys (IN)
                         net (fo=0)                   0.000     0.000    i_xlnx_clk_gen/inst/clk_in1
    K17                  IBUF (Prop_ibuf_I_O)         1.404     1.404 r  i_xlnx_clk_gen/inst/clkin1_ibufg/O
                         net (fo=1, routed)           1.162     2.566    i_xlnx_clk_gen/inst/clk_in1_xlnx_clk_gen
    MMCME2_ADV_X1Y2      MMCME2_ADV (Prop_mmcme2_adv_CLKIN1_CLKOUT0)
                                                     -7.814    -5.248 r  i_xlnx_clk_gen/inst/mmcm_adv_inst/CLKOUT0
                         net (fo=1, routed)           2.012    -3.236    i_xlnx_clk_gen/inst/clk_out1_xlnx_clk_gen
    BUFGCTRL_X0Y16       BUFG (Prop_bufg_I_O)         0.091    -3.145 r  i_xlnx_clk_gen/inst/clkout1_buf/O
                         net (fo=31820, routed)       1.690    -1.455    i_dm_axi2mem/clk_out1
    SLICE_X109Y18        FDCE                                         r  i_dm_axi2mem/ax_req_q_reg[len][3]/C

Slack:                    inf
  Source:                 cpu_reset
                            (input port)
  Destination:            i_dm_axi2mem/ax_req_q_reg[len][4]/CLR
                            (recovery check against rising-edge clock clk_out1_xlnx_clk_gen  {rise@0.000ns fall@12.500ns period=25.000ns})
  Path Group:             (none)
  Path Type:              Recovery (Max at Slow Process Corner)
  Data Path Delay:        11.861ns  (logic 1.569ns (13.230%)  route 10.292ns (86.770%))
  Logic Levels:           1  (IBUF=1)
  Clock Path Skew:        -1.455ns (DCD - SCD + CPR)
    Destination Clock Delay (DCD):    -1.455ns
    Source Clock Delay      (SCD):    0.000ns
    Clock Pessimism Removal (CPR):    0.000ns
  Clock Uncertainty:      0.175ns  ((TSJ^2 + DJ^2)^1/2) / 2 + PE
    Total System Jitter     (TSJ):    0.050ns
    Discrete Jitter          (DJ):    0.149ns
    Phase Error              (PE):    0.097ns

    Location             Delay type                Incr(ns)  Path(ns)    Netlist Resource(s)
  -------------------------------------------------------------------    -------------------
    Y16                                               0.000     0.000 f  cpu_reset (IN)
                         net (fo=0)                   0.000     0.000    cpu_reset
    Y16                  IBUF (Prop_ibuf_I_O)         1.569     1.569 f  cpu_reset_IBUF_inst/O
                         net (fo=839, routed)        10.292    11.861    i_dm_axi2mem/cpu_reset_IBUF
    SLICE_X109Y18        FDCE                                         f  i_dm_axi2mem/ax_req_q_reg[len][4]/CLR
  -------------------------------------------------------------------    -------------------

                         (clock clk_out1_xlnx_clk_gen rise edge)
                                                      0.000     0.000 r  
    K17                                               0.000     0.000 r  clk_sys (IN)
                         net (fo=0)                   0.000     0.000    i_xlnx_clk_gen/inst/clk_in1
    K17                  IBUF (Prop_ibuf_I_O)         1.404     1.404 r  i_xlnx_clk_gen/inst/clkin1_ibufg/O
                         net (fo=1, routed)           1.162     2.566    i_xlnx_clk_gen/inst/clk_in1_xlnx_clk_gen
    MMCME2_ADV_X1Y2      MMCME2_ADV (Prop_mmcme2_adv_CLKIN1_CLKOUT0)
                                                     -7.814    -5.248 r  i_xlnx_clk_gen/inst/mmcm_adv_inst/CLKOUT0
                         net (fo=1, routed)           2.012    -3.236    i_xlnx_clk_gen/inst/clk_out1_xlnx_clk_gen
    BUFGCTRL_X0Y16       BUFG (Prop_bufg_I_O)         0.091    -3.145 r  i_xlnx_clk_gen/inst/clkout1_buf/O
                         net (fo=31820, routed)       1.690    -1.455    i_dm_axi2mem/clk_out1
    SLICE_X109Y18        FDCE                                         r  i_dm_axi2mem/ax_req_q_reg[len][4]/C

Slack:                    inf
  Source:                 cpu_reset
                            (input port)
  Destination:            i_dm_axi2mem/ax_req_q_reg[len][5]/CLR
                            (recovery check against rising-edge clock clk_out1_xlnx_clk_gen  {rise@0.000ns fall@12.500ns period=25.000ns})
  Path Group:             (none)
  Path Type:              Recovery (Max at Slow Process Corner)
  Data Path Delay:        11.861ns  (logic 1.569ns (13.230%)  route 10.292ns (86.770%))
  Logic Levels:           1  (IBUF=1)
  Clock Path Skew:        -1.455ns (DCD - SCD + CPR)
    Destination Clock Delay (DCD):    -1.455ns
    Source Clock Delay      (SCD):    0.000ns
    Clock Pessimism Removal (CPR):    0.000ns
  Clock Uncertainty:      0.175ns  ((TSJ^2 + DJ^2)^1/2) / 2 + PE
    Total System Jitter     (TSJ):    0.050ns
    Discrete Jitter          (DJ):    0.149ns
    Phase Error              (PE):    0.097ns

    Location             Delay type                Incr(ns)  Path(ns)    Netlist Resource(s)
  -------------------------------------------------------------------    -------------------
    Y16                                               0.000     0.000 f  cpu_reset (IN)
                         net (fo=0)                   0.000     0.000    cpu_reset
    Y16                  IBUF (Prop_ibuf_I_O)         1.569     1.569 f  cpu_reset_IBUF_inst/O
                         net (fo=839, routed)        10.292    11.861    i_dm_axi2mem/cpu_reset_IBUF
    SLICE_X109Y18        FDCE                                         f  i_dm_axi2mem/ax_req_q_reg[len][5]/CLR
  -------------------------------------------------------------------    -------------------

                         (clock clk_out1_xlnx_clk_gen rise edge)
                                                      0.000     0.000 r  
    K17                                               0.000     0.000 r  clk_sys (IN)
                         net (fo=0)                   0.000     0.000    i_xlnx_clk_gen/inst/clk_in1
    K17                  IBUF (Prop_ibuf_I_O)         1.404     1.404 r  i_xlnx_clk_gen/inst/clkin1_ibufg/O
                         net (fo=1, routed)           1.162     2.566    i_xlnx_clk_gen/inst/clk_in1_xlnx_clk_gen
    MMCME2_ADV_X1Y2      MMCME2_ADV (Prop_mmcme2_adv_CLKIN1_CLKOUT0)
                                                     -7.814    -5.248 r  i_xlnx_clk_gen/inst/mmcm_adv_inst/CLKOUT0
                         net (fo=1, routed)           2.012    -3.236    i_xlnx_clk_gen/inst/clk_out1_xlnx_clk_gen
    BUFGCTRL_X0Y16       BUFG (Prop_bufg_I_O)         0.091    -3.145 r  i_xlnx_clk_gen/inst/clkout1_buf/O
                         net (fo=31820, routed)       1.690    -1.455    i_dm_axi2mem/clk_out1
    SLICE_X109Y18        FDCE                                         r  i_dm_axi2mem/ax_req_q_reg[len][5]/C

Slack:                    inf
  Source:                 cpu_reset
                            (input port)
  Destination:            i_dm_axi2mem/req_addr_q_reg[0]/CLR
                            (recovery check against rising-edge clock clk_out1_xlnx_clk_gen  {rise@0.000ns fall@12.500ns period=25.000ns})
  Path Group:             (none)
  Path Type:              Recovery (Max at Slow Process Corner)
  Data Path Delay:        11.763ns  (logic 1.569ns (13.340%)  route 10.194ns (86.660%))
  Logic Levels:           1  (IBUF=1)
  Clock Path Skew:        -1.459ns (DCD - SCD + CPR)
    Destination Clock Delay (DCD):    -1.459ns
    Source Clock Delay      (SCD):    0.000ns
    Clock Pessimism Removal (CPR):    0.000ns
  Clock Uncertainty:      0.175ns  ((TSJ^2 + DJ^2)^1/2) / 2 + PE
    Total System Jitter     (TSJ):    0.050ns
    Discrete Jitter          (DJ):    0.149ns
    Phase Error              (PE):    0.097ns

    Location             Delay type                Incr(ns)  Path(ns)    Netlist Resource(s)
  -------------------------------------------------------------------    -------------------
    Y16                                               0.000     0.000 f  cpu_reset (IN)
                         net (fo=0)                   0.000     0.000    cpu_reset
    Y16                  IBUF (Prop_ibuf_I_O)         1.569     1.569 f  cpu_reset_IBUF_inst/O
                         net (fo=839, routed)        10.194    11.763    i_dm_axi2mem/cpu_reset_IBUF
    SLICE_X107Y22        FDCE                                         f  i_dm_axi2mem/req_addr_q_reg[0]/CLR
  -------------------------------------------------------------------    -------------------

                         (clock clk_out1_xlnx_clk_gen rise edge)
                                                      0.000     0.000 r  
    K17                                               0.000     0.000 r  clk_sys (IN)
                         net (fo=0)                   0.000     0.000    i_xlnx_clk_gen/inst/clk_in1
    K17                  IBUF (Prop_ibuf_I_O)         1.404     1.404 r  i_xlnx_clk_gen/inst/clkin1_ibufg/O
                         net (fo=1, routed)           1.162     2.566    i_xlnx_clk_gen/inst/clk_in1_xlnx_clk_gen
    MMCME2_ADV_X1Y2      MMCME2_ADV (Prop_mmcme2_adv_CLKIN1_CLKOUT0)
                                                     -7.814    -5.248 r  i_xlnx_clk_gen/inst/mmcm_adv_inst/CLKOUT0
                         net (fo=1, routed)           2.012    -3.236    i_xlnx_clk_gen/inst/clk_out1_xlnx_clk_gen
    BUFGCTRL_X0Y16       BUFG (Prop_bufg_I_O)         0.091    -3.145 r  i_xlnx_clk_gen/inst/clkout1_buf/O
                         net (fo=31820, routed)       1.686    -1.459    i_dm_axi2mem/clk_out1
    SLICE_X107Y22        FDCE                                         r  i_dm_axi2mem/req_addr_q_reg[0]/C

Slack:                    inf
  Source:                 cpu_reset
                            (input port)
  Destination:            i_dm_axi2mem/req_addr_q_reg[1]/CLR
                            (recovery check against rising-edge clock clk_out1_xlnx_clk_gen  {rise@0.000ns fall@12.500ns period=25.000ns})
  Path Group:             (none)
  Path Type:              Recovery (Max at Slow Process Corner)
  Data Path Delay:        11.763ns  (logic 1.569ns (13.340%)  route 10.194ns (86.660%))
  Logic Levels:           1  (IBUF=1)
  Clock Path Skew:        -1.459ns (DCD - SCD + CPR)
    Destination Clock Delay (DCD):    -1.459ns
    Source Clock Delay      (SCD):    0.000ns
    Clock Pessimism Removal (CPR):    0.000ns
  Clock Uncertainty:      0.175ns  ((TSJ^2 + DJ^2)^1/2) / 2 + PE
    Total System Jitter     (TSJ):    0.050ns
    Discrete Jitter          (DJ):    0.149ns
    Phase Error              (PE):    0.097ns

    Location             Delay type                Incr(ns)  Path(ns)    Netlist Resource(s)
  -------------------------------------------------------------------    -------------------
    Y16                                               0.000     0.000 f  cpu_reset (IN)
                         net (fo=0)                   0.000     0.000    cpu_reset
    Y16                  IBUF (Prop_ibuf_I_O)         1.569     1.569 f  cpu_reset_IBUF_inst/O
                         net (fo=839, routed)        10.194    11.763    i_dm_axi2mem/cpu_reset_IBUF
    SLICE_X107Y22        FDCE                                         f  i_dm_axi2mem/req_addr_q_reg[1]/CLR
  -------------------------------------------------------------------    -------------------

                         (clock clk_out1_xlnx_clk_gen rise edge)
                                                      0.000     0.000 r  
    K17                                               0.000     0.000 r  clk_sys (IN)
                         net (fo=0)                   0.000     0.000    i_xlnx_clk_gen/inst/clk_in1
    K17                  IBUF (Prop_ibuf_I_O)         1.404     1.404 r  i_xlnx_clk_gen/inst/clkin1_ibufg/O
                         net (fo=1, routed)           1.162     2.566    i_xlnx_clk_gen/inst/clk_in1_xlnx_clk_gen
    MMCME2_ADV_X1Y2      MMCME2_ADV (Prop_mmcme2_adv_CLKIN1_CLKOUT0)
                                                     -7.814    -5.248 r  i_xlnx_clk_gen/inst/mmcm_adv_inst/CLKOUT0
                         net (fo=1, routed)           2.012    -3.236    i_xlnx_clk_gen/inst/clk_out1_xlnx_clk_gen
    BUFGCTRL_X0Y16       BUFG (Prop_bufg_I_O)         0.091    -3.145 r  i_xlnx_clk_gen/inst/clkout1_buf/O
                         net (fo=31820, routed)       1.686    -1.459    i_dm_axi2mem/clk_out1
    SLICE_X107Y22        FDCE                                         r  i_dm_axi2mem/req_addr_q_reg[1]/C

Slack:                    inf
  Source:                 cpu_reset
                            (input port)
  Destination:            i_dm_axi2mem/req_addr_q_reg[6]/CLR
                            (recovery check against rising-edge clock clk_out1_xlnx_clk_gen  {rise@0.000ns fall@12.500ns period=25.000ns})
  Path Group:             (none)
  Path Type:              Recovery (Max at Slow Process Corner)
  Data Path Delay:        11.763ns  (logic 1.569ns (13.340%)  route 10.194ns (86.660%))
  Logic Levels:           1  (IBUF=1)
  Clock Path Skew:        -1.459ns (DCD - SCD + CPR)
    Destination Clock Delay (DCD):    -1.459ns
    Source Clock Delay      (SCD):    0.000ns
    Clock Pessimism Removal (CPR):    0.000ns
  Clock Uncertainty:      0.175ns  ((TSJ^2 + DJ^2)^1/2) / 2 + PE
    Total System Jitter     (TSJ):    0.050ns
    Discrete Jitter          (DJ):    0.149ns
    Phase Error              (PE):    0.097ns

    Location             Delay type                Incr(ns)  Path(ns)    Netlist Resource(s)
  -------------------------------------------------------------------    -------------------
    Y16                                               0.000     0.000 f  cpu_reset (IN)
                         net (fo=0)                   0.000     0.000    cpu_reset
    Y16                  IBUF (Prop_ibuf_I_O)         1.569     1.569 f  cpu_reset_IBUF_inst/O
                         net (fo=839, routed)        10.194    11.763    i_dm_axi2mem/cpu_reset_IBUF
    SLICE_X107Y22        FDCE                                         f  i_dm_axi2mem/req_addr_q_reg[6]/CLR
  -------------------------------------------------------------------    -------------------

                         (clock clk_out1_xlnx_clk_gen rise edge)
                                                      0.000     0.000 r  
    K17                                               0.000     0.000 r  clk_sys (IN)
                         net (fo=0)                   0.000     0.000    i_xlnx_clk_gen/inst/clk_in1
    K17                  IBUF (Prop_ibuf_I_O)         1.404     1.404 r  i_xlnx_clk_gen/inst/clkin1_ibufg/O
                         net (fo=1, routed)           1.162     2.566    i_xlnx_clk_gen/inst/clk_in1_xlnx_clk_gen
    MMCME2_ADV_X1Y2      MMCME2_ADV (Prop_mmcme2_adv_CLKIN1_CLKOUT0)
                                                     -7.814    -5.248 r  i_xlnx_clk_gen/inst/mmcm_adv_inst/CLKOUT0
                         net (fo=1, routed)           2.012    -3.236    i_xlnx_clk_gen/inst/clk_out1_xlnx_clk_gen
    BUFGCTRL_X0Y16       BUFG (Prop_bufg_I_O)         0.091    -3.145 r  i_xlnx_clk_gen/inst/clkout1_buf/O
                         net (fo=31820, routed)       1.686    -1.459    i_dm_axi2mem/clk_out1
    SLICE_X107Y22        FDCE                                         r  i_dm_axi2mem/req_addr_q_reg[6]/C

Slack:                    inf
  Source:                 cpu_reset
                            (input port)
  Destination:            i_dm_axi2mem/req_addr_q_reg[9]/CLR
                            (recovery check against rising-edge clock clk_out1_xlnx_clk_gen  {rise@0.000ns fall@12.500ns period=25.000ns})
  Path Group:             (none)
  Path Type:              Recovery (Max at Slow Process Corner)
  Data Path Delay:        11.763ns  (logic 1.569ns (13.340%)  route 10.194ns (86.660%))
  Logic Levels:           1  (IBUF=1)
  Clock Path Skew:        -1.459ns (DCD - SCD + CPR)
    Destination Clock Delay (DCD):    -1.459ns
    Source Clock Delay      (SCD):    0.000ns
    Clock Pessimism Removal (CPR):    0.000ns
  Clock Uncertainty:      0.175ns  ((TSJ^2 + DJ^2)^1/2) / 2 + PE
    Total System Jitter     (TSJ):    0.050ns
    Discrete Jitter          (DJ):    0.149ns
    Phase Error              (PE):    0.097ns

    Location             Delay type                Incr(ns)  Path(ns)    Netlist Resource(s)
  -------------------------------------------------------------------    -------------------
    Y16                                               0.000     0.000 f  cpu_reset (IN)
                         net (fo=0)                   0.000     0.000    cpu_reset
    Y16                  IBUF (Prop_ibuf_I_O)         1.569     1.569 f  cpu_reset_IBUF_inst/O
                         net (fo=839, routed)        10.194    11.763    i_dm_axi2mem/cpu_reset_IBUF
    SLICE_X107Y22        FDCE                                         f  i_dm_axi2mem/req_addr_q_reg[9]/CLR
  -------------------------------------------------------------------    -------------------

                         (clock clk_out1_xlnx_clk_gen rise edge)
                                                      0.000     0.000 r  
    K17                                               0.000     0.000 r  clk_sys (IN)
                         net (fo=0)                   0.000     0.000    i_xlnx_clk_gen/inst/clk_in1
    K17                  IBUF (Prop_ibuf_I_O)         1.404     1.404 r  i_xlnx_clk_gen/inst/clkin1_ibufg/O
                         net (fo=1, routed)           1.162     2.566    i_xlnx_clk_gen/inst/clk_in1_xlnx_clk_gen
    MMCME2_ADV_X1Y2      MMCME2_ADV (Prop_mmcme2_adv_CLKIN1_CLKOUT0)
                                                     -7.814    -5.248 r  i_xlnx_clk_gen/inst/mmcm_adv_inst/CLKOUT0
                         net (fo=1, routed)           2.012    -3.236    i_xlnx_clk_gen/inst/clk_out1_xlnx_clk_gen
    BUFGCTRL_X0Y16       BUFG (Prop_bufg_I_O)         0.091    -3.145 r  i_xlnx_clk_gen/inst/clkout1_buf/O
                         net (fo=31820, routed)       1.686    -1.459    i_dm_axi2mem/clk_out1
    SLICE_X107Y22        FDCE                                         r  i_dm_axi2mem/req_addr_q_reg[9]/C





Min Delay Paths
--------------------------------------------------------------------------------------
Slack:                    inf
  Source:                 cpu_reset
                            (input port)
  Destination:            i_dmi_jtag/i_dmi_cdc/i_cdc_req/i_dst/data_dst_q_reg[addr][4]/CLR
                            (removal check against rising-edge clock clk_out1_xlnx_clk_gen  {rise@0.000ns fall@12.500ns period=25.000ns})
  Path Group:             (none)
  Path Type:              Removal (Min at Fast Process Corner)
  Data Path Delay:        1.234ns  (logic 0.336ns (27.243%)  route 0.898ns (72.757%))
  Logic Levels:           1  (IBUF=1)
  Clock Path Skew:        -0.811ns (DCD - SCD - CPR)
    Destination Clock Delay (DCD):    -0.811ns
    Source Clock Delay      (SCD):    0.000ns
    Clock Pessimism Removal (CPR):    -0.000ns

    Location             Delay type                Incr(ns)  Path(ns)    Netlist Resource(s)
  -------------------------------------------------------------------    -------------------
    Y16                                               0.000     0.000 f  cpu_reset (IN)
                         net (fo=0)                   0.000     0.000    cpu_reset
    Y16                  IBUF (Prop_ibuf_I_O)         0.336     0.336 f  cpu_reset_IBUF_inst/O
                         net (fo=839, routed)         0.898     1.234    i_dmi_jtag/i_dmi_cdc/i_cdc_req/i_dst/cpu_reset_IBUF
    SLICE_X108Y57        FDCE                                         f  i_dmi_jtag/i_dmi_cdc/i_cdc_req/i_dst/data_dst_q_reg[addr][4]/CLR
  -------------------------------------------------------------------    -------------------

                         (clock clk_out1_xlnx_clk_gen rise edge)
                                                      0.000     0.000 r  
    K17                                               0.000     0.000 r  clk_sys (IN)
                         net (fo=0)                   0.000     0.000    i_xlnx_clk_gen/inst/clk_in1
    K17                  IBUF (Prop_ibuf_I_O)         0.431     0.431 r  i_xlnx_clk_gen/inst/clkin1_ibufg/O
                         net (fo=1, routed)           0.480     0.911    i_xlnx_clk_gen/inst/clk_in1_xlnx_clk_gen
    MMCME2_ADV_X1Y2      MMCME2_ADV (Prop_mmcme2_adv_CLKIN1_CLKOUT0)
                                                     -3.407    -2.496 r  i_xlnx_clk_gen/inst/mmcm_adv_inst/CLKOUT0
                         net (fo=1, routed)           0.752    -1.744    i_xlnx_clk_gen/inst/clk_out1_xlnx_clk_gen
    BUFGCTRL_X0Y16       BUFG (Prop_bufg_I_O)         0.029    -1.715 r  i_xlnx_clk_gen/inst/clkout1_buf/O
                         net (fo=31820, routed)       0.904    -0.811    i_dmi_jtag/i_dmi_cdc/i_cdc_req/i_dst/clk_out1
    SLICE_X108Y57        FDCE                                         r  i_dmi_jtag/i_dmi_cdc/i_cdc_req/i_dst/data_dst_q_reg[addr][4]/C

Slack:                    inf
  Source:                 cpu_reset
                            (input port)
  Destination:            i_dmi_jtag/i_dmi_cdc/i_cdc_req/i_dst/data_dst_q_reg[addr][6]/CLR
                            (removal check against rising-edge clock clk_out1_xlnx_clk_gen  {rise@0.000ns fall@12.500ns period=25.000ns})
  Path Group:             (none)
  Path Type:              Removal (Min at Fast Process Corner)
  Data Path Delay:        1.234ns  (logic 0.336ns (27.243%)  route 0.898ns (72.757%))
  Logic Levels:           1  (IBUF=1)
  Clock Path Skew:        -0.811ns (DCD - SCD - CPR)
    Destination Clock Delay (DCD):    -0.811ns
    Source Clock Delay      (SCD):    0.000ns
    Clock Pessimism Removal (CPR):    -0.000ns

    Location             Delay type                Incr(ns)  Path(ns)    Netlist Resource(s)
  -------------------------------------------------------------------    -------------------
    Y16                                               0.000     0.000 f  cpu_reset (IN)
                         net (fo=0)                   0.000     0.000    cpu_reset
    Y16                  IBUF (Prop_ibuf_I_O)         0.336     0.336 f  cpu_reset_IBUF_inst/O
                         net (fo=839, routed)         0.898     1.234    i_dmi_jtag/i_dmi_cdc/i_cdc_req/i_dst/cpu_reset_IBUF
    SLICE_X108Y57        FDCE                                         f  i_dmi_jtag/i_dmi_cdc/i_cdc_req/i_dst/data_dst_q_reg[addr][6]/CLR
  -------------------------------------------------------------------    -------------------

                         (clock clk_out1_xlnx_clk_gen rise edge)
                                                      0.000     0.000 r  
    K17                                               0.000     0.000 r  clk_sys (IN)
                         net (fo=0)                   0.000     0.000    i_xlnx_clk_gen/inst/clk_in1
    K17                  IBUF (Prop_ibuf_I_O)         0.431     0.431 r  i_xlnx_clk_gen/inst/clkin1_ibufg/O
                         net (fo=1, routed)           0.480     0.911    i_xlnx_clk_gen/inst/clk_in1_xlnx_clk_gen
    MMCME2_ADV_X1Y2      MMCME2_ADV (Prop_mmcme2_adv_CLKIN1_CLKOUT0)
                                                     -3.407    -2.496 r  i_xlnx_clk_gen/inst/mmcm_adv_inst/CLKOUT0
                         net (fo=1, routed)           0.752    -1.744    i_xlnx_clk_gen/inst/clk_out1_xlnx_clk_gen
    BUFGCTRL_X0Y16       BUFG (Prop_bufg_I_O)         0.029    -1.715 r  i_xlnx_clk_gen/inst/clkout1_buf/O
                         net (fo=31820, routed)       0.904    -0.811    i_dmi_jtag/i_dmi_cdc/i_cdc_req/i_dst/clk_out1
    SLICE_X108Y57        FDCE                                         r  i_dmi_jtag/i_dmi_cdc/i_cdc_req/i_dst/data_dst_q_reg[addr][6]/C

Slack:                    inf
  Source:                 cpu_reset
                            (input port)
  Destination:            i_dmi_jtag/i_dmi_cdc/i_cdc_req/i_dst/data_dst_q_reg[data][16]/CLR
                            (removal check against rising-edge clock clk_out1_xlnx_clk_gen  {rise@0.000ns fall@12.500ns period=25.000ns})
  Path Group:             (none)
  Path Type:              Removal (Min at Fast Process Corner)
  Data Path Delay:        1.234ns  (logic 0.336ns (27.243%)  route 0.898ns (72.757%))
  Logic Levels:           1  (IBUF=1)
  Clock Path Skew:        -0.811ns (DCD - SCD - CPR)
    Destination Clock Delay (DCD):    -0.811ns
    Source Clock Delay      (SCD):    0.000ns
    Clock Pessimism Removal (CPR):    -0.000ns

    Location             Delay type                Incr(ns)  Path(ns)    Netlist Resource(s)
  -------------------------------------------------------------------    -------------------
    Y16                                               0.000     0.000 f  cpu_reset (IN)
                         net (fo=0)                   0.000     0.000    cpu_reset
    Y16                  IBUF (Prop_ibuf_I_O)         0.336     0.336 f  cpu_reset_IBUF_inst/O
                         net (fo=839, routed)         0.898     1.234    i_dmi_jtag/i_dmi_cdc/i_cdc_req/i_dst/cpu_reset_IBUF
    SLICE_X108Y57        FDCE                                         f  i_dmi_jtag/i_dmi_cdc/i_cdc_req/i_dst/data_dst_q_reg[data][16]/CLR
  -------------------------------------------------------------------    -------------------

                         (clock clk_out1_xlnx_clk_gen rise edge)
                                                      0.000     0.000 r  
    K17                                               0.000     0.000 r  clk_sys (IN)
                         net (fo=0)                   0.000     0.000    i_xlnx_clk_gen/inst/clk_in1
    K17                  IBUF (Prop_ibuf_I_O)         0.431     0.431 r  i_xlnx_clk_gen/inst/clkin1_ibufg/O
                         net (fo=1, routed)           0.480     0.911    i_xlnx_clk_gen/inst/clk_in1_xlnx_clk_gen
    MMCME2_ADV_X1Y2      MMCME2_ADV (Prop_mmcme2_adv_CLKIN1_CLKOUT0)
                                                     -3.407    -2.496 r  i_xlnx_clk_gen/inst/mmcm_adv_inst/CLKOUT0
                         net (fo=1, routed)           0.752    -1.744    i_xlnx_clk_gen/inst/clk_out1_xlnx_clk_gen
    BUFGCTRL_X0Y16       BUFG (Prop_bufg_I_O)         0.029    -1.715 r  i_xlnx_clk_gen/inst/clkout1_buf/O
                         net (fo=31820, routed)       0.904    -0.811    i_dmi_jtag/i_dmi_cdc/i_cdc_req/i_dst/clk_out1
    SLICE_X108Y57        FDCE                                         r  i_dmi_jtag/i_dmi_cdc/i_cdc_req/i_dst/data_dst_q_reg[data][16]/C

Slack:                    inf
  Source:                 cpu_reset
                            (input port)
  Destination:            i_dmi_jtag/i_dmi_cdc/i_cdc_req/i_dst/data_dst_q_reg[data][17]/CLR
                            (removal check against rising-edge clock clk_out1_xlnx_clk_gen  {rise@0.000ns fall@12.500ns period=25.000ns})
  Path Group:             (none)
  Path Type:              Removal (Min at Fast Process Corner)
  Data Path Delay:        1.234ns  (logic 0.336ns (27.243%)  route 0.898ns (72.757%))
  Logic Levels:           1  (IBUF=1)
  Clock Path Skew:        -0.811ns (DCD - SCD - CPR)
    Destination Clock Delay (DCD):    -0.811ns
    Source Clock Delay      (SCD):    0.000ns
    Clock Pessimism Removal (CPR):    -0.000ns

    Location             Delay type                Incr(ns)  Path(ns)    Netlist Resource(s)
  -------------------------------------------------------------------    -------------------
    Y16                                               0.000     0.000 f  cpu_reset (IN)
                         net (fo=0)                   0.000     0.000    cpu_reset
    Y16                  IBUF (Prop_ibuf_I_O)         0.336     0.336 f  cpu_reset_IBUF_inst/O
                         net (fo=839, routed)         0.898     1.234    i_dmi_jtag/i_dmi_cdc/i_cdc_req/i_dst/cpu_reset_IBUF
    SLICE_X108Y57        FDCE                                         f  i_dmi_jtag/i_dmi_cdc/i_cdc_req/i_dst/data_dst_q_reg[data][17]/CLR
  -------------------------------------------------------------------    -------------------

                         (clock clk_out1_xlnx_clk_gen rise edge)
                                                      0.000     0.000 r  
    K17                                               0.000     0.000 r  clk_sys (IN)
                         net (fo=0)                   0.000     0.000    i_xlnx_clk_gen/inst/clk_in1
    K17                  IBUF (Prop_ibuf_I_O)         0.431     0.431 r  i_xlnx_clk_gen/inst/clkin1_ibufg/O
                         net (fo=1, routed)           0.480     0.911    i_xlnx_clk_gen/inst/clk_in1_xlnx_clk_gen
    MMCME2_ADV_X1Y2      MMCME2_ADV (Prop_mmcme2_adv_CLKIN1_CLKOUT0)
                                                     -3.407    -2.496 r  i_xlnx_clk_gen/inst/mmcm_adv_inst/CLKOUT0
                         net (fo=1, routed)           0.752    -1.744    i_xlnx_clk_gen/inst/clk_out1_xlnx_clk_gen
    BUFGCTRL_X0Y16       BUFG (Prop_bufg_I_O)         0.029    -1.715 r  i_xlnx_clk_gen/inst/clkout1_buf/O
                         net (fo=31820, routed)       0.904    -0.811    i_dmi_jtag/i_dmi_cdc/i_cdc_req/i_dst/clk_out1
    SLICE_X108Y57        FDCE                                         r  i_dmi_jtag/i_dmi_cdc/i_cdc_req/i_dst/data_dst_q_reg[data][17]/C

Slack:                    inf
  Source:                 cpu_reset
                            (input port)
  Destination:            i_dmi_jtag/i_dmi_cdc/i_cdc_req/i_dst/data_dst_q_reg[data][18]/CLR
                            (removal check against rising-edge clock clk_out1_xlnx_clk_gen  {rise@0.000ns fall@12.500ns period=25.000ns})
  Path Group:             (none)
  Path Type:              Removal (Min at Fast Process Corner)
  Data Path Delay:        1.234ns  (logic 0.336ns (27.243%)  route 0.898ns (72.757%))
  Logic Levels:           1  (IBUF=1)
  Clock Path Skew:        -0.811ns (DCD - SCD - CPR)
    Destination Clock Delay (DCD):    -0.811ns
    Source Clock Delay      (SCD):    0.000ns
    Clock Pessimism Removal (CPR):    -0.000ns

    Location             Delay type                Incr(ns)  Path(ns)    Netlist Resource(s)
  -------------------------------------------------------------------    -------------------
    Y16                                               0.000     0.000 f  cpu_reset (IN)
                         net (fo=0)                   0.000     0.000    cpu_reset
    Y16                  IBUF (Prop_ibuf_I_O)         0.336     0.336 f  cpu_reset_IBUF_inst/O
                         net (fo=839, routed)         0.898     1.234    i_dmi_jtag/i_dmi_cdc/i_cdc_req/i_dst/cpu_reset_IBUF
    SLICE_X108Y57        FDCE                                         f  i_dmi_jtag/i_dmi_cdc/i_cdc_req/i_dst/data_dst_q_reg[data][18]/CLR
  -------------------------------------------------------------------    -------------------

                         (clock clk_out1_xlnx_clk_gen rise edge)
                                                      0.000     0.000 r  
    K17                                               0.000     0.000 r  clk_sys (IN)
                         net (fo=0)                   0.000     0.000    i_xlnx_clk_gen/inst/clk_in1
    K17                  IBUF (Prop_ibuf_I_O)         0.431     0.431 r  i_xlnx_clk_gen/inst/clkin1_ibufg/O
                         net (fo=1, routed)           0.480     0.911    i_xlnx_clk_gen/inst/clk_in1_xlnx_clk_gen
    MMCME2_ADV_X1Y2      MMCME2_ADV (Prop_mmcme2_adv_CLKIN1_CLKOUT0)
                                                     -3.407    -2.496 r  i_xlnx_clk_gen/inst/mmcm_adv_inst/CLKOUT0
                         net (fo=1, routed)           0.752    -1.744    i_xlnx_clk_gen/inst/clk_out1_xlnx_clk_gen
    BUFGCTRL_X0Y16       BUFG (Prop_bufg_I_O)         0.029    -1.715 r  i_xlnx_clk_gen/inst/clkout1_buf/O
                         net (fo=31820, routed)       0.904    -0.811    i_dmi_jtag/i_dmi_cdc/i_cdc_req/i_dst/clk_out1
    SLICE_X108Y57        FDCE                                         r  i_dmi_jtag/i_dmi_cdc/i_cdc_req/i_dst/data_dst_q_reg[data][18]/C

Slack:                    inf
  Source:                 cpu_reset
                            (input port)
  Destination:            i_dm_top/i_dm_csrs/cmderr_q_reg[0]/CLR
                            (removal check against rising-edge clock clk_out1_xlnx_clk_gen  {rise@0.000ns fall@12.500ns period=25.000ns})
  Path Group:             (none)
  Path Type:              Removal (Min at Fast Process Corner)
  Data Path Delay:        1.260ns  (logic 0.336ns (26.684%)  route 0.923ns (73.316%))
  Logic Levels:           1  (IBUF=1)
  Clock Path Skew:        -0.807ns (DCD - SCD - CPR)
    Destination Clock Delay (DCD):    -0.807ns
    Source Clock Delay      (SCD):    0.000ns
    Clock Pessimism Removal (CPR):    -0.000ns

    Location             Delay type                Incr(ns)  Path(ns)    Netlist Resource(s)
  -------------------------------------------------------------------    -------------------
    Y16                                               0.000     0.000 f  cpu_reset (IN)
                         net (fo=0)                   0.000     0.000    cpu_reset
    Y16                  IBUF (Prop_ibuf_I_O)         0.336     0.336 f  cpu_reset_IBUF_inst/O
                         net (fo=839, routed)         0.923     1.260    i_dm_top/i_dm_csrs/cpu_reset_IBUF
    SLICE_X112Y54        FDCE                                         f  i_dm_top/i_dm_csrs/cmderr_q_reg[0]/CLR
  -------------------------------------------------------------------    -------------------

                         (clock clk_out1_xlnx_clk_gen rise edge)
                                                      0.000     0.000 r  
    K17                                               0.000     0.000 r  clk_sys (IN)
                         net (fo=0)                   0.000     0.000    i_xlnx_clk_gen/inst/clk_in1
    K17                  IBUF (Prop_ibuf_I_O)         0.431     0.431 r  i_xlnx_clk_gen/inst/clkin1_ibufg/O
                         net (fo=1, routed)           0.480     0.911    i_xlnx_clk_gen/inst/clk_in1_xlnx_clk_gen
    MMCME2_ADV_X1Y2      MMCME2_ADV (Prop_mmcme2_adv_CLKIN1_CLKOUT0)
                                                     -3.407    -2.496 r  i_xlnx_clk_gen/inst/mmcm_adv_inst/CLKOUT0
                         net (fo=1, routed)           0.752    -1.744    i_xlnx_clk_gen/inst/clk_out1_xlnx_clk_gen
    BUFGCTRL_X0Y16       BUFG (Prop_bufg_I_O)         0.029    -1.715 r  i_xlnx_clk_gen/inst/clkout1_buf/O
                         net (fo=31820, routed)       0.908    -0.807    i_dm_top/i_dm_csrs/clk_out1
    SLICE_X112Y54        FDCE                                         r  i_dm_top/i_dm_csrs/cmderr_q_reg[0]/C

Slack:                    inf
  Source:                 cpu_reset
                            (input port)
  Destination:            i_dm_top/i_dm_csrs/i_fifo/i_fifo_v3/read_pointer_q_reg[0]/CLR
                            (removal check against rising-edge clock clk_out1_xlnx_clk_gen  {rise@0.000ns fall@12.500ns period=25.000ns})
  Path Group:             (none)
  Path Type:              Removal (Min at Fast Process Corner)
  Data Path Delay:        1.260ns  (logic 0.336ns (26.684%)  route 0.923ns (73.316%))
  Logic Levels:           1  (IBUF=1)
  Clock Path Skew:        -0.807ns (DCD - SCD - CPR)
    Destination Clock Delay (DCD):    -0.807ns
    Source Clock Delay      (SCD):    0.000ns
    Clock Pessimism Removal (CPR):    -0.000ns

    Location             Delay type                Incr(ns)  Path(ns)    Netlist Resource(s)
  -------------------------------------------------------------------    -------------------
    Y16                                               0.000     0.000 f  cpu_reset (IN)
                         net (fo=0)                   0.000     0.000    cpu_reset
    Y16                  IBUF (Prop_ibuf_I_O)         0.336     0.336 f  cpu_reset_IBUF_inst/O
                         net (fo=839, routed)         0.923     1.260    i_dm_top/i_dm_csrs/i_fifo/i_fifo_v3/cpu_reset_IBUF
    SLICE_X112Y54        FDCE                                         f  i_dm_top/i_dm_csrs/i_fifo/i_fifo_v3/read_pointer_q_reg[0]/CLR
  -------------------------------------------------------------------    -------------------

                         (clock clk_out1_xlnx_clk_gen rise edge)
                                                      0.000     0.000 r  
    K17                                               0.000     0.000 r  clk_sys (IN)
                         net (fo=0)                   0.000     0.000    i_xlnx_clk_gen/inst/clk_in1
    K17                  IBUF (Prop_ibuf_I_O)         0.431     0.431 r  i_xlnx_clk_gen/inst/clkin1_ibufg/O
                         net (fo=1, routed)           0.480     0.911    i_xlnx_clk_gen/inst/clk_in1_xlnx_clk_gen
    MMCME2_ADV_X1Y2      MMCME2_ADV (Prop_mmcme2_adv_CLKIN1_CLKOUT0)
                                                     -3.407    -2.496 r  i_xlnx_clk_gen/inst/mmcm_adv_inst/CLKOUT0
                         net (fo=1, routed)           0.752    -1.744    i_xlnx_clk_gen/inst/clk_out1_xlnx_clk_gen
    BUFGCTRL_X0Y16       BUFG (Prop_bufg_I_O)         0.029    -1.715 r  i_xlnx_clk_gen/inst/clkout1_buf/O
                         net (fo=31820, routed)       0.908    -0.807    i_dm_top/i_dm_csrs/i_fifo/i_fifo_v3/clk_out1
    SLICE_X112Y54        FDCE                                         r  i_dm_top/i_dm_csrs/i_fifo/i_fifo_v3/read_pointer_q_reg[0]/C

Slack:                    inf
  Source:                 cpu_reset
                            (input port)
  Destination:            i_dm_top/i_dm_csrs/i_fifo/i_fifo_v3/status_cnt_q_reg[0]/CLR
                            (removal check against rising-edge clock clk_out1_xlnx_clk_gen  {rise@0.000ns fall@12.500ns period=25.000ns})
  Path Group:             (none)
  Path Type:              Removal (Min at Fast Process Corner)
  Data Path Delay:        1.260ns  (logic 0.336ns (26.684%)  route 0.923ns (73.316%))
  Logic Levels:           1  (IBUF=1)
  Clock Path Skew:        -0.807ns (DCD - SCD - CPR)
    Destination Clock Delay (DCD):    -0.807ns
    Source Clock Delay      (SCD):    0.000ns
    Clock Pessimism Removal (CPR):    -0.000ns

    Location             Delay type                Incr(ns)  Path(ns)    Netlist Resource(s)
  -------------------------------------------------------------------    -------------------
    Y16                                               0.000     0.000 f  cpu_reset (IN)
                         net (fo=0)                   0.000     0.000    cpu_reset
    Y16                  IBUF (Prop_ibuf_I_O)         0.336     0.336 f  cpu_reset_IBUF_inst/O
                         net (fo=839, routed)         0.923     1.260    i_dm_top/i_dm_csrs/i_fifo/i_fifo_v3/cpu_reset_IBUF
    SLICE_X113Y54        FDCE                                         f  i_dm_top/i_dm_csrs/i_fifo/i_fifo_v3/status_cnt_q_reg[0]/CLR
  -------------------------------------------------------------------    -------------------

                         (clock clk_out1_xlnx_clk_gen rise edge)
                                                      0.000     0.000 r  
    K17                                               0.000     0.000 r  clk_sys (IN)
                         net (fo=0)                   0.000     0.000    i_xlnx_clk_gen/inst/clk_in1
    K17                  IBUF (Prop_ibuf_I_O)         0.431     0.431 r  i_xlnx_clk_gen/inst/clkin1_ibufg/O
                         net (fo=1, routed)           0.480     0.911    i_xlnx_clk_gen/inst/clk_in1_xlnx_clk_gen
    MMCME2_ADV_X1Y2      MMCME2_ADV (Prop_mmcme2_adv_CLKIN1_CLKOUT0)
                                                     -3.407    -2.496 r  i_xlnx_clk_gen/inst/mmcm_adv_inst/CLKOUT0
                         net (fo=1, routed)           0.752    -1.744    i_xlnx_clk_gen/inst/clk_out1_xlnx_clk_gen
    BUFGCTRL_X0Y16       BUFG (Prop_bufg_I_O)         0.029    -1.715 r  i_xlnx_clk_gen/inst/clkout1_buf/O
                         net (fo=31820, routed)       0.908    -0.807    i_dm_top/i_dm_csrs/i_fifo/i_fifo_v3/clk_out1
    SLICE_X113Y54        FDCE                                         r  i_dm_top/i_dm_csrs/i_fifo/i_fifo_v3/status_cnt_q_reg[0]/C

Slack:                    inf
  Source:                 cpu_reset
                            (input port)
  Destination:            i_dm_top/i_dm_csrs/i_fifo/i_fifo_v3/status_cnt_q_reg[1]/CLR
                            (removal check against rising-edge clock clk_out1_xlnx_clk_gen  {rise@0.000ns fall@12.500ns period=25.000ns})
  Path Group:             (none)
  Path Type:              Removal (Min at Fast Process Corner)
  Data Path Delay:        1.260ns  (logic 0.336ns (26.684%)  route 0.923ns (73.316%))
  Logic Levels:           1  (IBUF=1)
  Clock Path Skew:        -0.807ns (DCD - SCD - CPR)
    Destination Clock Delay (DCD):    -0.807ns
    Source Clock Delay      (SCD):    0.000ns
    Clock Pessimism Removal (CPR):    -0.000ns

    Location             Delay type                Incr(ns)  Path(ns)    Netlist Resource(s)
  -------------------------------------------------------------------    -------------------
    Y16                                               0.000     0.000 f  cpu_reset (IN)
                         net (fo=0)                   0.000     0.000    cpu_reset
    Y16                  IBUF (Prop_ibuf_I_O)         0.336     0.336 f  cpu_reset_IBUF_inst/O
                         net (fo=839, routed)         0.923     1.260    i_dm_top/i_dm_csrs/i_fifo/i_fifo_v3/cpu_reset_IBUF
    SLICE_X113Y54        FDCE                                         f  i_dm_top/i_dm_csrs/i_fifo/i_fifo_v3/status_cnt_q_reg[1]/CLR
  -------------------------------------------------------------------    -------------------

                         (clock clk_out1_xlnx_clk_gen rise edge)
                                                      0.000     0.000 r  
    K17                                               0.000     0.000 r  clk_sys (IN)
                         net (fo=0)                   0.000     0.000    i_xlnx_clk_gen/inst/clk_in1
    K17                  IBUF (Prop_ibuf_I_O)         0.431     0.431 r  i_xlnx_clk_gen/inst/clkin1_ibufg/O
                         net (fo=1, routed)           0.480     0.911    i_xlnx_clk_gen/inst/clk_in1_xlnx_clk_gen
    MMCME2_ADV_X1Y2      MMCME2_ADV (Prop_mmcme2_adv_CLKIN1_CLKOUT0)
                                                     -3.407    -2.496 r  i_xlnx_clk_gen/inst/mmcm_adv_inst/CLKOUT0
                         net (fo=1, routed)           0.752    -1.744    i_xlnx_clk_gen/inst/clk_out1_xlnx_clk_gen
    BUFGCTRL_X0Y16       BUFG (Prop_bufg_I_O)         0.029    -1.715 r  i_xlnx_clk_gen/inst/clkout1_buf/O
                         net (fo=31820, routed)       0.908    -0.807    i_dm_top/i_dm_csrs/i_fifo/i_fifo_v3/clk_out1
    SLICE_X113Y54        FDCE                                         r  i_dm_top/i_dm_csrs/i_fifo/i_fifo_v3/status_cnt_q_reg[1]/C

Slack:                    inf
  Source:                 cpu_reset
                            (input port)
  Destination:            i_dm_top/i_dm_csrs/sbaddr_q_reg[32]/CLR
                            (removal check against rising-edge clock clk_out1_xlnx_clk_gen  {rise@0.000ns fall@12.500ns period=25.000ns})
  Path Group:             (none)
  Path Type:              Removal (Min at Fast Process Corner)
  Data Path Delay:        1.260ns  (logic 0.336ns (26.684%)  route 0.923ns (73.316%))
  Logic Levels:           1  (IBUF=1)
  Clock Path Skew:        -0.807ns (DCD - SCD - CPR)
    Destination Clock Delay (DCD):    -0.807ns
    Source Clock Delay      (SCD):    0.000ns
    Clock Pessimism Removal (CPR):    -0.000ns

    Location             Delay type                Incr(ns)  Path(ns)    Netlist Resource(s)
  -------------------------------------------------------------------    -------------------
    Y16                                               0.000     0.000 f  cpu_reset (IN)
                         net (fo=0)                   0.000     0.000    cpu_reset
    Y16                  IBUF (Prop_ibuf_I_O)         0.336     0.336 f  cpu_reset_IBUF_inst/O
                         net (fo=839, routed)         0.923     1.260    i_dm_top/i_dm_csrs/cpu_reset_IBUF
    SLICE_X112Y54        FDCE                                         f  i_dm_top/i_dm_csrs/sbaddr_q_reg[32]/CLR
  -------------------------------------------------------------------    -------------------

                         (clock clk_out1_xlnx_clk_gen rise edge)
                                                      0.000     0.000 r  
    K17                                               0.000     0.000 r  clk_sys (IN)
                         net (fo=0)                   0.000     0.000    i_xlnx_clk_gen/inst/clk_in1
    K17                  IBUF (Prop_ibuf_I_O)         0.431     0.431 r  i_xlnx_clk_gen/inst/clkin1_ibufg/O
                         net (fo=1, routed)           0.480     0.911    i_xlnx_clk_gen/inst/clk_in1_xlnx_clk_gen
    MMCME2_ADV_X1Y2      MMCME2_ADV (Prop_mmcme2_adv_CLKIN1_CLKOUT0)
                                                     -3.407    -2.496 r  i_xlnx_clk_gen/inst/mmcm_adv_inst/CLKOUT0
                         net (fo=1, routed)           0.752    -1.744    i_xlnx_clk_gen/inst/clk_out1_xlnx_clk_gen
    BUFGCTRL_X0Y16       BUFG (Prop_bufg_I_O)         0.029    -1.715 r  i_xlnx_clk_gen/inst/clkout1_buf/O
                         net (fo=31820, routed)       0.908    -0.807    i_dm_top/i_dm_csrs/clk_out1
    SLICE_X112Y54        FDCE                                         r  i_dm_top/i_dm_csrs/sbaddr_q_reg[32]/C





