:0200000480007A
:100000006F00906C6F00D04C6F00106B6F00D06A67
:100010006F00906A6F00506A6F00106A6F00D069BD
:100020006F0090696F0050696F0010696F00D068B1
:100030006F0090686F0050686F0010686F00D067A5
:100040006F0090676F0050676F0010676F00D06699
:100050006F0090666F0050666F0010666F00D0658D
:100060006F0090656F0050656F0010656F00D06481
:100070006F0090646F0050646F0010646F00107523
:10008000976101009381810217010300130181F739
:1000900017050000130505F713651500731055309B
:1000A0001385C1D017760100130646803306A6409B
:1000B00093050000EF908069179500001305856394
:1000C000EF80503EEF9000591305000093050000AB
:1000D00013060000EF00C0006F80103E6780000034
:1000E000130101F6138605002326A1009305C10024
:1000F0001305E105232E1108232C8108232A9108DA
:1001000023282109232631092324410923225109C7
:1001100023206109232E7107232C81072326B10791
:10012000EF60002413051000EF50806E9307050068
:1001300013052000231EF100EF50806D930205008F
:1001400013053000231F5100EF50806C130305008E
:100150001305400023106102EF50806B93030500EC
:1001600013055000232C7102EF50806A63140500C0
:10017000130570008320C101232EA102639C00049B
:100180000316010263060606138901D4937925003C
:10019000137A1500B338300123222103231E0104F2
:1001A00013784500B30A1A01631A0804130B007D83
:1001B000B35D5B03232AB10363140A346382090627
:1001C000330EBA03B30EC9012326D103630A080410
:1001D0006F00400413071000E398E0FA03140102D3
:1001E000E31404FAB734153493855441232EB10037
:1001F000930660062310D1026FF01FF9938B1A004B
:10020000130C007DB35D7C03232AB103631A0A2E0D
:10021000E39809FA338FBA03B30FE9012328F103F6
:100220008327C10393F21700638E02000316C101F6
:100230008325810203254103EF6090558327C10385
:100240002320A10413F32700631E032C93F347001C
:10025000638A0300032601038315C10103254103BB
:10026000EF10106A032681036318060C9306100032
:10027000232CD10217690100130949AD8329810399
:10028000130C0000139A2900B3083A0113981800C0
:10029000232C0103EF60C006832A8103232A010473
:1002A000232C010463820A04930510001305C10185
:1002B000EF60004883554105EF50806E130B050039
:1002C0009305F0FF1305C101231A6105EF60404655
:1002D00083554105EF50C06C231AA104630A0C2218
:1002E000130C1C00E3928AFDEF608002EF60400374
:1002F000EF6000040326090083264900930B0500E4
:10030000138C0500EF80806DE34A05F613850B0022
:1003100093050C00EF80007D6314050013051000A9
:10032000930DA00033DEAD02032F8103930E1E0058
:10033000B30FDF03232CF103EF50907C1305C101B1
:10034000EF700040EF50D07CEF50907D930405009B
:100350000315C10193050000EF509053930505006C
:100360000315E101EF50D05293050500031501027A
:10037000EF5010529305050003154103EF50505103
:10038000B7820000938752B013040500E30AF50C0E
:1003900063E2A71CB72B0000138C2B8FE3068509A3
:1003A000375F0000930FFFEA6310F5211745010046
:1003B00013050577EF80106DB7E20000B757000016
:1003C000377300009389425A138A8760130993A7F1
:1003D00093032000938B0900130B0A00930A090072
:1003E00023247100938D41CF03A70D00E308070A72
:1003F000232A91072328A107930C0000130D000066
:100400006F00400333882800035FC8FF938C1C00F3
:1004100083AF0D00330DAF0193920C0193170D01C3
:1004200013130D0193DC020113DC0701135D03417B
:1004300063F8FC71139C4C00B3059C01939025005C
:1004400013860006B308260083A6C8FD239E08FE77
:1004500013F81600630C080203D668FF232211016B
:10046000630656039306090093850C0017450100A7
:1004700013058573EF80904D03254100035EC5FF92
:100480008326C5FD930E1E00231ED5FF13FF2600F5
:1004900063040F04B30F9C0193922F00938702060D
:1004A00033832700035683FF23226100630666031C
:1004B00093060A0093850C00174501001305C571CA
:1004C000EF80D0488323410003D7C3FF83A6C3FD39
:1004D00093051700239EB3FE330C9C0113162C00CA
:1004E00093F0460093080606E38E00F0338C280054
:1004F0000356ACFF63107663035FCCFF6FF01FF110
:1005000023242103E39E09CAE30C08D06FF09FD097
:10051000231BA10413051000E388AADC130C1000B0
:100520006FF09FD88310E1010317C1018325C10239
:100530000325410313940001930641043366E4004C
:10054000EF3010778324C10393F54400E39405D082
:100550006FF05FD1B7900000138620A0630AC568D2
:10056000B7F900009388599F6310150517450100DE
:100570001305055EEF801051B72A000037EB00002D
:1005800037980000138A7AFD13094B719309A8E389
:1005900013053000938B0900130B0A00930A09001E
:1005A0002324A1006FF01FE4B70901001309F0FF35
:1005B000138CF9FF23242101938D41CFEF50505329
:1005C00083254103B30B850117450100130505671A
:1005D000EF80D03793850400174501001305856728
:1005E000EF80D03613850400EF50905413060500B9
:1005F000938605001745010013054567EF80103508
:1006000013850400EF50D052139A0B01130600001B
:1006100093060000135B0A41EF80402C6356A00450
:100620008323810383AA0D0033855303EF80C052D7
:10063000130C05001385040093890500EF50504FFB
:10064000130605009386050013050C009385090029
:10065000EF70103013060500938605001745010062
:1006600013054562EF80902E03A70D0083268103BA
:100670001745010013058562B385E602EF80102D52
:1006800097450100938505631745010013054563F0
:10069000EF80D02B97450100938505641745010035
:1006A0001305C563EF80902A974501009385856403
:1006B0001745010013058564EF8050299305040058
:1006C0001745010013050565EF805028032CC10371
:1006D00013741C00630E040E83A50D00638A050EBF
:1006E000930A0000174901001309896493904A0096
:1006F0003386500193182600138808063305280016
:10070000035665FF93850A0013050900EF80102446
:10071000938E1A00139F0E01935B0F01939F4B0062
:10072000B3827F0103AE0D00939722001383070667
:1007300013050900330A230093850B0063F8CB09E6
:1007400003566AFFEF80902093831B00139C0301E4
:1007500093590C0113974900B306370183AA0D0082
:10076000139426009305040633862500130509001B
:100770009385090063FC5905035666FFEF80101D41
:1007800013881900131E0801935B0E01939E4B0002
:10079000338F7E0183A80D00931F2F0093820F06D5
:1007A00013050900B387220093850B0063F01B0338
:1007B00003D667FFEF80901913831B0003A50D007C
:1007C000131A0301935A0A01E3E2AAF2032CC103AC
:1007D00013792C00630E090E83A00D006384004C76
:1007E000130A0000174C0100130C4C5693194A00D1
:1007F0003387490193162700938506063386250023
:10080000035686FF93050A0013050C00EF801014B1
:1008100013041A0013180401935B0801139E4B0084
:10082000B30E7E0183A80D00139F2E00930F0F06B9
:1008300013050C00B3822F0093850B0063F81B098E
:1008400003D682FFEF80901093871B00139A070155
:10085000935A0A0113994A00B303590103A30D00E7
:10086000939923001387090613050C00B30627008C
:1008700093850A0063FC6A0403D686FFEF80100D9F
:1008800093851A009398050113D4080113184400A6
:10089000B30B880003A60D00139E2B00930E0E06CB
:1008A00013050C00338F2E00930504006370C402FF
:1008B00003568FFFEF809009930F140003A50D00DE
:1008C00093920F0113DA0201E362AAF2032CC1032F
:1008D00093704C0003A30D00638A000E130A0000FE
:1008E000974A0100938A4A48630C031C93174A00F5
:1008F000338947019313290093890306338729001D
:100900000356A7FF93050A0013850A00EF80100421
:1009100013061A009315060113D405019318440019
:100920003388880083A60D00931B2800138E0B06C6
:1009300013850A00B30E2E00930504006378D408D3
:1009400003D6AEFFEF809000930F140093920F0137
:1009500013DA0201131C4A0033034C0103AF0D00EC
:10096000931723001389070613850A00B303290090
:1009700093050A00637CEA0503D6A3FFEF80007DA0
:1009800013071A009316070113D406011316440027
:10099000B305860083A90D009398250013880806E7
:1009A00013850A00B30B2800930504006370340319
:1009B00003D6ABFFEF808079130E140003A50D0062
:1009C000931E0E0113DA0E01E362AAF283A00D005A
:1009D000930B0000974A0100938ACA3A6382000E83
:1009E000139F4B00B30F7F0193922F00138C0206CD
:1009F00033032C00035643FF93850B0013850A0035
:100A0000EF80C07493871B009393070193D9030170
:100A100013974900B306370103A90D00139426006C
:100A20001306040613850A00B308260093850900FF
:100A300063F8290903D648FFEF80407193851900B8
:100A4000939B050113DA0B01131E4A00B30E4E01EE
:100A500003A80D00139F2E00930F0F0613850A00A5
:100A6000B3822F0093050A00637C0A0503D642FF78
:100A7000EF80C06D13031A00131903019359090184
:100A800093974900B383370103AC0D0013972300FC
:100A90009306070613850A00338426009385090010
:100AA00063F08903035644FFEF80406A1386190000
:100AB00003A50D009318060193DB0801E3E2ABF2F6
:100AC000630E0B08634460091745010013050534E4
:100AD000EF80407B1305E105EF5090098320C109A9
:100AE0000324810983244109032901098329C108B9
:100AF000032A8108832A4108032B0108832BC1079D
:100B0000032C8107832DC106130500001301010A80
:100B1000678000009386090093850C00174501004B
:100B20001305C50EEF8080620355CCFF130E150030
:100B3000931E0E0113DF0E01231EECFF6FF01F8DBD
:100B4000832C4107032D01076FF05FA717450100B4
:100B500013050532EF8000736FF0DFF717450100D2
:100B600013050524EF800072832A8100130B3000E7
:100B7000E3926AF78320810383AD0D003385B003D0
:100B8000EF70907D1308050013850400138A05009B
:100B900093040800EF50C079130605009386050002
:100BA0001385040093050A00EF70805A13060500B0
:100BB00093860500974701009387071217470100A6
:100BC0001307470F1745010013050522EF80005852
:100BD00097450100938505121745010013058522ED
:100BE000EF80C0561305A000EF80805B6FF09FEE92
:100BF00017450100130545EDEF80C068B76600009A
:100C000037CA000037D90000938976E4130A2AE531
:100C10001309094B938B0900130B0A00930A09006F
:100C2000232401006FF00FFC17450100130505F5A3
:100C3000EF804065B79D000037EE000093894DD8E6
:100C400013091E3C930E4000938B0900130A707425
:100C5000130B7074930A09002324D1016FF08FF8ED
:100C600017450100130505E9EF80C0613743000017
:100C7000B7130000373700009309F39B138A9319C9
:100C80001309073493051000938B0900130B0A0016
:100C9000930A09002324B1006FF0CFF4130C000075
:100CA0006FF0DF9193734C00E38203D26FF05FE14A
:100CB0000000000000000000000000000000000034
:100CC00013050000678000001300000013000000FF
:100CD00013050000678000001300000013000000EF
:100CE00013050000678000001300000013000000DF
:100CF00013050000678000001300000013000000CF
:100D000013050000678000001300000013000000BE
:100D100013050000678000001300000013000000AE
:100D2000130500006780000013000000130000009E
:100D3000130500006780000013000000130000008E
:100D4000130500006780000013000000130000007E
:100D5000130500006780000013000000130000006E
:100D6000130500006780000013000000130000005E
:100D7000130500006780000013000000130000004E
:100D8000130500006780000013000000130000003E
:100D9000130500006780000013000000130000002E
:100DA000130500006780000013000000130000001E
:100DB000130500006780000013000000130000000E
:100DC00013050000678000001300000013000000FE
:100DD00013050000678000001300000013000000EE
:100DE00013050000678000001300000013000000DE
:100DF00013050000678000001300000013000000CE
:100E000013050000678000001300000013000000BD
:100E100013050000678000001300000013000000AD
:100E2000130500006780000013000000130000009D
:100E3000130500006780000013000000130000008D
:100E4000130500006780000013000000130000007D
:100E5000130500006780000013000000130000006D
:100E6000130500006780000013000000130000005D
:100E7000130500006780000013000000130000004D
:100E8000130500006780000013000000130000003D
:100E9000130500006780000013000000130000002D
:100EA000130500006780000013000000130000001D
:100EB00013050000678000001745010013055593D6
:100EC000EF80403C6FF05FFF130101FC2320110015
:100ED0002322A1002324B1002326C1002328D1000E
:100EE000232AE100232CF100232E010123201103EA
:100EF0002322510223246102232671022328C103E5
:100F0000232AD103232CE103232EF103F3222034DF
:100F100013032000638862021303B0006388620039
:100F200013033000638862006F00C002EF00403E90
:100F30006F0040031745010013054587EF8080349B
:100F40006F0040021745010013054581EF80803393
:100F50006F0040011745010013056587EF8080325F
:100F60006F004002F32210340383020013053000A7
:100F70003373A3006314A3009382220093822200A0
:100F800073901234832001000325410083258100E2
:100F90000326C10083260101032741018327810124
:100FA0000328C10183280102832241020323810215
:100FB0008323C102032E0103832E4103032F8103E8
:100FC000832FC1031301010473002030730020300C
:100FD0003305A04023A4A1D21305F0FF67800000D1
:100FE00097470100938707831308500537070010C0
:100FF0002320070183C61700638006062320D7003D
:1010000083C22700638A02042320570003C33700EA
:10101000630403042320670083C34700638E030235
:101020002320770003C55700630805022320A7008B
:1010300083C56700638205022320B70003C67700DB
:1010400093878700630A06002320C70003C80700B0
:10105000E31008FA678000006780000013000000BA
:101060009307800523A4F1D21305F0FF67800000E9
:101070009307800523A4F1D21305F0FF67800000D9
:101080009307800523A4F1D21305F0FF67800000C9
:101090009307800523A4F1D21305F0FF67800000B9
:1010A0009307800523A4F1D21305F0FF67800000A9
:1010B0001305F0FF6780000013000000130000001C
:1010C0009307C00023A4F1D21305F0FF678000004E
:1010D000B707048023A0A700730050106F00000022
:1010E0009307800523A4F1D21305F0FF6780000069
:1010F0009307B00023A4F1D21305F0FF678000002E
:10110000B727000023A2F500130500006780000048
:101110009307800523A4F1D21305F0FF6780000038
:101120009307800523A4F1D21305F0FF6780000028
:10113000930780FA23A4F1D2130500006780000012
:10114000130510006780000013000000130000006A
:10115000930780FA23A4F1D21305F0FF6780000003
:101160001305F5FF1335150067800000130000001C
:101170009307600123A4F1D21305F0FF67800000FC
:101180009307F00123A4F1D21305F0FF678000005C
:10119000130500006780000013000000130000002A
:1011A0009307800523A4F1D21305F0FF67800000A8
:1011B0001305F0FF6780000013000000130000001B
:1011C0009307800523A4F1D21305F0FF6780000088
:1011D00013050000678000001300000013000000EA
:1011E000B727000023A2F500130500006780000068
:1011F0001305F0FF678000001300000013000000DB
:101200001305F0FF678000001300000013000000CA
:101210009307200023A4F1D21305F0FF678000009C
:101220009307800523A4F1D21305F0FF6780000027
:101230009307A00023A4F1D21305F0FF67800000FC
:10124000130101FF232021011389C1D08327090045
:10125000232481002322910023261100938405007A
:1012600013040600638A0702130604009385040032
:10127000174501001305853FEF0080598320C10009
:101280001305040003248100832441000329010085
:101290001301010167800000B7C50100130630008B
:1012A00093850520174501001305453CEF00404993
:1012B00093021000232059006FF01FFB1300000061
:1012C00023A8A1CE130500006780000013000000D2
:1012D000138701CF032307003305A3002320A700B2
:1012E000637C250097F202009382C2D16376550099
:1012F00013050300678000009307C0001303F0FF8D
:1013000023A4F1D21305030067800000130000003E
:10131000130101FF232291002326110093071008D7
:101320009384050063CC170D9307F00263D617036F
:10133000938008FD9302100563E412021733010045
:101340001303834F9398200033876800832307009B
:10135000B385630067800500930E1001638AD80F80
:1013600093045005173701001307C74AB70F001041
:1013700023A09F0083471700638E070423A0FF006C
:10138000834027006388000423A01F0083423700A6
:101390006382020423A05F0003434700630C03023F
:1013A00023A06F00834857006386080223A01F0113
:1013B000834367006380030223A07F008345770097
:1013C000638A05001307870023A0BF00834407003A
:1013D000E39004FA8320C10083244100130101013A
:1013E000678000008320C100130E800523A4C1D3B1
:1013F0008324410013010101678000009300F04045
:10140000E3C010F79302F03F63D61203938808C03D
:101410001303F000E36613F517370100130747566F
:10142000939328003385E300832505003386E50088
:1014300067000600130EC00AE38EC8F963461E0358
:10144000130F9009E388E8F9930F900AE39AF8F1F3
:10145000130F80FA23A4E1D36FF0DFF737250000E4
:1014600023A2A4006FF01FF7930E600DE39AD8EF4C
:1014700023A8A1CE6FF01FF61308F00123A401D317
:101480006FF05FF59306200023A4D1D26FF09FF494
:10149000370404802320A400730050106F00000064
:1014A0009304600123A491D26FF0DFF22320210185
:1014B0001389C1D0232481001304060003260900E8
:1014C00063060602130604000324810003290100B9
:1014D0008320C10093850400832441001745010047
:1014E0001305C518130101016F008032B7C6010052
:1014F00013063000938506201745010013050517D4
:10150000EF00002413081000232009016FF09FFB57
:101510008327C5006388072083280501638408208A
:10152000032805000346950003274501834648012B
:10153000B3E2C600A304550013F306026302031EC0
:10154000B383E84093050001138F030063F4750033
:10155000130F0001638AE81C338EE700834E0E00F0
:10156000930F1700130610002300D801232AF5015A
:101570006370761AB386F70183C20600130327004F
:101580009305200023005800232A650063F2751894
:10159000338E6700834E0E0013063700930630002B
:1015A0002300D801232AC50063F47616B382C7004E
:1015B00003C3020093054700130E40002300680098
:1015C000232AB50063767E14B38EB70083C60E005F
:1015D00013065700930250002300D800232AC500A9
:1015E00063F872123383C70083450300930E6700CC
:1015F000130E60002300B800232AD501637A7E1001
:10160000B386D70183C20600130677001303700068
:1016100023005800232AC500637C730EB385C700DE
:1016200083CE050093068700130E80002300D801A7
:10163000232AD500637E7E0CB382D70003C3020049
:10164000130697009305900023006800232AC50025
:1016500063F0750CB38EC70083C60E009302A7001B
:10166000130EA0002300D800232A550063727E0ABF
:1016700033835700834503001306B700930EB00071
:101680002300B800232AC50063F47E08B386C70090
:1016900083C206001303C700130EC00023005800C6
:1016A000232A650063767E06B385670083CE050036
:1016B0001306D7009306D0002300D801232AC500C3
:1016C00063F87604B382C70003C302009305E70002
:1016D000130EE00023006800232AB500637A7E021F
:1016E000B38EB70083C60E001306F7009302F00016
:1016F0002300D800232AC50063FC7200B387C7000B
:1017000003C307001307070123006800232AE5002D
:1017100093050000638403009305FFFF3387F50101
:101720006384E800678000008348480023280500A0
:1017300013F5D80F2302A8006780000013000000F3
:10174000130101FE232A910083240500232C81002C
:101750002328210123263101232E11002382040096
:1017600023840400930770FC2384F400238804007E
:101770002322B50013040500138905009309060010
:10178000930600001386050037D512139305000059
:10179000EF600053B7028000637455029350F50068
:1017A000130700F82386E40013F3F00F13557500B8
:1017B000238264009373F50F238074002386040052
:1017C0002386340123043401A30404009705000098
:1017D000938545D4232224018320C10123280400BA
:1017E00023260400232A0400232E0400232C0400B3
:1017F000232204022320B402032481018324410113
:10180000032901018329C10013010102678000003F
:10181000130101FF23260100638C0522630A0622BF
:10182000032505003386C5009307100303474501D0
:10183000232601008326C1009372F70F63E2D70AC3
:101840000323C10093031300232671000328C10062
:1018500063E807098328C100138E18002326C101FD
:10186000832EC10063EED707032FC100930F1F0023
:101870002326F1010327C10063E4E7068326C100A4
:1018800013831600232661008323C10063EA7704D3
:101890000328C1009308180023261101032EC1005C
:1018A00063E0C705832EC100138F1E002326E101CC
:1018B000832FC10063E6F7030327C10093061700D7
:1018C0002326D1000323C10063EC67008323C100FA
:1018D00013881300232601018328C100E3F217F7C0
:1018E00093F20202E38402F423260100032EC100D6
:1018F00063E2C70B832EC100138F1E002326E10174
:10190000832FC10063E8F7090327C100930617007E
:101910002326D1000323C10063EE67068323C100A1
:1019200013881300232601018328C10063E41707ED
:101930008322C100138E12002326C101832EC10011
:1019400063EAD705032FC100930F1F002326F1017F
:101950000327C10063E0E7048326C1001383160058
:10196000232661008323C10063E677020328C100B8
:1019700093081800232611018322C10063EC57004D
:10198000032EC100930E1E002326D101032FC10098
:10199000E3F2E7F783CF05002300F50123260100DA
:1019A0000327C10063E2E70A8326C1001383160000
:1019B000232661008323C10063E877080328C10060
:1019C00093081800232611018322C10063EE5706F5
:1019D000032EC100930E1E002326D101032FC10048
:1019E00063E4E707832FC10013871F002326E1006C
:1019F0008326C10063EAD7040323C10093031300C5
:101A0000232671000328C10063E007058328C10075
:101A10009382180023265100032EC10063E6C703FA
:101A2000832EC100138F1E002326E101832FC100E6
:101A300063ECF7010327C100930617002326D100AA
:101A40000323C100E3F267F693851500E390C5DE3A
:101A50001301010167800000130000001300000063
:101A60006388050E03C605006304060E8327050080
:101A7000130101FF9386150003C747019372F70F07
:101A8000A30751000343F100937303026396030A13
:101A900003C547019375F50FA307B1000348F10093
:101AA00093780802639A080803CE4701937EFE0FDD
:101AB000A307D101034FF100937F0F02639E0F062E
:101AC00003C747019372F70FA30751000343F100C7
:101AD000937303026392030603C547019375F50FE1
:101AE000A307B1000348F100937808026396080445
:101AF00003CE4701937EFE0FA307D101034FF100F0
:101B0000937F0F02639A0F0203C747019372F70F87
:101B1000A30751000343F10093730302639E030084
:101B200003C547019375F50FA307B1000348F10002
:101B300093780802E38208F4938616002380C70096
:101B400003C6F6FFE31A06F21301010167800000E5
:101B50006780000013000000130000001300000065
:101B6000630C0602638A050203270500970600003E
:101B70009386469A2326B500834747002328C5004D
:101B8000232A05002320D50293E2270023025700D1
:101B9000732340F16304030067800000B723000C47
:101BA00017460100130686AC83A503003305C54024
:101BB0001338150093081000339E0801B36EBE0061
:101BC00023A0D30167800000130000001300000071
:101BD00083270500034795008326050183C247013B
:101BE00033E3E200A304650093F3F20F6398060069
:101BF00013D56300137515006780000013050000FE
:101C000067800000130000001300000013000000B4
:101C10009307050063800518630E06160327050069
:101C20000345950083464701B3E2A600A38457000D
:101C300013F31600630003169373360013050000B8
:101C4000638C0308130810006380030793082000C7
:101C50006386130303470700130510002380E50084
:101C600003A7070003CE9700834E470133EFCE0151
:101C7000A384E70193FF1E0063820F1283460700CF
:101C8000B382A500130515002380D20003A7070027
:101C900003C397008343470133E86300A38407012C
:101CA00093F81300638C080E034E07003387A500DA
:101CB000130515002300C70103A7070083CE970073
:101CC000034F4701B36FDF01A384F70193761F0031
:101CD0006386060C6306A60C83420700B383A50047
:101CE000130515002380530003A8070003CE9700B7
:101CF0003383A5000347480193080500B36EC7016D
:101D0000A384D701137F1700630A0F08834F0800CD
:101D100013051500B382A5002300F30183A3070078
:101D200083C6970003C343013368D300A38407012C
:101D3000137E130063040E0603C7030013852800F7
:101D4000B38EA5002380E20003AF070083CF970086
:101D500083424F01B3E3F201A384770093F61200AC
:101D6000638E060203430F001385380023806E0044
:101D700003A7070083C89700034E470133681E017D
:101D8000A3840701937E1E00638A0E00E316A6F467
:101D90006780000013050000678000006780000076
:101DA0006780000013000000130000001300000013
:101DB000F32740F163960702B726000C174701008E
:101DC0001307C78A03A60600B302E54013B3120047
:101DD0009303100033986300B368C80023A0160172
:101DE000370E0100930EFEFF638CD501032505001D
:101DF00093F5F500034F4500B36FBF002302F501D3
:101E000067800000130000001300000013000000B2
:101E1000638E05029307000C63EAC70203270500DF
:101E2000232EB5008342870013F3F203B363C3008C
:101E300093F5F30F2304B70003464700936616009B
:101E40002302D700732840F1630408006780000074
:101E5000B728000C974E0100938E4E8103AE080008
:101E60003305D541133F1500930F1000B397EF01D1
:101E700033E7C70123A0E8006780000013000000DB
:101E800063840502032705002320B50223260500ED
:101E9000834747002328050093E2270023025700C9
:101EA000732340F16304030067800000B723000C34
:101EB000973501009385857B83A603003305B540E4
:101EC0001336150013081000B318C80033EED800FD
:101ED00023A0C3016780000013000000130000006E
:101EE00063800502032705002322B50283474700CC
:101EF00093E2870023025700732340F16304030039
:101F000067800000B723000C9735010093850576A4
:101F100083A603003305B5401336150013081000DF
:101F2000B318C80033EED80023A0C30167800000B7
:101F30006388051263060612832705008346950011
:101F400003C74701B362D700A30455001373070208
:101F500063080310930300011305060063F4C30034
:101F60001305000103C80500930810002380070132
:101F700063FAC80E03CE1500930E20002380C7011C
:101F800063F2CE0E03CF2500930F30002380E701CC
:101F900063FACF0C83C63500130740002380D700B7
:101FA0006372C70C83C2450013035000238057009F
:101FB000637AC30A83C35500130860002380770047
:101FC0006372C80A83C86500130E7000238017016E
:101FD000637ACE0883CE7500130F80002380D7016B
:101FE0006372CF0883CF8500930690002380F701AA
:101FF00063FAC60683C295001307A000238057002A
:102000006372C70603C3A5009303B0002380670073
:1020100063FAC30403C8B5009308C0002380070116
:1020200063F2C80403CEC500930ED0002380C7011D
:1020300063FACE0203CFD500930FE0002380E701BF
:1020400063F2CF0283C6E5009302F0002380D7003D
:1020500063FAC20083C5F5002380B70067800000E3
:10206000130500006780000013000000130000004B
:10207000832705000347950083C24701A304050099
:1020800033E5E2001375E5096780000013000000E6
:102090008327050003C58701678000001300000047
:1020A00003270500834795008342470133E3F2008D
:1020B000A304650013F5020667800000130000000A
:1020C000032705008347C70093E207042306570050
:1020D00067800000130000001300000013000000E0
:1020E000032705008347C70093F2F70B2306570029
:1020F00067800000000000000000000000000000F9
:102100009308F5FF9307100063FC173193821500C5
:102110001393020113570301935337001303700005
:102120009376770093050000173E0100130E4E943E
:10213000930E4000130F1000930FC00213F83300EA
:102140006384660863ECDE289382D6FF93970201CE
:102150001318280093D30701B3060E0163667F208E
:1021600083A7060193061700139706019382950033
:102170001357070163FA1207B306B60033E8F600F7
:1021800093733800639A032613881700B3830641BC
:1021900013B833006312082683A307009305800059
:1021A00023A0760083A7470023A2F600B385B600DC
:1021B0002380F501935337009376770093850200CF
:1021C00013F83300E39066F893172800B302FE007B
:1021D0009306170083A702031397060193829500C5
:1021E00013570701E3EA12F963F2A52013871500DC
:1021F000130E0700330FB540B33EE500930F1000F8
:102200006378E51EB308B6009307FFFF3303104160
:1022100013B8670093733300631E080E639C0E0EA1
:102220006386031E238008009378230063820802DC
:10223000B306E6002380060093023000138E2500CB
:10224000639853003307C60123000700138E35003F
:10225000338F7F40937ECFFF938FCEFF13D32F001A
:10226000B385750013081300B307B60093737800A5
:10227000B386D7016384030693081000638A1305AD
:10228000930220006382530413073000638AE30241
:10229000930F40006382F30313035000638A6300CB
:1022A000930560006398B31623A007009387470047
:1022B00023A007009387470023A0070093874700C8
:1022C00023A007009387470023A0070093874700B8
:1022D00023A00700938747006386F60223A0070028
:1022E00023A2070023A4070023A6070023A80700B2
:1022F00023AA070023AC070023AE07009387070239
:10230000E39EF6FCB385CE016382EE0F13871500C2
:10231000B308B60023800800637AA70C330EE600EA
:1023200023000E00138F25006372AF0CB30EE6017D
:1023300023800E0013883500637AA80AB3030601D0
:10234000238003009386450063F2A60AB308D600F3
:10235000238008009382550063FAA20833055600D3
:10236000230005006780000013071700931307017F
:102370009382550083A706001388150013D7030125
:10238000E3F412E783C30700B306B60093054000E9
:102390002380760083C317003308060123007800EA
:1023A00083C327002381760003C83700A381060179
:1023B000E38ED5DF83C34700930580002382760038
:1023C00003C85700A382060183C3670023837600F6
:1023D00083C77700A383F6006FF05FDD93132800B7
:1023E000B3067E0083A706026FF0DFD76780000088
:1023F000930F0F006FF01FE183C3070013881500D0
:1024000093058000238076006FF0DFF8138E0500BF
:102410006FF01FE423A00700938747006FF0DFE809
:102420009305000013071000930806006FF09FEE5D
:10243000832705001308050003C707006302072868
:102440009306C00213050000630AD7201305E002BB
:102450006306A722636AE51C130F57FD937FDF0F06
:1024600063860F0283A3450003A705009387170027
:10247000138313009306170023A2650023A0D50041
:10248000130510002320F8006780000003A7050053
:10249000138617009302170023A0550083C317006B
:1024A000638603266386D32083A68500138303FDFA
:1024B0009378F30F130E9000938E1600637E1E0127
:1024C0006384A31E23A4D50193872700130510005E
:1024D0002320F8006780000023A4D50103451600DF
:1024E000130616006302051E130FC0026304E517EE
:1024F000930FE0026308F503130705FD9372F70FCE
:1025000093039000E3FC53FC83A605019307160098
:10251000130510001386160023A8C5002320F80019
:102520006780000003A305019308130023A8150189
:102530006F004001938707FD13FFF70F930F900083
:1025400063E2EF138347160013061600638A071A27
:10255000130EC0026382C71593FEF70D13055004D6
:10256000E39AAEFC83A345019307160013053000E0
:102570009386130023AAD50003431600E30403F057
:102580009308C0026308131503AEC500930E53FDF4
:1025900013FFDE0F13051E0023A6A50093072600D8
:1025A00013051000E3100FEE834F2600930726005B
:1025B00013056000E3880FEC63841F1383A2850179
:1025C00013870FFD9373F70F938612001303900088
:1025D00023ACD500637A730093073600130510000F
:1025E0002320F800678000001306900083CE1700B8
:1025F000138E07009308C002138F0EFD93871700F8
:102600001375FF0F63840E0E63861E0FE370A6FE24
:1026100083AF450093072E001305100093821F001F
:1026200023A255006FF01FE6930307FD93F8F30F05
:1026300013069000E36816E303AE05001386170047
:10264000930E1E0023A0D50103C51700630E0506D7
:10265000E310D5EA9307060013054000938717009F
:102660006FF05FE203A74501930716001305100002
:102670009302170023AA55006FF0DFE083A2050044
:10268000138617001383120023A0650083C7170069
:1026900063880706E392D7EC930706001305500002
:1026A000938717006FF01FDE23A4D5016FF09FE919
:1026B0009307060013052000938717006FF09FDC37
:1026C000130500006FF01FDC9307060013054000A0
:1026D0006FF05FDB13053000938717006FF09FDA10
:1026E00013056000938717006FF0DFD913057000A2
:1026F0006FF05FD913057000938717006FF09FD8B4
:1027000093070600130550006FF0DFD7930706000C
:10271000130520006FF01FD7130000001300000006
:10272000130101F8232C8106232A9106232821076F
:102730002326310723244107232251072320610741
:10274000232E7105232E11061384050083C5050071
:10275000232681002328010223280100232A0102C5
:10276000232A0100232C0102232C0100232E010225
:10277000232E01002320010423200102232201042F
:10278000232201022324010423240102232601041D
:1027900023260102130B0500930B0600138A060083
:1027A000930A070093840700130901039309C100EA
:1027B000638C05569305090013850900EFF05FC788
:1027C000930705009392270013830205B3032300A8
:1027D0008326C10003A703FC9305090003C6060076
:1027E0001308170023A003FD13850900630A0608D8
:1027F000EFF01FC493080500139E2800930E0E05EA
:10280000338F2E008327C100832F0FFC930509000F
:1028100083C2070013831F0023206FFC1385090068
:1028200063800206EFF0DFC09303050013972300D7
:1028300093060705338626008328C100032806FC7B
:102840009305090003CE0800930E18002320D6FD3F
:102850001385090063060E02EFF09FBD13152500D6
:1028600093050505338F25008327C100832F0FFCB7
:1028700083C2070013831F0023206FFCE39C02F236
:1028800023268100330B64016378641993001000E0
:1028900063921A44034804009348F4FF330E1B016B
:1028A000930EC00213757E006306D801B34578010C
:1028B0002300B4009307140063FA67156302050C44
:1028C000130F10006302E50B930F20006304F5095A
:1028D0009302300063065506130340006308650445
:1028E00093005000630A150293036000630C7500A7
:1028F00003C707006306D701B34677012380D700DB
:102900009387170003C607006306D601B349760113
:10291000238037019387170003C807006306D80197
:10292000B3487801238017019387170003CE07006F
:102930006306DE0133457E012380A70093871700DD
:1029400083C507006386D50133CF75012380E70176
:102950009387170083CF07006386DF01B3C27F012F
:10296000238057009387170003C307006306D30132
:10297000B3407301238017009387170063F867093A
:1029800083C307006386D30133C773012380E70045
:1029900003C61700938617006306D601B349760174
:1029A000A380370183C716006386D70133C8770138
:1029B000A380060183C826006386D80133CE780140
:1029C0002381C60103C536006306D501B3457501F1
:1029D000A381B60003CF46006306DF01B34F7F013A
:1029E0002382F60183C256006386D20133C372018B
:1029F000A382660083C066006386D001B3C3700102
:102A00002383760093877600E3EC67F7834B04001B
:102A10009309C100638A0B2A9305090013850900F5
:102A2000EFF01FA1930E050013972E001306070564
:102A3000330826008326C100832808FC930509007B
:102A400003CE0600138F18002320E8FD138509002C
:102A5000630A0E08EFF0DF9D930F050093922F009D
:102A600013830205B3032300832BC10083A703FC58
:102A70009305090083CE0B001387170023A0E3FC06
:102A80001385090063800E06EFF09F9A1306050078
:102A90001318260093080805338E28008326C100EA
:102AA000032F0EFC9305090083CF060093021F003D
:102AB00023205EFC1385090063860F02EFF05F9709
:102AC0001315250093050505338325008327C100D1
:102AD000832303FC83CB0700938E13002320D3FDB5
:102AE000E39C0BF2232681006372641993091000A2
:102AF000639C3A21834A04001348F4FFB3080B0196
:102B0000130EC00213FF78006386CA01B3C64A01E0
:102B10002300D40013041400637A641563020F0CBD
:102B2000930F10006302FF0B9302200063045F0801
:102B3000130530006306AF06930540006308BF0429
:102B400013035000630A6F0293036000630C7F005D
:102B5000834704006386C701B3CB47012300740198
:102B600013041400834E04006386CE01B3C94E01E2
:102B70002300340113041400834004006386C00161
:102B800033C640012300C4001304140003470400AB
:102B90006306C701B34A470123005401130414001C
:102BA000034804006306C801B34848012300140128
:102BB00013041400034F04006306CF01B3464F0112
:102BC0002300D40013041400834F04006386CF0154
:102BD000B3C24F0123005400130414006378640946
:102BE000034504006306C501B34545012300B40055
:102BF00003431400930314006306C301B347430166
:102C0000A300F40003C413006306C401B34B4401E2
:102C1000A380730183CE23006386CE01B3C94E0126
:102C20002381330183C033006386C00133C6400172
:102C3000A381C30003C743006306C701B34A47012A
:102C40002382530103C853006306C801B3484801F7
:102C5000A382130103CF63006306CF01B3464F0184
:102C60002383D30013847300E36C64F7130A010118
:102C7000130B090003250A0093850400130A4A0078
:102C8000EF2010779305050003250B00130B4B0075
:102C9000EF20107693040500E31E2AFD8320C10770
:102CA0000324810783244107032901078329C106DF
:102CB000032A8106832A4106032B0106832BC105C3
:102CC000130101086780000023268100E36464E3A8
:102CD0006FF0DFF9930604009309C00283C3060076
:102CE00033C77301638433012380E600B386560142
:102CF000E3E666FF034604009309C100E31E06D025
:102D000023268100E37464F79300C00203460400A5
:102D100033474601630416002300E40033045401E2
:102D2000E36664FF6FF09FF4330BA400E36064B7C5
:102D30006FF0DFF300000000000000000000000062
:102D4000130101FA232E1104631405006F10806D26
:102D5000232C810413141500232631052324410557
:102D6000232C8103330AA040130C0600931907019A
:102D700033068600232821052322510523206105DF
:102D8000938A0500138B0600232A9104232E7103D6
:102D9000232A91032328A1032326B103130E050040
:102DA0001309070093D90901930606009305000053
:102DB000131A2A00338586403387A6409300E7FF25
:102DC00093D21000138312009373730093070500CE
:102DD0006384030A13081000638603099304200028
:102DE000638A930693083000638E1305930B4000AB
:102DF00063827305930C500063869303130D600088
:102E0000638AA301835D050093072500B38EB90192
:102E10002310D50103DF070093872700B38FE90153
:102E2000239FF7FF03D7070093872700B380E900AC
:102E3000239F17FE83D2070093872700338359000F
:102E4000239F67FE83D30700938727003388790089
:102E5000239F07FF83D4070093872700B388990037
:102E6000239F17FF83DB070093872700B38C79012B
:102E7000239F97FF6386D70603DD070083DD2700C6
:102E800003DF470083DE670083D0870083D3A7007A
:102E900003D8C70003D7E700B382A901B38FB901F4
:102EA000B384E901B38BD90133831900B388790066
:102EB000B38C0901338DE900239057002391F7016A
:102EC000239297002393770123946700239517019A
:102ED000239697012397A70193870701E39ED7F8CD
:102EE00093841500B306454163069E009385040054
:102EF0006FF05FEC13030000130E000033058640F3
:102F0000B307A640938DE7FF13DF1D00930E1F004C
:102F10009310230093F37E00B3875001130705003D
:102F20006382030C130810006382030B93022000DA
:102F300063845308930F30006386F307930B4000BC
:102F40006388730593085000638A1303930C600031
:102F5000638C9301031D0500130725009387470029
:102F6000B3062D0323AED7FE831D070093874700CA
:102F700013072700338F2D0323AEE7FF831E0700BF
:102F80009387470013072700B3802E0323AE17FE55
:102F90008313070093874700130727003388230311
:102FA00023AE07FF8312070093874700130727000C
:102FB000B38F220323AEF7FF831B070093874700DD
:102FC00013072700B3882B0323AE17FF831C0700CA
:102FD0009387470013072700338D2C0323AEA7FFE9
:102FE0006308E606831D070083102700831F470040
:102FF000031F6700831E8700831BA7000318C700F9
:103000008316E700B3832D03130707019387070295
:10301000B382200323A077FEB3882F0323A257FE99
:10302000B30C2F0323A417FF338D2E0323A697FF82
:10303000B38D2B0323A8A7FFB300280323AAB7FF50
:10304000B38F260323AC17FE23AEF7FFE31CE6F88D
:1030500013071E0033039300330645416306BE0089
:10306000130E07006FF09FE937FEFFFFB38B4A4155
:10307000330F90403369C90193860B00130500009C
:10308000130E0000130300001308000093183F0004
:10309000B3834601B3877640938EC7FF93D22E0049
:1030A000938C120013FD7C0013870300630E0D2820
:1030B000930D1000630CBD139300200063021D10DC
:1030C000930F30006308FD0D13064000630ECD081A
:1030D000130F50006304ED0793076000630AFD02BD
:1030E00013070E0003AE030013150501935E0501DF
:1030F0003303C301634469006F1080311383AE0052
:10310000931D030113D50D411303000013874300E2
:1031100093000E00032E0700931F050113D60F0125
:103120003303C3016358693A930EA60093920E01CC
:1031300013D502411303000013074700930C0E0040
:10314000032E0700131D0501935D0D013303C30119
:10315000635869361383AD00131F030113550F41E4
:10316000130300001307470093070E00032E070008
:1031700013150501935E05013303C30163586932DA
:10318000938DAE0093900D0113D500411303000001
:1031900013074700930F0E00032E070013160501B7
:1031A000135F06013303C3016358692E1303AF0095
:1031B0009312030113D502411303000013074700C4
:1031C000930C0E00032E0700131D0501935D0D01E6
:1031D0003303C3016358692A138FAD0093170F019E
:1031E00013D507411303000013074700930E0E0089
:1031F000032E070013150501935205013303C30184
:10320000635869261383A2009310030113D500416C
:1032100013030000130747006398E612130F18000A
:10322000B38613416382052D13080F006FF05FE62C
:10323000332EFE01832D4700B307CF01939E070174
:1032400093DC0E4113930C013306BD0113074700B5
:10325000935003016358C91283224700938EA00044
:1032600013950E019357054113060000939C070127
:103270003303560013DD0C0163586912130FAD00C0
:10328000832E8700131E0F01935F0E41130300006E
:1032900093970F01330DD30193DC07016358A913F2
:1032A0009380AC00832FC70013960001935D064105
:1032B000130D0000139F0D01B30CFD0193570F0177
:1032C00063589913832D07019382A700139302017A
:1032D00013550341930C000093100501338FBC017B
:1032E00013D600016358E91303254701930EA60086
:1032F000139D0E01135E0D41130F000093120E017A
:103300003303AF0093D0020163586912032E870183
:103310009387A000939C070193DF0C4113030000E7
:10332000939E0F013303C30113DD0E01635869122D
:10333000930DAD0013960D011355064113030000C4
:103340001307C701E38CE6EC832F07001316050172
:10335000135F0601330DF301E35CA9ED832D4700F4
:103360001305AF009312050193DC0241130D000019
:1033700013930C013306BD0113074700935003015B
:10338000E34CC9ECB3AFBF0183224700338FF00198
:10339000131E0F0193570E41939C070133035600F0
:1033A00013DD0C01E34C69ECB3AD5D00B300BD016E
:1033B000832E870013960001935F064193970F01B8
:1033C000330DD30193DC0701E34CA9ED33A5D20102
:1033D000B382AC00832FC70013930201935D0341B6
:1033E000139F0D01B30CFD0193570F01E34C99EDB1
:1033F00033AEFE01832D0701B38EC701139D0E016D
:1034000013550D4193100501338FBC0113D60001F4
:10341000E34CE9EDB3AFBF0103254701B307F60164
:10342000939C070113DE0C4193120E013303AF008E
:1034300093D00201E34C69ECB3ADAD00032E8701DC
:103440003386B001131F0601935F0F41939E0F0156
:103450003303C30113DD0E01E34C69EC3325C501D1
:10346000B302AD009390020113D500416FF05FED00
:10347000B3ACCE01338D9201931D0D0113D50D41D7
:103480006FF05FD9B3A0CC01B38F1D0013960F016D
:10349000135506416FF05FD5B3A7CF013305FF0089
:1034A000931E050113D50E416FF05FD1B3A2C70182
:1034B000B38C5E00139D0C0113550D416FF05FCD71
:1034C000B3A0CC01B38F1D0013960F011355064115
:1034D0006FF05FC933AFC001B307E6011395070171
:1034E000135505416FF05FC593050000EF20503A7A
:1034F000B3028B0093850A00930F0000232AA100DA
:10350000B38362419387E3FF93DC1700138E1C00A3
:10351000939E1F00137D7E00B306DC0113060B0093
:1035200093070000630E0D0C13031000630C6D0A6B
:1035300013052000630CAD0893003000630C1D06DA
:10354000930D4000630CBD0513075000630CED02A2
:1035500093086000630C1D01039F060003180B0015
:103560009386260013062B00B3070F0383930600F0
:10357000831C06009386260013062600338E9303D1
:10358000B387C701839E0600031D060093862600AD
:10359000130626003383AE03B387670083900600CB
:1035A000031506009386260013062600B38DA0029D
:1035B000B387B70103970600831806009386260099
:1035C00013062600330F1703B387E701039806009D
:1035D000831306009386260013062600B30C780298
:1035E000B3879701039E0600831E0600130626007C
:1035F00093862600330DDE03B387A7016300560AC6
:103600002326F1012328B100839F060083150600BD
:10361000831D2600839E2600039D4600031E460050
:103620003387BF0203936600831C6600839886007D
:10363000831086000398A600831FA600039FC60080
:103640008315C6000395E600B38EBE038313E60020
:10365000B387E7001306060193860601B30DCD0379
:10366000338DD701330E93033303BD01B38C18029E
:103670003307C301B308F803B30097013308BF024F
:10368000B38F1001330F7502B3850F01B387E501C6
:10369000E31C56F6832FC1008325010123A0F5000A
:1036A00093854500B38F9F00E39C75E50326410198
:1036B0009306000013050000130300001307000029
:1036C00093050000939B2600B3827A0193030300C5
:1036D00003A30200938EF4FF13150501330767005F
:1036E00093F73E00935D0501E356E9441387AD006F
:1036F0009318070113D50841130700009308100021
:103700001388420063F0981E638C071263861707C4
:1037100093002000638A1702130F030003A34200E3
:10372000931F050193DB0F0133076700E354E94A58
:103730009387AB001395070113550541130700004C
:103740009388180013084800930D03000323080012
:10375000131D0501135E0D0133076700E352E946AF
:103760001307AE00931F070113D50F411307000085
:103770009388180013084800930B030003230800E4
:103780009312050193D3020133076700E352E93E28
:10379000938DA300139D0D0113550D4113070000D8
:1037A000938818001308480063EC98086F00801392
:1037B0003323C301832E4800338F6000931F0F0112
:1037C00093D20F4193970201B38DD30193881800D0
:1037D0001308480013D507016354B90B832F480021
:1037E0001303A500131F030193500F41930D000015
:1037F00013970001B382FD01935B07016354590ADB
:10380000032388001385AB00131D050193570D4159
:1038100093020000139E070133876200935C0E0140
:103820006354E90A938BAC0093920B0193883800A0
:1038300013D50241130700001308C80063F4980A67
:10384000032E0800931C050193D00C01B303C7019C
:10385000E35079F6832E48001387A000931B0701DD
:1038600093D20B419303000093970201B38DD301D0
:10387000938818001308480013D50701E340B9F7EF
:10388000332DDE01832F4800330EA501931C0E015A
:1038900093D00C4113970001B382FD01935B0701A4
:1038A000E34059F6B3A3FE0103238800B38E7B00E7
:1038B000939D0E0193D70D41139E0701338762003C
:1038C000935C0E01E340E9F6B3A06F00338F1C0058
:1038D000931F0F019388380013D50F411308C800B8
:1038E000E3E098F693851500B3869600E3EC95DC4B
:1038F00093050600EF20C07993860A0093030C001D
:1039000013060000232CA100232E2101930D0B0090
:1039100013890600930000002328C100232AD10048
:1039200083970300039D0D001385F4FF1306100019
:10393000B387A703137375009386230033878D0025
:103940006378961A630C030E630AC30C130E2000EF
:103950006308C30B930C300063069309130F4000F8
:103960006304E307930F50006302F305930B6000B9
:103970006300730383920600831807001306200078
:10398000938643003388120333078700B387070108
:1039900083950600831E07001306160093862600F3
:1039A000338DD50333078700B387A701039506003E
:1039B000031307001306160093862600330E6502D4
:1039C00033078700B387C701839C0600031F0700E6
:1039D0001306160093862600B38FEC033307870087
:1039E000B387F701839B06008312070013061600B6
:1039F00093862600B3885B0233078700B3871701DD
:103A00000398060083150700130616009386260008
:103A1000B30EB80233078700B387D701039D0600B2
:103A20000315070013061600938626003303AD0224
:103A300033078700B3876700637C960A2326B101AA
:103A4000B30D8700839C0600031F0700839B0D00B6
:103A5000839F26003385EC03B3828D003388820078
:103A6000839D0200039E4600031F0800B3088800E0
:103A700083926600839E860003980800B38F7F03BD
:103A8000338D88008395A600B30C8D00031D0D00B7
:103A90000393C60033878C00839C0C008398E60058
:103AA000831B0700330EBE03B387A700B38DF70156
:103AB000130686009386060133078700B382E2036C
:103AC0003385CD01338F0E03B30E55003388A50324
:103AD000B385EE01330D930333830501B38F780370
:103AE000B30CA301B387FC01E36C96F4832DC100F2
:103AF0002320F9009380100013094900938D2D00B5
:103B0000E3E090E20329010183204101B3838300B4
:103B100013061900B3864041E36A96DE83258101CE
:103B20000329C101930600001305000013030000E0
:103B3000130700001306000093982600B38B1A01A8
:103B40009307030003A30B00138EF4FF93120501E8
:103B500033076700937D3E0013D502016352E97C71
:103B60001307A500131D070113550D41130700008E
:103B70009308100013884B0063F0981E638C0D129D
:103B800063861D07930F2000638AFD03930C0300D7
:103B900003A34B009310050193D300013307670083
:103BA000E354E904938DA30093920D0113D50241D0
:103BB000130700009388180013084800130F030030
:103BC0000323080013150501935E05013307670001
:103BD0006354E97C1387AE009310070113D50041AD
:103BE000130700009388180013084800930303008C
:103BF00003230800931B050113DE0B013307670045
:103C00006352E978130FAE0013150F0113550541E8
:103C100013070000938818001308480063EC980805
:103C20006F0080133323D301832D4800B38C6F00C2
:103C300093900C0193DB004193970B01B302BE01FB
:103C4000938818001308480013DF07016354590ACA
:103C5000832048001303AF00931C030193DF0C4142
:103C60009302000013970F01B38B120093530701C7
:103C70006354790B03238800138FA30013150F01DE
:103C800093570541930B0000939E070133876B0008
:103C900013DD0E016354E90A9303AD00939B030106
:103CA0009388380013D50B41130700001308C80090
:103CB00063F4980A832E0800131D0501935F0D011C
:103CC000330ED701E350C9F7832D48001387AF00A7
:103CD0009313070193DB0341130E000093970B012D
:103CE000B302BE01938818001308480013DF0701D0
:103CF000E34059F633A5BE0183204800B30EAF0060
:103D0000139D0E01935F0D4113970F01B38B1200AA
:103D100093530701E34079F733AE1D000323880076
:103D2000B38DC30193920D0193D70241939E070176
:103D300033876B0013DD0E01E340E9F6B3AF60009B
:103D4000B30CFD0193900C019388380013D500410A
:103D50001308C800E3E098F613061600B386960031
:103D6000E36C96DCEF20C03293050500938F0A00C8
:103D7000130F0C0093020000930D0B0013830F0030
:103D8000130E000083170F0003950D00938EF4FFB0
:103D900093081000338DA70213F73E0013082F007D
:103DA00033868D00935C2D4093535D4093F0FC006F
:103DB00093FBF307B380700363FA98146302070A56
:103DC0006306170793062000630AD70283170800CB
:103DD000031506009308200013084F00B38EA702B6
:103DE0003306860013DD2E4093DC5E401377FD0022
:103DF00093F3FC07B30B7702B380700183160800BE
:103E00008317060093881800130828003385F602EC
:103E100033068600935E2540135D554093FCFE00FB
:103E20001377FD07B383EC02B3807000831B080097
:103E3000831606009388180013082800B387DB0256
:103E40003306860013D5274093DE5740137DF500D7
:103E500093FCFE0733079D03B380E00063F8980AE4
:103E6000B3038600831E0800031D0600839B030026
:103E7000B387830083162800839307003386870067
:103E8000031548003387AE03831C0600831E6800B9
:103E9000938848001308880033068600B3867603AB
:103EA000135D274093575740937BFD0013F7F707A7
:103EB0003305750293D3264093D6564013FDF30085
:103EC00093F3F607B38E9E0393575540935C2540BA
:103ED00093FCFC0013F5F7073387EB0293D65E40A3
:103EE00093DB2E4093FEFB0093FBF607330D7D0220
:103EF000B380E000B383AC02B387A001B38C7E0330
:103F000033857700B3009501E3EC98F42320130088
:103F1000130E1E0013034300938D2D00E3649EE6F1
:103F200093821200330F8F00B38F4F41E3E692E488
:103F300013070000130500001308000093000000A1
:103F400093060000931D27003384BA011303080071
:103F500003280400138EF4FF93180501B3800001B9
:103F6000137A3E0013DB08016350193E1306AB00C1
:103F70009310060113D500419300000013031000B5
:103F8000930844006370931E630C0A1263066A066A
:103F900093032000630A7A02930708000328440071
:103FA000931C050113D50C01B3800001635819441B
:103FB000930DA50013940D011355044193000000C7
:103FC0001303130093884800130E080003A8080089
:103FD000131A0501135B0A01B38000016358193CF1
:103FE0001306AB009310060113D5004193000000A7
:103FF00013031300938848009303080003A80800E4
:104000009317050193DC0701B3800001635819344D
:10401000938FAC00939D0F0113D50D4193000000C9
:104020001303130093884800636C93086F00801398
:104030003328880083A34800330B0A01931E0B0129
:1040400093D00E4193970001B30C76001303130035
:104050009388480013D507016354990B03AA4800BD
:104060001304A500131E0401935D0E41930C000080
:1040700013980D01B38E4C01135B08016354D90BE7
:1040800003A888009303AB00939C030113D60C4153
:10409000930E000093170601B3800E0193D207011F
:1040A0006354190A938DA20013940D011303330076
:1040B00013550441930000009388C8006374930A69
:1040C00003A40800131E0501135A0E013386800055
:1040D000E350C9F683A34800930BAA00139D0B017C
:1040E00093500D411306000093970001B30C760026
:1040F000130313009388480013D50701E34099F791
:10410000B322740003AA4800330F5500931F0F0118
:1041100093DD0F4113980D01B38E4C01135B080121
:10412000E340D9F7B3AB430103A88800330D7B010B
:1041300093100D0113D6004193170601B3800E01B1
:1041400093D20701E34019F633250A01338FA20009
:10415000931F0F011303330013D50F419388C80039
:10416000E36093F69386160033079700E3EC96DC42
:10417000EF10107213030000130E000093151300CC
:10418000330ABC00035B0A00938EF4FF1307100090
:10419000B30B3B4123107A0113FD7E0093072A00E5
:1041A0006378971263000D0C6302ED0A130620007A
:1041B0006304CD089303300063067D06930C400032
:1041C00063089D0513085000630A0D039302600005
:1041D000630C5D0083502A001307200093074A00F8
:1041E000338F30412311EA0183DF070013071700E3
:1041F00093872700B38D3F41239FB7FF03D4070068
:104200001307170093872700B3083441239F17FF34
:1042100003D907001307170093872700B30A394112
:10422000239F57FF83D607001307170093872700A4
:10423000B3853641239FB7FE03DA07001307170043
:1042400093872700330B3A41239F67FF83DE0700E4
:104250009387270013071700B38B3E41239F77FFF7
:104260006378970603DD070083D3270083DC4700CC
:1042700083D2670003D8870083D0A70003D6C70086
:1042800083DDE700B30F3D41338F334133843C413D
:10429000B388324133093841B38A3041B3053641DE
:1042A000B3863D412390F7012391E70123928700D4
:1042B0002393170123942701239557012396B700D1
:1042C0002397D7001307870093870701E36C97F8BC
:1042D000130E1E0033039300E3629EEA032481055C
:1042E0008320C10513150501832441050329010518
:1042F0008329C104032A8104832A4104032B010476
:10430000832BC103032C8103832C4103032D010361
:10431000832DC1021355054113010106678000007A
:1043200033AF6700B30EE50113980E011355084132
:104330006FF01F8433AD6300338EAD01931C0E010B
:1043400013D50C416FF08FBBB32E0301B30BDB0110
:10435000139D0B0113550D416FF05FC233A503018F
:10436000B382AC00139F020113550F416FF05FCB76
:10437000B3AE6B00B387D301139507011355054105
:104380006FF00FC2B3A76300B30DFE0093920D014F
:1043900013D502416FF01F88332D6F00B38FAE012C
:1043A000939C0F0113D50C416FF0DF83B32E0E01E8
:1043B000B30BDB01139D0B0113550D416FF05FC370
:1043C000B3AC6D00B3009E01139F000113550F4164
:1043D0006FF00FBAB3226F00B3835B00939E0301AB
:1043E00013D50E416FF0CFB5B3AB6C00B38773013B
:1043F000139E070113550E416FF0CFFBB3A20701C7
:10440000330F5500931F0F0113D50F416FF05FBBA2
:10441000B322C701B38C5E00139D0C0113550D41EF
:104420006FE0DFCE93050000EF1090469305050086
:1044300013050000EF10D04593050500130500009B
:10444000EF1010459305050013050000EF105044D0
:104450008320C105131505011355054113010106FC
:10446000678000001300000013000000130000002C
:10447000130101FF23248100832685001304060015
:1044800013870500032645008325C5000325050085
:1044900023261100EFE0DF8A930504000324810046
:1044A0008320C100130101016F10903E1300000032
:1044B000130101FD232031032326810223249102CD
:1044C000232E4101232C5101130705009389060077
:1044D00063140600130610009307000063040738F6
:1044E00013881700B306080393882700938E3700BC
:1044F000938F4700138F570013836700138E770045
:1045000013850700938787009393360063FAE306C9
:104510003384180313050800131A34006372EA0683
:10452000B38ADE031385080093943A0063FAE40427
:10453000B382FF0313850E00139832006372E80400
:10454000B308EF0313850F00939E380063FAEE0261
:10455000B30F630213050F00139F3F006372EF0256
:10456000B306CE031305030013933600637AE3000A
:10457000B383F70213050E00139E3300E362EEF6D9
:104580003307A5029385F5FF93F7C5FF138A47000C
:10459000930A050093080A0013141700B3048A0055
:1045A000630E052A23222103232A61012328710196
:1045B00023268101232491012322A101370B01002D
:1045C000130F150013191500938F040093030000B7
:1045D00013081000338E9840930EFBFFB30B0F416E
:1045E00013FC3B009306080093850F0063080C0E34
:1045F000930C1000630E9C09130D20006306AC059C
:10460000330606039312080113D30201B308FE0117
:1046100093852F00130818001357F641935707018D
:10462000330BF600B37BDB013386FB40330CC30056
:10463000931C0C0113DD0C01B3026D002390AF013C
:1046400013F3F20F23906800330606039318080152
:1046500093D70801330BBE0013081800938525007B
:104660001357F641935B0701330C7601B37CDC01F1
:1046700033867C41338DC70093120D0113D30201A1
:10468000B308F300239F65FE93F7F80F2310FB0098
:1046900033060603131B0801935B0B01330CBE00AA
:1046A00093852500130818001357F641935C070102
:1046B000330D9601B372DD01338692413383CB0013
:1046C0009318030113DB0801B3077B01239F65FFE8
:1046D00093FBF70F23107C01630EE81133060603EA
:1046E00093072800139D070113530D0113071800AA
:1046F000931C0701131C080193520C0193DB0C015E
:10470000B30CBE00135DF641135D0D013306A60127
:104710003376D601330DA6413307ED023386A2016D
:10472000131D060113560D01B30256002390C50058
:1047300013FDF20F2390AC01138C0C0013860C00B8
:1047400093820C00935CF74113DD0C013307A70142
:10475000B37CD701338DAC41B307FD023387AB0186
:10476000931C070113DD0C01B30B7D012391A501FF
:1047700013F7FB0F2311EC00130B380093180B01F8
:1047800013DCF741935C0C01B387970133FDD7012C
:10479000B30B9D41338B6B0333077301131C07016C
:1047A000935C0C0133836C00239295019377F30F94
:1047B0002312F60093D80801130848001356FB4152
:1047C000135D0601B30BAB0133FBDB013306AB41D9
:1047D0003387C800131C0701935C0C01B3881C01CC
:1047E00013F3F80F239395012393620093858500BB
:1047F000E316E8EF938313003308D500330FAF00BF
:10480000B38F2F01E31C75DC03294102032B410107
:10481000832B0101032CC100832C8100032D410057
:10482000B38684001388F6FF9375C8FF1384450090
:1048300023A689000324C10223A2490123A49900CD
:1048400023A059018324810283290102032AC10183
:10485000832A810113010103678000001304000013
:104860006FF01FFC9384F5FF93F2C4FF938842001E
:1048700023222103232A6101232871012326810198
:10488000232491012322A101138A0800938462004A
:10489000930AF0FF130420001305F0FF6FF01FD2FE
:1048A000130805006304054813132500B308A0404E
:1048B000338765001305000093050000930F000087
:1048C000930E000093983800B3066740B307D740B3
:1048D0009382C7FF93D32200138E130093777E0039
:1048E000138E0600638A0728130F1000638AE713EC
:1048F0009302200063805710930330006386770C87
:10490000130F4000638CE70993025000638257063F
:104910009303600063887702138E0F0083AF060055
:1049200013150501135F0501B38EFE016356D63FD3
:10493000930EAF00139E0E0113550E41930E00000F
:10494000138E4600138F0F00832F0E0013150501E1
:1049500093520501B38EFE016356D63B938EA2009F
:1049600013950E0113550541930E0000130E4E00D2
:1049700093820F00832F0E009317050193D3070135
:10498000B38EFE016356D637938EA30093970E0124
:1049900013D50741930E0000130E4E0093830F00B2
:1049A000832F0E00131F050113550F01B38EFE0157
:1049B0006356D633930EA500139F0E0113550F4176
:1049C000930E0000130E4E0093820F00832F0E00F3
:1049D0001315050193570501B38EFE016356D62FBB
:1049E000938EA70013950E0113550541930E0000F9
:1049F000130E4E0093830F00832F0E0093170501B3
:104A000093D20701B38EFE016356D62B938EA2007C
:104A100093970E0113D50741930E0000130E4E001D
:104A200093820F00832F0E00131F050113550F01F2
:104A3000B38EFE016356D627930EA500139F0E0179
:104A400013550F41930E0000130E4E006316C7134B
:104A50009385150033871641E318B8E66780000098
:104A6000B3AF7F00B382F701832F4E00139F020183
:104A700093570F41939207013385FE01130E4E00A9
:104A800093D702016358A61283234E009387A70091
:104A9000139507019352054113050000139F02016E
:104AA000B3027500935E0F0163585612938EAE00E9
:104AB000832F8E0093920E0113DF024193020000B8
:104AC00093170F013385F20193DE07016358A61295
:104AD0008323CE00938EAE0013950E0193570541AC
:104AE00013050000139F07013305750093520F0152
:104AF0006358A6129382A200832F0E011395020120
:104B0000135F05411305000093170F01B302F50170
:104B100093DE07016358561283234E01938EAE0035
:104B200093920E0193D7024193020000139F070155
:104B30003385720093570F016358A6129387A7001D
:104B400013950701832F8E01135F0541931E0F01FB
:104B50001305000093D20E01B30EF5016358D6136E
:104B60001385A2009312050113D50241930E000094
:104B7000130ECE01E30EC7ED83230E0013150501BE
:104B800093570501B38E7E00E35CD6ED938EA700AC
:104B9000832F4E0013950E0193570541930E00008D
:104BA000939207013385FE01130E4E0093D7020145
:104BB000E34CA6ECB3A3F301338F770083234E00BD
:104BC000931E0F0193D20E41139F0201B302750091
:104BD000935E0F01E34C56ECB3AF7F00B387FE0149
:104BE000832F8E0013950701135F054193170F0163
:104BF0003385F20193DE0701E34CA6ECB3A3F30186
:104C0000338F7E008323CE0093120F0193D702418E
:104C1000139F07013305750093520F01E34CA6EC77
:104C2000B3AF7F00B387F201832F0E01939E07017C
:104C300013DF0E4193170F01B302F50193DE070155
:104C4000E34C56ECB3A3F301338F7E0083234E0174
:104C500013150F0193570541139F07013385720008
:104C600093570F01E34CA6ECB3AF7F00B38EF7016F
:104C700093920E01832F8E0113DF0241931E0F01C9
:104C800093D20E01B30EF501E34CD6EDB3A3F301BD
:104C9000338F720093170F0113D507416FF05FED4B
:104CA000B3A3F201B30775009392070113D5024134
:104CB0006FF09FD933AFF3013385E2019313050100
:104CC00013D503416FF09FD5B3A3F201338F770063
:104CD00093120F0113D502416FF09FD1B3A2F301DC
:104CE000B30755009393070113D503416FF09FCD90
:104CF00033AFF2013385E3019312050113D502416D
:104D00006FF09FC9B327FF01B383F200139F030124
:104D100013550F416FF09FC5B327FE01B302FF008B
:104D20009393020113D503416FF09FC11305000057
:104D30006780000013000000130000001300000053
:104D40006306051A130101FF23268100B303A04067
:104D50001314150033088600930F0000930200001F
:104D600093932300B3088840330618411303E6FFEA
:104D700013571300130E170093972F00937E7E0096
:104D8000B387F5001387080063820E0C130F100021
:104D90006382EE0B130620006384CE0813033000F9
:104DA00063866E06130E40006388CE05130F500015
:104DB000638AEE0313066000638CCE00839E0800B6
:104DC00013872800938747003383DE0223AE67FEF4
:104DD000031E07009387470013072700330FDE02E7
:104DE00023AEE7FF0316070093874700130727004A
:104DF000B30ED60223AED7FF0313070093874700F5
:104E000013072700330ED30223AEC7FF031F07008B
:104E100093874700130727003306DF0223AEC7FE40
:104E2000831E070093874700130727003383DE02A2
:104E300023AE67FE031E0700938747001307270072
:104E4000330FDE0223AEE7FF6304E808232491005A
:104E50002322210123203101831907000319270090
:104E600083144700031F6700831E8700031EA700EB
:104E70000313C7000316E700B389D902130707011C
:104E8000938707023309D90223A037FFB384D402E2
:104E900023A227FF330FDF0223A497FEB38EDE0287
:104EA00023A6E7FF330EDE0223A8D7FF3303D30286
:104EB00023AAC7FF3306D60223AC67FE23AEC7FE84
:104EC000E31CE8F8832481000329410083290100C1
:104ED00093821200B38FAF0033887840E31455E813
:104EE0000324C100130101016780000067800000F6
:104EF000630C05229316060193131500B302A0401C
:104F000093D6060133867500930F0000939222001A
:104F1000B30576403307B6401303E7FF93571300FA
:104F20001388170093787800938705006384080A34
:104F3000130E10006386C809930E2000638AD807F9
:104F4000130F3000638EE805130740006382E80406
:104F5000130350006386680213086000638A080127
:104F600083D8050093872500338E16012390C50151
:104F700083DE070093872700338FD601239FE7FF47
:104F800003D70700938727003383E600239F67FE3C
:104F900003D8070093872700B3880601239F17FFD4
:104FA00003DE070093872700B38EC601239FD7FF38
:104FB00003DF0700938727003387E601239FE7FE7F
:104FC00003D307009387270033886600239F07FFDA
:104FD0006306F614130101FF2326810003D40700A2
:104FE00003DF270083DE470003DE670003D387006B
:104FF00083D8A70003D8C70003D7E700338486000F
:10500000338FE601B38ED601338EC601338366003B
:10501000B3881601338806013387E60023908700A2
:105020002391E7012392D7012393C70123946700BB
:1050300023951701239607012397E700938707011C
:10504000E31EF6F8938F1F00338655406302F50D7B
:10505000B3057640B307B6401384E7FF135F14002F
:10506000930E1F0013FE7E0093870500E3080EF6E3
:1050700013031000630E6E069308200063021E07E0
:105080001308300063060E0513074000630AEE02A2
:1050900013045000630E8E00130F60006318EE09B6
:1050A00003D3070093872700B3886600239F17FF69
:1050B00003D807009387270033870601239FE7FE65
:1050C00003D4070093872700338F8600239FE7FFD1
:1050D00083DE070093872700338ED601239FC7FF07
:1050E00003D3070093872700B3886600239F17FF29
:1050F00003D807009387270033870601239FE7FE25
:10510000E31EF6EC938F1F0033865540E312F5F54E
:105110000324C1001301010167800000938F1F0069
:1051200033865540E316F5DF6780000083DE050017
:1051300093872500338ED6012390C5016FF05FF66B
:10514000630A0520931E250013131500130101FDAA
:1051500093880500B38ED50133836600130E0000DB
:10516000B305D3409382E5FF93D312001387130056
:1051700093171E00937F7700B307F600138706008E
:1051800013080000638E0F0C130F1000638CEF0BDD
:1051900093052000638CBF0893023000638C5F0688
:1051A00093034000638C7F04130F5000638CEF0364
:1051B00093056000638CBF0003980700839F06007F
:1051C00093872700138726003308F803839207008C
:1051D000831307009387270013072700338F72027A
:1051E0003308E80183950700831F07009387270092
:1051F00013072700B382F503330858008393070091
:10520000031F07009387270013072700B385E303D5
:105210003308B800839F0700831207009387270095
:1052200013072700B3835F023308780083950700D4
:10523000031F07009387270013072700B38FE50399
:105240003308F80183920700831307001307270030
:1052500093872700B38572023308B8006300E30E1A
:1052600023268102232491022322210323203103B8
:10527000232E4101232C5101232A6101232871018E
:1052800023268101232491018394070083190700B9
:10529000831C2700839A270003994700031C4700BB
:1052A000B385340303946700831B670083938700EF
:1052B000031B87008392A700031AA700839FC700E0
:1052C0008319C700039FE700B38A9A038314E7009A
:1052D0003308B8001307070193870701B30C89034C
:1052E00033095801330C740333049901B38B6303FE
:1052F000B3058401B3834203338B7501B3823F034B
:10530000330A7B00B30F9F02B3095A003388F901B7
:10531000E31CE3F60324C102832481020329410232
:1053200083290102032AC101832A8101032B410140
:10533000832B0101032CC100832C810023A00801D1
:1053400093884800330EAE00E39C1EE11301010375
:105350006780000067800000130000001300000059
:1053600063000528130101FC9303060013161500C2
:10537000232C9102232A210323283103232E810287
:10538000938906002326410323245103232261032A
:1053900023207103232E8101232C9101232AA101B3
:1053A0002328B10113090500B38FC3009306000041
:1053B000930400001394260033848500938209002F
:1053C000130A00002326B10033887F401303E8FF4F
:1053D000135513009305150013F77500138503008B
:1053E0009385020093070000630E070C93081000DA
:1053F000630C170B930A2000630C5709130B300042
:10540000630C6707930B4000630C7705130C500087
:10541000630C8703930C6000630C97018397030070
:10542000039D020013852300B385C200B387A70341
:10543000831D0500039E050013052500B385C500E7
:10544000B38ECD03B387D701031F05000398050072
:1054500013052500B385C50033030F03B387670029
:10546000031705008398050013052500B385C500C3
:10547000B30A1703B3875701031B0500839B05007D
:1054800013052500B385C500330C7B03B387870163
:10549000831C0500039D050013052500B385C50089
:1054A000B38DAC03B387B701031E0500839E0500CF
:1054B00013052500B385C500330FDE03B387E7016D
:1054C0006386AF0A3383C500039705000318050000
:1054D000831B0300031B25003308E802B308C30045
:1054E000338CC800839A0800831D4500031D0C00FF
:1054F000B30CCC00031F6500B385CC00831E850070
:10550000330B7B03839C0C00031EA500039C05004A
:105510003387C5000313C500831B0700B305C7000D
:105520008318E50003970500B38D5D03B38707017A
:10553000B38A670113050501B385C500330FAF03B7
:105540003388BA01338D9E03B30EE801B30C8E038A
:10555000338EAE01330C730333039E01338BE802A9
:10556000B30B8301B3876B01E39EAFF42320F400F8
:1055700013051A0013044400938222006306A90055
:10558000130A05006FF05FE48325C1001384140043
:10559000B383C300B3862601B38FCF006386440173
:1055A000930404006FF01FE10324C10383248103EB
:1055B0000329410383290103032AC102832A8102AB
:1055C000032B4102832B0102032CC101832C810197
:1055D000032D4101832D01011301010467800000A7
:1055E000678000001300000013000000130000009B
:1055F00063080520130101FE13181500232E8100F6
:10560000232C9100232A2101232831012326410143
:105610002324510123226101930F05001384050007
:1056200093840600930E0600B3080601930200005F
:1056300093030000139E2200330EC4011383040061
:10564000130F0000B387D8411385E7FF935515006A
:1056500013861500937936001305030013870E0097
:1056600013090000638C0908930610006380D906B3
:10567000130A20006386490303990E00831A03006E
:1056800013872E0033050301330B590393552B4029
:1056900093575B4013F6F50093F9F7073309360388
:1056A000031A0700831605001307270033050501B9
:1056B000B30ADA0213DB2A4093D55A401376FB0073
:1056C00093F7F507B309F60233093901031A070006
:1056D000831605001307270033050501B30ADA0214
:1056E00013DB2A4093D55A401376FB0093F7F50756
:1056F000B309F602330939016386E80A330A050162
:1057000083160700831A0500031B0A00B3070A016A
:1057100083152700039A0700338507010316470006
:10572000B3895603831A05008316670013078700A1
:1057300033050501B385650393D7294013DB594031
:105740009379FB0793F7F7003306460313DA2540F6
:1057500093D55540137BFA0013FAF507B386560329
:10576000935A26401356564093F5FA00937AF6075B
:10577000B387370393D9264093D6564013F6F900E2
:1057800093F9F607330B4B033309F900338A5503BA
:10579000B3056901B30A3603B3874501338957015D
:1057A000E39EE8F423202E0113071F00130E4E0082
:1057B000130323006386EF00130F07006FF09FE8C9
:1057C000138E1300B38E0E01B382F201B388080169
:1057D0006386E30193030E006FF0DFE50324C1014C
:1057E000832481010329410183290101032AC10086
:1057F000832A8100032B410013010102678000000E
:1058000067800000000000000000000000000000B1
:105810009307500063E4A70417F700001307472914
:1058200013152500B302E50003A30200B303E30050
:105830006780030003A581D16780000003A501D222
:105840006780000003A5C1D16780000003A5C1CF18
:105850006780000003A581CF67800000130500006A
:105860006780000013000000130000001300000018
:10587000B347B50093F21700B7A6FFFF13831600D6
:10588000B303504033F6630093D515003347B60099
:105890001318070193580801135E1500B34E1E013B
:1058A00013FF1E00B30FE041B3F26F0093D718004F
:1058B000B3C6F2009393060113D603019355250056
:1058C00033C7C50013781700B308004133FE6800E2
:1058D000935E1600334FDE01931F0F0193D20F0129
:1058E00093573500B3C6570093F316003306704044
:1058F000B375660013D7120033C8E500931808018A
:1059000013DE0801935E450033CFCE01937F1F0065
:10591000B302F041B3F7620093561E00B3C3D70041
:105920001396030193550601135755003348B700EA
:1059300093781800330E1041B37E6E0013DF15000C
:10594000B3CFEE0193920F0193D6020193576500F6
:10595000B3C3D70013F61300B305C04033F8650096
:1059600013D71600B348E800139E0801935E0E019A
:1059700013557500334FD501937F1F00B302F041DB
:1059800033F3620093D61E00B347D300939307010D
:1059900013D503016780000013000000130000000E
:1059A0009377F50FB3C6B70093F2160037A7FFFF42
:1059B00013031700B303504033F6630093D515006B
:1059C0003348B6009318080113DE080193DE170070
:1059D00033CFCE01937F1F00B306F041B3F26600D0
:1059E00013571E00B3C3E20013960301935506013B
:1059F00013D82700B348B80013FE1800B30EC041F7
:105A000033FF6E0093DF1500B346FF01939206014A
:105A100013D7020193D3370033C6E3009375160002
:105A20003308B040B3786800135E1700B3CEC801E6
:105A3000139F0E01935F0F0193D64700B3C2F60187
:105A400013F71200B303E040B3F5630013D61F0051
:105A500033C8C5009318080113DE080193DE570010
:105A600033CFCE01937F1F00B306F041B3F266003F
:105A700013571E00B3C3E2009395030113D605012B
:105A800013D86700B348C80013FE1800B30EC04116
:105A900033FF6E00935F1600B346FF019392060139
:105AA00013D7020193D77700B3C3E70093F5130030
:105AB0003306B0403378660093581700334E180110
:105AC000931E0E011355850013DF0E01B34FE50140
:105AD00093F61F00B302D04033F7620093571F00C4
:105AE000B343F7009395030113D60501135815002E
:105AF000B348C80013FE1800B30EC04133FF6E0058
:105B0000935F1600B346FF019392060113D702017B
:105B100093572500B3C3E70093F513003306B04055
:105B20003378660093581700334E1801931E0E0108
:105B300013DF0E01935F3500B3C6EF0193F2160039
:105B400033075040B373670093571F00B3C5F3008A
:105B500013960501135806019358450033CE0801EA
:105B6000937E1E00330FD041B37F6F009356180011
:105B7000B3C2DF00139702019353070193575500F7
:105B8000B3C5770013F615003308C040B37868003A
:105B900013DE1300B3CEC801139F0E01935F0F01F4
:105BA00093566500B3C2F60113F71200B303E04049
:105BB000B3F7630093D51F0033C6B700131806016F
:105BC0009358080113557500334E1501937E1E003E
:105BD000330FD04133736F0093DF1800B346F301E6
:105BE0009392060113D502016780000013000000A4
:105BF0001377F50F3346B70093721600B7A7FFFF70
:105C000013831700B3035040B3F6630093D5150018
:105C100033C8B6009318080113DE0801935E17001D
:105C200033CFCE01937F1F003306F041B37266007D
:105C300093571E00B3C3F2009396030193D5060158
:105C400013582700B348B80013FE1800B30EC04124
:105C500033FF6E0093DF15003346FF0193120601F8
:105C600093D7020193533700B3C6F30093F51600A0
:105C70003308B040B378680013DE1700B3CEC80114
:105C8000139F0E01935F0F0113564700B342F601B5
:105C900093F71200B303F040B3F5630093D61F00EF
:105CA00033C8D5009318080113DE0801935E57002E
:105CB00033CFCE01937F1F003306F041B3726600ED
:105CC00093571E00B3C3F2009395030193D60501C9
:105CD00013586700B348D80013FE1800B30EC04134
:105CE00033FF6E0093DF16003346FF019312060167
:105CF00093D7020113577700B343F70093F51300CE
:105D0000B306B04033F8660093D81700334E18013D
:105D1000931E050113DF0E0113160E01935F8F0012
:105D200093520601B3C75F0013F71700B303E040B7
:105D3000B3F5630093D6120033C8D5009318080159
:105D400013DE080193DE1F0033CFCE0113761F0050
:105D5000B302C040B3F7620013571E00B3C3E7009D
:105D60009395030193D6050113D82F00B348D800AB
:105D700013FE1800B30EC04133FF6E0013D6160099
:105D8000B342CF009397020113D7070193D33F008B
:105D9000B3C5E30093F615003308D040B37868002C
:105DA000135E1700B3CEC801139F0E0193520F016B
:105DB00013D64F00B347560013F71700B303E04064
:105DC000B3F5630093D6120033C8D50093180801C9
:105DD00013DE080193DE5F0033CFCE0193721F0004
:105DE00033065040B377660013571E00B3C3E70075
:105DF0009395030193D6050113D86F00B348D800DB
:105E000013FE1800B30EC04133FF6E0093D216008C
:105E100033465F009317060113D7070193DF7F0016
:105E2000B3C3EF0093F51300B306B04033F8660038
:105E300093581700334E1801131F0E011355050117
:105E4000937EF50F93520F0133C65E0093771600D1
:105E50003307F040B37F670093D31200B3C57F00D0
:105E60009396050113D8060193D81E0033CE08017E
:105E7000137F1E00B302E04133F66200935718000F
:105E80003347F600931F070193D30F0193D52E00DC
:105E9000B3C6750013F81600B308004133FE68005E
:105EA00013DF1300B342EE0113960201935706016C
:105EB00013D73E00B34FF70093F31F00B3057040B4
:105EC00033F8650093D61700B348D800139E080135
:105ED000135F0E0193D24E0033C6E2019377160092
:105EE0003307F040B37F670093531F00B3C57F00B3
:105EF000139805019356080193D85E0033CED8005D
:105F0000137F1E00B302E04133F6620093D7160000
:105F10003347F600931F070193D30F0193D56E000B
:105F200033C8750093761800B308D04033FE68007C
:105F300013DF1300B342EE011396020193570601DB
:105F400093DE7E0033C7FE00937F1700B303F0415A
:105F5000B3F5630013D81700B3C605019398060183
:105F60001355850013DE0801334FC50193721F00DE
:105F700033065040B3776600935E1E0033C7D701E7
:105F8000931F070193D30F019355150033C8750074
:105F900093761800B308D04033FE680013DF130077
:105FA000B342EE011396020193570601935E25005A
:105FB00033C7FE00937F1700B303F041B3F56300CE
:105FC00013D81700B3C605019398060113DE080124
:105FD000135F3500B342CF0113F61200B307C04080
:105FE000B3FE670013571E00B3CFEE0093930F016B
:105FF00093D5030113584500B346B80093F8160033
:10600000330E1041337F6E0093D2150033465F008C
:106010009317060193DE070113575500B34FD701BD
:1060200093F31F00B305704033F8650093D61E004C
:10603000B348D800139E0801135F0E019352650008
:1060400033C6E20193771600B30EF04033F76E00CB
:10605000935F1F00B343F7019395030113D8050124
:1060600013557500B346050193F81600330E104121
:1060700033736E00135F1800B342E30113960201FD
:106080001355060167800000130000001300000094
:106090009377F50FB3C6B70093F2160037A7FFFF4B
:1060A00013031700B303504033F6630093D5150074
:1060B0003348B6009318080113DE080193DE170079
:1060C00033CFCE01937F1F00B306F041B3F26600D9
:1060D00013571E00B3C3E200139603019355060144
:1060E00013D82700B348B80013FE1800B30EC04100
:1060F00033FF6E0093DF1500B346FF019392060154
:1061000013D7020193D3370033C6E300937516000B
:106110003308B040B3786800135E1700B3CEC801EF
:10612000139F0E01935F0F0193D64700B3C2F60190
:1061300013F71200B303E040B3F5630013D61F005A
:1061400033C8C5009318080113DE080193DE570019
:1061500033CFCE01937F1F00B306F041B3F2660048
:1061600013571E00B3C3E2009395030113D6050134
:1061700013D86700B348C80013FE1800B30EC0411F
:1061800033FF6E00935F1600B346FF019392060142
:1061900013D7020193D77700B3C3E70093F5130039
:1061A0003306B0403378660093581700334E180119
:1061B00013150501935E0501931F0E0113DF8E0079
:1061C00093D20F01B3465F0013F71600B307E04008
:1061D000B3F3670093D5120033C6B300131806015A
:1061E00093580801135E1F0033451E01937E15006E
:1061F000B30FD041B3F26F0093D6180033C7D2006B
:106200009317070193D3070193552F0033C67500E9
:1062100013781600B308004133FE680013D513004D
:10622000B34EAE00939F0E0193D20F0193563F00E1
:1062300033C7560093771700B303F040B3F56300FC
:1062400013D6120033C8C5009318080113DE0801E5
:1062500013554F00B34EC50193FF1E00B302F0412A
:1062600033F7620093561E00B347D700939307019C
:1062700093D5030113565F003348B6009378180096
:10628000330E104133756E0093DE1500B34FD50108
:1062900093920F0113D7020193566F00B3C7E60024
:1062A00093F31700B305704033F6650013581700D9
:1062B000B3480601139E0801935E0E01135F7F0031
:1062C0003345DF01937F1500B302F04133F36200E1
:1062D00013D71E00B346E3009397060113D50701B9
:1062E000678000001300000013000000130000008E
:1062F000130500006780000000000000000000009F
:10630000F32700B023AAF1D067800000130000003B
:10631000F32700B023A8F1D067800000130000002D
:1063200003A501D183A741D13305F5406780000063
:10633000130101FF23261100EF201002970701002F
:10634000938747A003A6070083A64700EF1050607D
:106350008320C100130101016780000013000000C9
:10636000930710002300F500678000001300000071
:10637000230005006780000000000000000000000E
:10638000130101FE232C810003140500232E1100AC
:106390009357744093F01700638C00008320C10171
:1063A0001375F407032481011301010267800000C3
:1063B000135734409372F7009396420083D78503B6
:1063C000232A9100232631019384050023282101EB
:1063D000B385D20013767400930905001387050076
:1063E00063000608130510006314A6061386070051
:1063F00013858402EFE0CF8703D8C4039318050107
:1064000013D90841631C080883D78403239EA40280
:1064100093850700EFF0CFD8930E0500137F04F0AB
:106420001375F907B36FE501239CD40313E40F0838
:10643000239089008320C101032481018324410129
:10644000032901018329C1001301010267800000B3
:10645000131E040113550E01130904006FF05FFBB6
:10646000130310026364B300130720028396240011
:106470000396040083A5440103A58401EFC04FAA3D
:1064800083D3E403131905011359094163980300E9
:1064900083D78403239FA4026FF09FF783D78403DD
:1064A0006FF01FF71300000013000000130000003E
:1064B000130101FE232A910083140500232E1100ED
:1064C000232C810093D774402328210123244101E8
:1064D0002326310193F017001389050013040600E9
:1064E00013FAF407639A000613D734409372F70047
:1064F00093964200B385D20013F674008357840349
:10650000930905001387050063080614130510009E
:106510006316A60E1386070013058402EFD05FF5FD
:106520000358C4039318050113DA084163140816CD
:1065300083578403231EA40293850700EFF04FC600
:10654000137AFA0793FE04F0336FDA01231CA402D6
:10655000936F0F082390F9018314090093D77440B7
:1065600093F0170093FEF4076398000693D9344024
:1065700013F7F90093124700B305570013F67400A0
:106580008357840313870500630A06081305100068
:10659000631EA6061386070013058402EFD05FED85
:1065A0000358C4039318050193D908416318080ED2
:1065B00083578403231EA40293850700EFF04FBE88
:1065C00093FEF90713FF04F0B3EFEE01231CA402BE
:1065D00013E40F08231089008320C10103248101E3
:1065E00083244101032901018329C1003305DA41D4
:1065F000032A81001301010267800000139E040139
:1066000013550E01138A04006FF01FF3139E04014B
:1066100013550E01938904006FF01FFA93061002C0
:1066200063E4B60013072002831624000316040057
:106630008325440103258401EFC08F8E0353E403B7
:106640009313050193D90341631A03048357840309
:10665000231FA4026FF05FF6130310026364B300FC
:106660001307200283162400031604008325440127
:1066700003258401EFC0CF8A8353E403131A050175
:10668000135A0A416398030083578403231FA4020B
:106690006FF09FEA835784036FF01FEA83578403E8
:1066A0006FF09FF1130000001300000013000000C2
:1066B000630A060003152500839525003305B540C0
:1066C00067800000831705001397070193520701A5
:1066D00013F307F093D38200336673002310C500D1
:1066E00083960500031525001398060193580801A9
:1066F00013FE06F093DE8800336FDE012390E50180
:10670000839525003305B540678000001300000025
:1067100003970500839725002310E5002311F5005A
:106720006780000013000000130000001300000049
:1067300083184500130101FC232C810223225103FD
:10674000232E1102232A9102232821032326310319
:106750002324410323206103232E7101232C810173
:10676000232A91012328A1012326B10103244502F4
:10677000930A050013880500635A107F938B050068
:10678000130300009305000013050000130E000022
:1067900093FCF50F63CE0B406302047E9307040065
:1067A0006F00C00083A707006388070083A247002B
:1067B00083932200E39873FF83240400130D0000E9
:1067C0002320A401130604006386040883A60400A2
:1067D00023A0C40013840400638E060603A90600E8
:1067E00023A0960013840600630609068329090086
:1067F0002320D90013040900638E090403AA0900A9
:1068000023A029011384090063060A04032B0A004C
:1068100023203A0113040A00630E0B02032C0B0021
:1068200023204B0113040B0063060C02832E0C0083
:1068300023206C0113040C00130D0C00638C0E005C
:1068400013840E00832404002320A40113060400F3
:10685000E39E04F66380073883AD4700039F0D0075
:10686000937F1F00638C0F0013579F409370170096
:10687000330E1E0093120E0113DE020183A30700E4
:10688000638C030083A4030023A0970083270400E4
:1068900023A0F3002320740013051500131605012F
:1068A0001355060163C80B00938B1B00139D0B014E
:1068B000935B0D4193851500939D050193D50D4183
:1068C000E398B8EC93182500338F6840B30FEE01BE
:1068D00013970F01935407016348004D832A040066
:1068E0001309040083A90A0003AD4A0003A3490069
:1068F00083A6090023A26A0023A2A90123A0DA002B
:1069000023A0090063CE0B28832C4900839E2C0012
:10691000638C7E010329090063000964832C49000C
:10692000839E2C00E3987EFF832D44009385040012
:1069300003950D00EFF0CFF503290900930405003E
:106940006304090C8328440093050500039508009F
:10695000EFF00FF4032B09009304050063060B0A04
:10696000032F44009305050003150F00EFF04FF2CD
:10697000832A0B009304050063880A08832F4400D0
:106980009305050003950F00EFF08FF003AA0A00AE
:1069900093040500630A0A060327440093050500D3
:1069A00003150700EFF0CFEE032C0A009304050057
:1069B000630C0C040328440093050500031508002C
:1069C000EFF00FED032D0C0093040500630E0D0294
:1069D000832044009305050003950000EFF04FEB82
:1069E000832C0D009304050063800C028322440075
:1069F0009305050003950200EFF08FE903A90C0051
:106A000093040500E31209F20329040003AD4900D1
:106A100083254900032E0900930E100023A2B9001C
:106A20002322A90123A0C90123203901930A1000C0
:106A3000630404249306000013090000130B0000F4
:106A400093F37E00130B1B009308040093070000D0
:106A50006384030863D6D70F8328040093071000CC
:106A60006380080E638AF306130620006380C30662
:106A7000130530006386A30413034000638C630294
:106A80009309500063823303930B600063887301A2
:106A900083A80800930720006384080A83A80800DD
:106AA00093871700638E080883A808009387170050
:106AB0006388080883A80800938717006382080882
:106AC00083A8080093871700638C080683A8080032
:106AD000938717006386080663D4D70783A8080046
:106AE00093871700938D0700638C080483A8080020
:106AF000938717006386080483A8080093872D00F6
:106B00006380080483A8080093873D00638A080215
:106B100083A8080093874D006384080283A80800B7
:106B200093875D00638E080083A8080093876D003B
:106B30006388080083A8080093877D00E39E08F817
:106B40001306040093850E00138408006352F002BC
:106B50006398050A93020600032606009387F7FF51
:106B60006386060223A0560093860200E342F0FEED
:106B70006358B00E6308040E63960708930204007E
:106B80009385F5FF03240400E39E06FC13890200AD
:106B9000938602006FF09FFD03290900630E093AF6
:106BA000032A4900034C0A00E3988CFF6FF0DFD7FB
:106BB0006306043C930704006F00C00083A707002E
:106BC000E38C07BE03A7470083400700E3981CFE41
:106BD0006FF09FBE832604001303130013190301F3
:106BE00083A9460013530901038A1900137B1A0075
:106BF000330C6E01931E0C0113DE0E016FF09FCA61
:106C0000E30A04F48323460003254400839D030024
:106C100003132500039E230093980D0113DF080141
:106C200013FA0DF0935F8F00336CFA012390830108
:106C300003170500131D070113580D01937C07F07E
:106C400093508800B3E91C0023103501E354C3F1CD
:106C5000930204009385F5FF032404006FF05FF0B6
:106C6000E31004DE23A00600630C5B01130409009B
:106C7000939E1E00E31004DC23200000730010002C
:106C8000832B090063820B0E832649009385040041
:106C900003950600EFF0CFBF03A40B00930405009B
:106CA0006304040C032B49009305050003150B0036
:106CB000EFF00FBE832A04009304050063860A0ADE
:106CC000032F49009305050003150F00EFF04FBC9B
:106CD00003AA0A009304050063080A08832F4900E9
:106CE0009305050003950F00EFF08FBA032C0A00FF
:106CF00093040500630A0C06032749009305050069
:106D000003150700EFF0CFB8032D0C009304050026
:106D1000630C0D04032849009305050003150800C2
:106D2000EFF00FB7832C0D0093040500638E0C0267
:106D3000832049009305050003950000EFF04FB54F
:106D400083A90C0093040500638009028322490093
:106D50009305050003950200EFF08FB383AB0900A4
:106D600093040500E3920BF28320C1030324810303
:106D7000032901038329C102032A8102832A4102D4
:106D8000032B0102832BC101032C8101832C4101C0
:106D9000032D0101832DC1001385040083244103C9
:106DA0001301010467800000130B1000E30604ECDC
:106DB00093090000130A0000130C000013787B00F5
:106DC000130C1C0093070400130900006304080857
:106DD0006356690F83270400130910006380070EB0
:106DE000630A28079300200063001806930230000E
:106DF00063065804130E4000630CC803930350004D
:106E000063027802130660006308C80083A70700C6
:106E1000130920006384070A83A7070013091900D8
:106E2000638E070883A70700130919006388070802
:106E300083A70700130919006382070883A70700C7
:106E400013091900638C070683A7070013091900AB
:106E5000638607066354690783A7070013091900AF
:106E600013050900638C070483A7070013091900A1
:106E70006386070483A707001309250063800704BE
:106E800083A7070013093500638A070283A7070059
:106E9000130945006384070283A7070013095500FF
:106EA000638E070083A70700130965006388070046
:106EB00083A7070013097500E39E07F8930D0400EC
:106EC000130D0B00138407006352200363140D0499
:106ED00093870D0083AD0D001309F9FF6386090246
:106EE00023A0F90093890700E34220FF6358A0051F
:106EF000630804046312090293070400130DFDFFE5
:106F000003240400E39E09FC138A07009389070009
:106F10006FF09FFDE30E04FA8325440003A54D00A6
:106F200013860A00EFF0CFD8E354A0FA93070400C9
:106F3000130DFDFF032404006FF05FFAE31004E873
:106F400023A0090013041000630E8C00131B1B0008
:106F500013040A006FF09FE503290400E316099C5F
:106F60006FF01FAB13040A006FF05F97930C0000E3
:106F7000938B0500930400006FF01F968327000099
:106F80007300100013000000130000001300000045
:106F9000930740013355F5023787FFFF23A0050013
:106FA00093020708138805019387050093868500DF
:106FB000130F06001305E5FF93183500B38815017C
:106FC00023A21501931F2500239108002390580048
:106FD000B38FF801938548006370183513838800D8
:106FE000637CF333B783FFFF23A0D70023A6B7004A
:106FF00023A4070093C5F3FF138606009306F0FF52
:107000002392D8002393B800930608009305030049
:10701000630E0506131E0F0193530E01B78EFFFF7B
:10702000138E86001308000093C2FEFF63701E07D4
:10703000938E450063F6FE2F1317080113530701C3
:1070400033477300131737001373730013778707E1
:1070500023A0C6003367670023A0D700131687005C
:1070600023A2B6003303C700239065002391550087
:1070700013081800630E05291386060093060E00F8
:10708000138E860093850E00E3641EFB83250600A5
:10709000638C050693085000B74F00003355150365
:1070A00013070020930610009383FFFF6F008002F8
:1070B00003A80500930F07102391D20093920F01AC
:1070C0009386160013D70201630008041386050097
:1070D0009305080083224600E3ECA6FC13760770B4
:1070E0003343DF0003A80500336E66001307071063
:1070F000B37E7E00931807012391D2019386160078
:1071000013D70801E31408FC930F100013080000C4
:1071100013050000930200009303100013FF7F008B
:1071200093821200138707009306000063040F0880
:107130006356F00F03A70700930610006300070EC5
:10714000630ADF06930520006300BF0613063000C4
:107150006306CF0413034000630C6F02130E50004C
:107160006302CF03930E60006308DF01032707006B
:10717000930620006304070A03270700938616007E
:10718000630E0708032707009386160063080708A5
:1071900003270700938616006302070803270700EA
:1071A00093861600630C07060327070093861600D4
:1071B0006306070663D4F6070327070093861600C5
:1071C00093880600630C07040327070093861600C4
:1071D000630607040327070093862800630007045B
:1071E0000327070093863800630A07020327070076
:1071F000938648006304070203270700938658001C
:10720000630E0700032707009386680063080700E2
:107210000327070093867800E31E07F893850F0085
:107220006352D0026394050483A807009386F6FF97
:10723000630A08022320F8001388070093870800D8
:10724000E342D0FE6356B008630A07086392060261
:10725000938807009385F5FF93070700032707002E
:10726000E31A08FC138507006FF01FFDE30E07FA11
:1072700003A347008328470003160300839E2800CA
:10728000031F2300131E0601135E0E01135E8E0002
:10729000137606F03366C6012310C300039E080070
:1072A00013130E011353030113760EF0135E8300C4
:1072B0003363C60123906800E3D8EEF79388070094
:1072C0009385F5FF93070700032707006FF05FF62C
:1072D00063060700930707006FF05FE423200800B0
:1072E00063827202939F1F0063000502130705006B
:1072F0001308000013050000930200009307070025
:107300006FF0DFE1678000002320000073001000B1
:10731000138606006FF09FD7130600006FF05FCF53
:1073200013081800E30405D7138E0600938E05009A
:10733000930606006FF05FD41300000013000000F6
:10734000032806009308880063F6E80403A70600F4
:10735000130347006370F3042320160183270500FD
:1073600083920500039625002320F80023200501C1
:107370002322E80083A306001385430023A0A60070
:107380008325480013050800239055002391C5006C
:1073900067800000130800001305080067800000E4
:1073A000930705000325050083A647000326450033
:1073B0000327050023A2C7002322D50023A0E7004E
:1073C0002320050067800000130000001300000068
:1073D00003A645008326450003A705002322C50018
:1073E00023A2D5002320E50023A0A500678000008C
:1073F00003962500634206026318050067800000BB
:1074000003250500630C05020323450083132300B5
:10741000E398C3FE6780000063020502039705003E
:107420006F00C00003250500630C0500832745009D
:1074300083C20700E398E2FE6780000013050000A6
:10744000678000001300000013000000130000001C
:107450006300050A83270500930800002320150117
:10746000930605006386070803A7070023A0D7003B
:107470001385070063000708832207002320F70015
:10748000130507006386020603A3020023A0E2009F
:1074900013850200630E030483230300232053009B
:1074A000130503006386030483A5030023A0630080
:1074B00013850300638E050203A8050023A0750051
:1074C0001385050063060802032608002320B80080
:1074D0001305080093080800630C06001305060056
:1074E000832705002320150193060500E39E07F678
:1074F0006780000067800000130000001300000098
:10750000130101FD232E310123286101232671017E
:10751000232481012320A101232611022324810297
:107520002322910223202103232C4101232A5101EC
:107530002322910193090500938B0500130B06008C
:10754000130C1000130D10006384091A930C000033
:1075500093040000930A000013777C00938C1C00B6
:107560009387090013040000630407086356800F23
:1075700083A70900130410006380070E630A8706BF
:10758000930620006300D7069300300063061704BB
:1075900093024000630C570213035000630267021A
:1075A000930360006308770083A70700130420009B
:1075B0006384070A83A7070013041400638E070877
:1075C00083A70700130414006388070883A7070034
:1075D000130414006382070883A707001304140030
:1075E000638C070683A7070013041400638607064D
:1075F0006354840783A707001304140013050400D1
:10760000638C070483A70700130414006386070430
:1076100083A70700130425006380070483A70700DE
:1076200013043500638A070283A70700130445008B
:107630006384070283A7070013045500638E0700C5
:1076400083A70700130465006388070083A707006A
:1076500013047500E39E07F813890900130A0C0050
:10766000938907006352800263140A04930509009A
:10767000032909001304F4FF6386040223A0B40065
:1076800093840500E34280FE635840056388090443
:107690006312040293850900130AFAFF83A9090003
:1076A000E39E04FC938A0500938405006FF09FFD20
:1076B000E38E09FA83A549000325490013060B0050
:1076C000E7800B00E354A0FA93850900130AFAFF40
:1076D00083A909006FF05FFAE39009E823A0040092
:1076E000638CAC0193890A00131C1C00E39009E62B
:1076F00023200000730010008320C10203248102B4
:1077000083244102032901028329C101032A810143
:10771000032B0101832BC100032C8100832C41002A
:10772000032D010013850A00832A4101130101037F
:107730006780000000000000000000000000000062
:10774000130101FF232021010329C5012326110074
:10775000232C0502232E0502630C09042324810037
:1077600023229100130405009304000093051000E8
:1077700013050400EFE0DFFB83558403EFE04FA225
:10778000231CA4029305F0FF13050400EFE05FFA49
:1077900083558403EFE0CFA0231CA402638404027A
:1077A00093841400E31499FC032481008324410092
:1077B0008320C1000329010013050000130101010A
:1077C00067800000231DA40293071000E30EF9FC5C
:1077D000930410006FF09FF900000000000000000B
:1077E000000000001308000063C6051263DC0600F9
:1077F000B337C000B306D0401348F8FFB386F64055
:107800003306C040930806001307050013830500E4
:10781000639A060E63F4C516B70701006364F62287
:10782000B7070001930680016374F6009306000118
:10783000B7570180335ED600938747EDB387C70102
:1078400083C70700130E0002B387D700B306FE40BC
:10785000630CFE003393D500B357F500B318D60080
:1078600033E367003317D50013D608013355C3023D
:107870009396080193D60601935707013373C30209
:10788000B385A60213130301B3E7670063FCB700D7
:10789000B387F8001303F5FF63E4170163E6B7400D
:1078A00013050300B387B740B3D5C7021317070109
:1078B00013570701B3F7C702B386B60293970701C0
:1078C0003367F700637ED7003387E8009387F5FFBF
:1078D000636617019385E5FF6364D700938507000E
:1078E000131505013365B50093050000630A080010
:1078F000B337A000B305B040B385F5403305A040D1
:107900006780000063F4D5029305000013050000B2
:107910006FF0DFFDB337A000B305B040B385F5408D
:107920003305A0401308F0FF6FF05FECB7070100CC
:1079300063E8F61EB70700019308800163F4F600C0
:1079400093080001B757018033D71601938747ED9D
:10795000B387E70003C70700930700023307170147
:10796000B388E7406396E71C63E4B6303335C5005F
:1079700013351500930500006FF05FF7630C060CDC
:10798000B7070100637CF62C133306101333130082
:1079900013133300B3566600B7570180938747ED42
:1079A000B387D70083C6070093070002B38666003B
:1079B000B38ED7406394D70CB386C54013530601EA
:1079C00013160601135606019305100033D56602FF
:1079D00093570701B3F66602330EC502939606016C
:1079E000B3E7D70063FCC701B387F8009306F5FF40
:1079F00063E4170163E4C72B13850600B387C7410F
:107A0000B3D667021317070113570701B3F76702CD
:107A10003386C602939707013367F700637EC7007A
:107A20003387E8009387F6FF636617019386E6FFC6
:107A30006364C70093860700131505013365D500FD
:107A40006FF0DFEA9336061093B616009396360071
:107A50006FF01FDEB757018093060000938747ED54
:107A6000B387D70083C60700130300009307000203
:107A7000B3866600B38ED740E380D7F4B318D6013F
:107A800033DED50013D30801B3576E0213960801F5
:107A900013560601B356D5003317D501B395D5015A
:107AA000B3E6B60093D50601337E6E023305F602C7
:107AB000131E0E01B3E5C50163FEA500B385B80032
:107AC000138EF7FF63E4151D63F2A51C9387E7FF90
:107AD000B3851501B385A54033D56502939606019C
:107AE00093D60601B3F56502330EA6029395050100
:107AF000B3E6B60063FEC601B386D8009305F5FF72
:107B000063EE161763FCC6171305E5FFB38616016F
:107B100093950701B386C641B3E5A5006FF01FEB4F
:107B200093B8061093B81800939838006FF09FE14F
:107B3000B35EE600B3961601B3EEDE0033D3E50084
:107B400013DF0E01B357E303139E0E01B395150126
:107B5000135E0E013357E5003367B70093560701F4
:107B6000331616013373E303B305FE021313030147
:107B7000B3E6660063FEB600B386DE001383F7FF4C
:107B800063EAD61163F8B6109387E7FFB386D60190
:107B9000B386B640B3D5E6031317070113570701A1
:107BA000B3F6E6033303BE02939606013367D700AC
:107BB000637E67003387EE009386F5FF6364D70D1D
:107BC0006372670C9385E5FF3307D701939707012D
:107BD000370F0100B3E7B7009306FFFFB3F5D700F7
:107BE00013DE0701B376D60013560601B38ED50215
:107BF00033076740B306DE0213D30E01B385C50217
:107C0000B385D500B305B300330ECE0263F4D500BF
:107C1000330EEE0193D60501B386C601636AD7021F
:107C20006308D70013850700930500006FF01FCC91
:107C3000B70601009386F6FF33F7D5001317070147
:107C4000B3FEDE00331515013307D701E37CE5FCF5
:107C50001385F7FF930500006FF05FC9B7070001B8
:107C6000637AF60493560601130300016FF0DFD226
:107C700093050000130510006FF05FC71385050022
:107C80006FF01FE9938506006FF05FF493070E0015
:107C90006FF05FE4930703006FF09FEF1305E5FFBC
:107CA000B38717016FF09FD51305E5FFB387170161
:107CB0006FF05FBF93568601130380016FF0DFCD35
:107CC0001308060093080500138705006390060E4D
:107CD00063FEC512B7070100636EF61EB707000109
:107CE000930680016374F60093060001B757018084
:107CF0003353D600938747EDB387670083C70700E8
:107D000013030002B387D700B306F340630CF300FC
:107D10003397D500B357F5003318D60033E7E700A3
:107D2000B318D500135608013355C702931608013E
:107D300093D6060193D708013377C702B385A6020D
:107D400013170701B3E7E70063FCB700B307F800B8
:107D50001307F5FF63E4070163E0B73E130507006F
:107D6000B387B74033D7C7029398080193D8080167
:107D7000B3F7C702B386E60293970701B3E8F800AA
:107D800063FED800B30818019307F7FF63E6080104
:107D90001307E7FF63E4D8001387070013150501F5
:107DA0003365E500930500006780000063F8D500A7
:107DB000930500001305000067800000B70701006D
:107DC00063E8F61EB70700011308800163F4F600AC
:107DD00013080001B757018033D70601938747ED99
:107DE000B387E70003C707009307000233070701C3
:107DF0003388E7406396E71C63E4B6303335C5004B
:107E0000133515009305000067800000630C060C15
:107E1000B7070100637CF62C1337061013371700E1
:107E200013173700B356E600B7570180938747ED25
:107E3000B387D70083C7070093060002B387E70024
:107E4000B38EF6406394F60CB387C5409356060193
:107E500013160601135606019305100033D5D702F9
:107E600013D70801B3F7D7023303C502939707016D
:107E7000B367F70063FC6700B307F8001307F5FF6B
:107E800063E4070163E4672A13050700B3876740CB
:107E900033D7D7029398080193D80801B3F7D702D4
:107EA0003306C70293970701B3E8F80063FEC800E2
:107EB000B30818019307F7FF63E608011307E7FF0C
:107EC00063E4C80013870700131505013365E50057
:107ED000678000009336061093B61600939636001E
:107EE0006FF0DFE0B757018093060000938747EDFE
:107EF000B387D70083C7070013070000930600026B
:107F0000B387E700B38EF640E380F6F43318D6016A
:107F100033D3F50093560801335ED30213160801DC
:107F2000B395D50113560601B357F500B3E7B70073
:107F300013D70701B318D5013373D302B305C603B2
:107F40001313030133676700637EB7003307E8004C
:107F50001305FEFF6364071D6372B71C130EEEFF6B
:107F6000330707013307B7403355D702939707010B
:107F700093D707013377D7023303A60213170701FC
:107F8000B3E7E70063FE6700B307F8001307F5FFE8
:107F900063EE071763FC67161305E5FFB387070158
:107FA00093150E01B3876740B3E5A5006FF01FEB93
:107FB00013B8061013381800131838006FF09FE13B
:107FC000335EE600B3960601336EDE00B3D8E500FB
:107FD000935E0E01B3D7D80313130E01B3950501B9
:107FE000135303013357E5003367B7009356070176
:107FF00033160601B3F8D803B305F30293980801CA
:10800000B3E6160163FEB600B306DE009388F7FF01
:1080100063EAC61163F8B6109387E7FFB386C6011B
:10802000B386B640B3D5D60313170701135707011C
:10803000B3F6D603B308B302939606013367D700AD
:10804000637E17013307EE009386F5FF6364C70D67
:108050006372170D9385E5FF3307C70193970701F7
:10806000B70E0100B3E7B7009386FEFFB3F5D70064
:1080700013D30701B376D60013560601338ED5020B
:1080800033071741B306D30293580E01B385C502D7
:10809000B385D500B385B8003303C30263F4D500BC
:1080A0003303D30193D60501B3866600636AD70212
:1080B0006308D70013850700930500006780000060
:1080C000B70601009386F6FF33F7D50013170701B3
:1080D000337EDE00331505013307C701E37CE5FC81
:1080E0001385F7FF9305000067800000B7070001C4
:1080F000637AF60493560601130700016FF0DFD28E
:1081000093050000130510006780000013050700A9
:108110006FF01FE9938506006FF05FF4130E050002
:108120006FF05FE4938708006FF09FEF1305E5FFA2
:10813000B38707016FF09FD51305E5FFB3870701EC
:108140006FF01FC293568601130780016FF0DFCDD9
:10815000130101FD232E310193D94501232481020E
:108160002322910223202103232C41012326710184
:108170009394C50023261102232A5101232861016B
:108180002324810193F9F97F13040500930B060062
:108190001389060093D4C40013DAF501638A091821
:1081A0009307F07F6388F908939434009357D501BF
:1081B000B3E7970037078000B3EAE700131B3500E9
:1081C000938919C093040000130C000093574901D0
:1081D0001314C90093F7F77F1354C4001359F9011E
:1081E000638207081307F07F638AE71813143400CB
:1081F00013D7DB0133678700938717C037048000EC
:108200003364870093983B00B389F940130600005C
:108210001307F000B3462A0163649724B75701801F
:1082200093942400938747E9B384F40003A70400E0
:1082300067000700B3EAA400639E0A1C9357490134
:108240001314C90093F7F77F130B00009304800009
:108250009309F07F130C20001354C4001359F90143
:10826000E39207F8B36874016382081C630A044A46
:1082700013050400EF00901A93070500930655FFBD
:108280001307D001938887FF3307D74033141401B5
:1082900033D7EB0033648700B3981B01B3873701F2
:1082A0009389373F130600006FF09FF63307F740BE
:1082B00013068003635AE64E93070000130600007E
:1082C000130700008320C102032481029397470112
:1082D000B3E7C7009396F601B3E7D70083244102C2
:1082E000032901028329C101032A8101832A410153
:1082F000032B0101832BC100032C81001305070010
:108300009385070013010103678000009307F07F46
:1083100013060000130700006FF0DFFA9306000059
:108320009307F07F37060800130700006FF09FF9EE
:10833000B3EAA400638C0A10638804401385040028
:10834000EF00D00D13070500930655FF9307D001EA
:10835000130B87FFB387D740B3946401B357F4007E
:10836000B3EA9700331B64019309D0C0B389E94095
:1083700093040000130C00006FF05FE5B368740114
:1083800093891980639C080A93E424001304000075
:10839000130620006FF0DFE713090A0013840A00B8
:1083A00093080B00930720006308FC4E93073000EE
:1083B000E306FCF69307100093060900E30EFCEEBB
:1083C0009387F93F6356F02A13F778006316074A3C
:1083D00013177400635A0700B70700FF9387F7FF6E
:1083E0003374F400938709401307E07FE340F7F20A
:1083F00093D838001317D40113169400336717016C
:108400001356C60093F7F77F6FF0DFEB130C0600EF
:108410006FF05FF9938A0400130B05009304C0000A
:108420009309F07F130C30006FF05FDA93E41400CF
:1084300013040000130610006FF09FDD93E4340076
:1084400093880B00130630006FF09FDC130B0000C5
:108450009304400093090000130C10006FF01FD725
:108460006364542B63808A2A13030B009389F9FFFA
:1084700093870A00130B000013178400135507019C
:1084800033D4A70213D688013366E6001318060119
:10849000135808019395880013570301B3F7A702F7
:1084A000B308880293970701B367F70063FA1701CF
:1084B000B307F6001307F4FF63F0C72E1304070099
:1084C000B3871741B3D8A702131703011357070146
:1084D000B3F7A702B30F1803939707013367F700A9
:1084E000637AF7013307E6009387F8FF637EC728B6
:1084F0009388070013140401B702010033641401C8
:108500001383F2FFB3786400935E040113DE050168
:1085100033F36500330F13033307F741B3081E032A
:1085200093570F01B38F6E02B388F801B387170119
:10853000B38ECE0363F4F701B38E5E00B70F010074
:10854000938FFFFF93D80701B3F7F70193970701C4
:10855000337FFF01B388D801B387E701636E171734
:10856000630A1717B307FB4033071741333BFB0080
:10857000330767416300E62EB358A70293DE070175
:108580003377A702330F18031317070133E7EE0001
:10859000637EE7013307E600938EF8FF636AC72E18
:1085A0006378E72F9388E8FF3307C7003307E74175
:1085B000B35EA7029397070193D707013377A7020A
:1085C0003308D80313170701B3E7E70063FE070179
:1085D000B307F6001387FEFF63E8C72A63F6072B8D
:1085E000938EEEFFB387C70093980801B3E8D801D4
:1085F0001395080113DF080113550501B30E650239
:10860000B38707413305AE0213D70E0133036F0260
:10861000330565003307A700330EEE03637667006A
:1086200037050100330EAE00370801001308F8FFCC
:10863000135507013377070113170701B3FE0E0126
:108640003305C5013307D70163F2A712B307F6005C
:108650001383F8FF1388070063E4C71C63E8A724AB
:108660006386A7269308030093E818006FF05FD590
:1086700013071000E39C07C29389E941B3973801BF
:10868000B337F000B3193401B3E73701B3D8E800CA
:10869000B3E8F80093F778003354E40063800702EE
:1086A00093F7F80013074000638AE70093874800B8
:1086B000B3B817013304140193880700931584009D
:1086C000930710001306000013070000E3CC05BE5B
:1086D0006F004013E378FBE8B30EBB0033BF6E01BD
:1086E000B30FCF003307F701138B0E00930FF4FF86
:1086F0006374E60863621715638EE81213840F0033
:108700006FF05FE6E3621BD713571B001393FA0168
:1087100093D71A003363E300131BFB016FF0DFD51F
:1087200013850B00EF00804F930655011307C0011E
:1087300093070502E356D7B4130585FF930800009D
:108740003394AB006FF09FB5EF00404D9306550199
:108750009307C00113070502E3DAD7BE930785FF2D
:10876000B31AF400130B00006FF01FC0E39EA7EED6
:10877000E30807C46FF09FEDE312E6F8E30C0FF691
:1087800013840F006FF01FDEE374F7D79388E8FFC0
:108790003307C7006FF01FD6E3F217D31304E4FFCB
:1087A000B387C7006FF0DFD11306F001E356E6ECA4
:1087B000130610FEB307F64013060002B357F40089
:1087C0006308C7009389E943B3193401B3E838015A
:1087D000B3381001B3E8F80013F77800130600006F
:1087E0006308070293F7F800130740001304000022
:1087F000638AE70093874800B3B817013334100148
:1088000093880700131694001317D4011356C6005B
:1088100093D8380033E7E800930700006FF09FAA71
:1088200093080300E312A8E4E30CB7B893E8180038
:108830006FF01FB9E3F4FEECB38ED50133BFBE0079
:10884000330FCF001304E4FF138B0E003307E7014F
:108850006FF05FD1130720C09387F93F9308F0FFB3
:10886000E3C8E9E013874800B33817013304140163
:10887000930807006FF0DFB513F7F8001306400008
:10888000E308C7B46FF01FFE930E07006FF0DFD54B
:1088900093880E006FF09FD1930609009307F07F35
:1088A00013060000130700006FF0DFA113931500FB
:1088B0003338B3003308C800338807019388E8FFD2
:1088C00093050300E302A8F66FF01FDAE3E0E5FE8C
:1088D00093080300E31CB7F46FF09FAE93D84501F3
:1088E000B70710009387F7FF13D7460193F8F87F77
:1088F000130EF07F33F3B70013080500930E050045
:10890000B3F7D70093D5F501130F06001375F77F62
:1089100093D6F6016388C8056304C503639A080605
:10892000336803016310050633E6C700630C0608CD
:108930006312080A130510006382060867800000AE
:1089400033E6C70063140608639608003363030127
:10895000E30203FE6380D50663920506130510004B
:10896000678000003363030163120306E31615FFFB
:10897000B3E7C700639C0704E390D5FE130500002E
:1089800067800000E30808FAE398D5FC6F008002D6
:10899000E30405FCE392D5FCE34015FD63CCA8009D
:1089A000E3EC67FA6318F300E368DFFB13050000EC
:1089B000E3F6EEF913051000E39205F81305F0FF56
:1089C00067800000E31A08F8678000001305E0FFE5
:1089D00067800000E386D5FC6FF01FF893D845014F
:1089E000B70710009387F7FF13D7460193F8F87F76
:1089F0001303F07F33FEB70013080500930E050044
:108A0000B3F7D70093D5F501130F06001375F77F61
:108A100093D6F601638A68046304650263980806C6
:108A200033680E01631E050833E6C7006304060AB7
:108A30006316080A130510006380060867800000AB
:108A400033E6C70013052000E31A06FE639608000C
:108A5000336E0E01E3000EFE638CD504639E0504A5
:108A60001305100067800000336E0E0163100E06C0
:108A7000E31615FFB3E7C70013052000E39007FCDA
:108A8000E39ED5FC1305000067800000E30805FCA9
:108A9000E396D5FCE34415FD63CCA800E3E0C7FDF5
:108AA0006318FE00E36CDFFB13050000E3F8EEF94A
:108AB00013051000E39405F81305F0FF678000002C
:108AC000E30A08F6E39CD5F86FF09FFE130520003B
:108AD00067800000E31408F867800000E380D5FC9D
:108AE0006FF0DFF793D74501370610001307F6FF45
:108AF00093F7F77F1308E03F930605003377B7003D
:108B00001305000093D5F5016354F8006384050054
:108B1000678000009305E0411305F0FFE3CAF5FE0E
:108B200093053043B385F5401305F0013367C70063
:108B3000634CB5009387D7BE3317F70033D5B60023
:108B40003365A70067800000130530413305F54009
:108B50003355A70067800000130101FF2324810023
:108B60002326110013040500630C0504EF00000B1D
:108B70009307E041B387A7401307A00093F7F77F5F
:108B80006344A7061307B0003307A7401305550138
:108B90003357E4003314A4008320C10013050400FC
:108BA0001317C700032481001357C7009397470189
:108BB000B3E7E70093850700130101016780000018
:108BC0008320C100130504009307000003248100E3
:108BD0001307000093974701B3E7E7009385070069
:108BE0001301010167800000130555FF3317A4002E
:108BF000130400008320C100130504001317C700ED
:108C0000032481001357C70093974701B3E7E70098
:108C1000938507001301010167800000B707010079
:108C2000637AF5021337051013371700131737004F
:108C3000B75701803355E500938747EDB387A70009
:108C400003C5070093060002B386E6403385A640BD
:108C500067800000B70700016374F5021307000185
:108C6000B75701803355E500938747EDB387A700D9
:108C700003C50700930600013385A6406780000006
:108C800013078001B75701803355E500938747EDFF
:108C9000B387A70003C50700930680003385A6406D
:108CA000678000009305050093060000130600008E
:108CB000130500006F001040130101FF9305000031
:108CC000232481002326110013040500EF0010481F
:108CD00083A741D263840700E780070013050400DF
:108CE000EF800FBF1305000067800000375601803A
:108CF000B7D50080375501801306C6699385057680
:108D00001305856A6F004035130101FF8325450077
:108D10002324810023229100232611001384015172
:108D20009304050063848500EF40902383A58400AD
:108D3000930784066386F50013850400EF405022F4
:108D400083A5C4001304040D638E850003248100F1
:108D50008320C10013850400832441001301010115
:108D60006F4010208320C100032481008324410030
:108D700013010101678000001305000067800000F7
:108D8000130101FE232C8100B79700801384015149
:108D90009387C7CE232E1100232A91002328210177
:108DA000232631012324410123A2F1D2130680009E
:108DB00093074000930500001305C4052326F40023
:108DC0002320040023220400232404002322040679
:108DD00023280400232A0400232C0400EF0010178A
:108DE000B7070100379A0080B79900803799008053
:108DF000B7940080130A0A299389492F1309C937A8
:108E00009384443F938797001306800093050000E6
:108E10001305440C23204403232234032324240376
:108E200023269402232AF406232E840023240406F6
:108E300023260406232804062326040C232C0406D8
:108E4000232E040623200408EF005010B707020069
:108E500013078406938727011305C41213068000A5
:108E600093050000232444092326340923282409D8
:108E7000232A9408232EF40C2322E4082328040C2C
:108E8000232A040C232C040C232A04122320040E6E
:108E90002322040E2324040EEF00500B9307040D2D
:108EA0002328440F232A340F232C240F232E940E1F
:108EB0008320C1012326F40E032481018324410170
:108EC000032901018329C100032A81001301010242
:108ED0006780000083A741D2130101FE23263101E0
:108EE000232E1100232C8100232A91002328210105
:108EF000930905006388070E375901801309C96972
:108F00009304F0FF83274900032489009387F7FF28
:108F100063D807006F00000813048406638C97066B
:108F20000317C4009387F7FFE31807FEB707FFFF97
:108F3000938717002326F40023220406232004002D
:108F4000232404002322040023280400232A0400ED
:108F5000232C040013068000930500001305C405AC
:108F6000EF00C07E23280402232A040223220404E3
:108F7000232404048320C101130504000324810178
:108F800083244101032901018329C1001301010246
:108F9000678000000324090063060400130904002D
:108FA0006FF05FF69305C01A13850900EF0090710A
:108FB00013040500630C05021305C5009307400068
:108FC000232004002322F4002324A4001306001A03
:108FD00093050000EF008077232089001309040027
:108FE0006FF05FF2EFF0DFD96FF01FF1232009007F
:108FF0009307C00023A0F9006FF0DFF78327450334
:10900000638407006780000003A741D2B797008000
:10901000938787D0232AF502E31607FE6FF05FD609
:10902000678000006780000037560180B795008098
:109030001306C669938545CE130500006F00C00175
:1090400037560180B79500801306C669938585D78A
:10905000130500006F004000130101FD23202103D0
:10906000232E3101232C4101232A510123286101A0
:109070002326710123261102232481022322910237
:10908000130B0500938B0500930A0600130A0000DA
:10909000930910001309F0FF83A44A0003A48A0077
:1090A0009384F4FF63C804028357C40063FEF9008D
:1090B0008317E4009305040013050B006386270162
:1090C000E7800B00336AAA009384F4FF130484063C
:1090D000E39C24FD83AA0A00E3900AFC8320C102DA
:1090E0000324810283244102032901028329C1014F
:1090F000832A4101032B0101832BC10013050A00C0
:10910000032A81011301010367800000130101FCA0
:109110002324C1022326D1022328E102232AF102BB
:10912000232C0103232E11031386050083258500BC
:1091300093068102232E11002326D100EF108054C4
:109140008320C101130101046780000003A301D043
:10915000130101FC2324C1022326D1022322B102E0
:109160002328E102232AF102232C0103232E1103D9
:1091700083258300930641021306050013050300AF
:10918000232E11002326D100EF10C04F8320C101F0
:109190001301010467800000032685006F40907171
:1091A00083A701D09305050003A687001385070058
:1091B0006F405070130101FC232C81021304050041
:1091C00013850500232A9102232E110293840500A2
:1091D000EF008065B7570180938747FD2324F10294
:1091E000930710002326F10203274403930701028B
:1091F00093061500232AF1009307200023209102F3
:109200002322A102232ED100232CF10083258400E8
:10921000630007068397C50013972701634207027F
:1092200003A74506B7E6FFFF9386F6FF3726000043
:10923000B3E7C7003377D7002396F50023A2E506EE
:109240001306410113050400EF40D0158320C1032C
:1092500003248103133515003305A0401375B500B1
:10926000832441031305F5FF130101046780000007
:10927000130504002326B100EFF05FD88325C10059
:109280006FF05FF99305050003A501D06FF09FF221
:10929000130101FF23248100138405008395E50059
:1092A00023261100EF00002E6340050283270405EA
:1092B0008320C100B387A7002328F404032481007E
:1092C00013010101678000008357C40037F7FFFFD7
:1092D0001307F7FFB3F7E7008320C1002316F4005C
:1092E00003248100130101016780000013050000C1
:1092F000678000008397C500130101FE232C8100C5
:10930000232A91002328210123263101232E110035
:1093100013F70710138405009304050013090600D2
:10932000938906006310070437F7FFFF1307F7FF61
:10933000B3F7E7008315E4002316F400032481014A
:109340008320C10193860900130609008329C10007
:109350000329010113850400832441011301010243
:109360006F00C0288395E5009306200013060000D7
:10937000EF00C01A8317C4006FF01FFB130101FF39
:1093800023248100138405008395E5002326110022
:10939000EF00C0189307F0FF6308F5028357C4007D
:1093A000371700008320C100B3E7E7009397070158
:1093B00093D707412328A4042316F4000324810033
:1093C00013010101678000008357C40037F7FFFFD6
:1093D0001307F7FFB3F7E7009397070193D7074108
:1093E0008320C1002316F40003248100130101012E
:1093F000678000008395E5006F004000130101FFC6
:109400002324810023229100130405001385050005
:109410002326110023A401D2EF709FC99307F0FF08
:10942000630CF5008320C1000324810083244100E4
:10943000130101016780000083A781D2E38407FE46
:109440008320C1002320F4000324810083244100F1
:10945000130101016780000083A701D0638EA70A72
:1094600083254504130101FE232A9100232E1100B8
:1094700093040500638C0504232821012326310170
:10948000232C81001309000093090008B3872501EC
:1094900003A40700630E04009305040003240400E2
:1094A00013850400EF00C071E31804FE83A5440493
:1094B00013094900E31C39FD13850400EF004070D7
:1094C00003248101032901018329C10083A58403A9
:1094D0006386050013850400EF00806E83A5C40435
:1094E0006386050013850400EF00806D83A74403A5
:1094F000638C07008320C10113850400832441018C
:1095000013010102678007008320C1018324410108
:10951000130101026780000067800000130101FF52
:109520001387050023248100232291009305060060
:1095300013040500138606001305070023261100F7
:1095400023A401D2EF70DFC49307F0FF630CF50092
:109550008320C10003248100832441001301010101
:109560006780000083A781D2E38407FE8320C100C7
:109570002320F4000324810083244100130101010E
:1095800067800000130101FF138705002324810079
:10959000232291009305060013040500138606009C
:1095A000130507002326110023A401D2EF705FC228
:1095B0009307F0FF630CF5008320C10003248100B2
:1095C00083244100130101016780000083A781D239
:1095D000E38407FE8320C1002320F40003248100DC
:1095E000832441001301010167800000130101FF82
:1095F0001387050023248100232291009305060090
:109600001304050013860600130507002326110026
:1096100023A401D2EF70DFC29307F0FF630CF500C3
:109620008320C10003248100832441001301010130
:109630006780000083A781D2E38407FE8320C100F6
:109640002320F4000324810083244100130101013D
:1096500067800000130101FF23248100B7570180B8
:10966000375401802320210193878766130784667E
:1096700023261100232291003389E7406382E70209
:1096800013592940130484669304000083270400BF
:109690009384140013044400E7800700E3E824FFE8
:1096A00037540180B7570180938787661307846614
:1096B0003389E740135929406380E7021304846625
:1096C00093040000832704009384140013044400CF
:1096D000E7800700E3E824FF8320C1000324810022
:1096E0008324410003290100130101016780000068
:1096F000130101FF23248100B757018037540180F3
:1097000093878766130484663304F4402322910010
:109710002326110093542440638004021304C4FFE1
:109720003304F400832704009384F4FF1304C4FF7C
:10973000E7800700E39804FE8320C1000324810032
:109740008324410013010101678000001303F0002E
:1097500013070500637EC3029377F7006390070A3F
:1097600063920508937606FF1376F600B386E6004B
:109770002320B7002322B7002324B7002326B700F5
:1097800013070701E366D7FE631406006780000035
:10979000B306C3409396260097020000B386560096
:1097A0006780C6002307B700A306B7002306B700EB
:1097B000A305B7002305B700A304B7002304B7002F
:1097C000A303B7002303B700A302B7002302B70027
:1097D000A301B7002301B700A300B7002300B7001F
:1097E0006780000093F5F50F93968500B3E5D500EB
:1097F00093960501B3E5D5006FF0DFF69396270049
:1098000097020000B386560093820000E78006FAB4
:1098100093800200938707FF3307F7403306F60073
:10982000E378C3F66FF0DFF3937735001307050095
:10983000639C0704B7867F7F9386F6F79305F0FF56
:109840000326070013074700B377D600B387D70076
:10985000B3E7C700B3E7D700E384B7FE8346C7FF8B
:10986000B307A740638406048346D7FF638C0602D0
:109870000345E7FF3335A0003305F5001305E5FF89
:1098800067800000E38806FA834707001307170084
:1098900093763700E39807FE3307A7401305F7FFD9
:1098A000678000001385D7FF678000001385C7FF1E
:1098B0006780000083A7C1D2638C070403A7470019
:1098C0001308F0016340E808131827006306050237
:1098D000338307012324C30883A8871813061000C5
:1098E0003316E600B3E8C80023A417192324D310C5
:1098F000930620006306D5021307170023A2E70092
:10990000B387070123A4B700130500006780000098
:109910001388816423A601D3938781646FF01FFAB3
:1099200083A6C7181307170023A2E700B3E6C600F3
:1099300023A6D718B387070123A4B7001305000097
:10994000678000001305F0FF67800000130101FD30
:10995000232C41012320210303A9C1D22326110274
:109960006308090A232E3101232A510123286101AA
:1099700023267101232481022322910223248101C1
:10998000130B0500938B05009309F0FF930A100059
:10999000832449001384F4FF634E04049394240049
:1099A000B304990063900B088327490083A6440001
:1099B0009387F7FF638C870A23A20400638606025D
:1099C0008327891833978A00032C4900B377F7005F
:1099D00063960706E78006000327490083A7C1D2E4
:1099E00063108709639E27071304F4FF9384C4FF61
:1099F000E31A34FB03248102832441028329C10139
:109A0000832A4101032B0101832BC100032C810018
:109A10008320C10203290102032A810113010103EA
:109A20006780000083A74410E38077F91304F4FFF4
:109A30009384C4FFE31834FF6FF0DFFB8327C9185A
:109A400083A544083377F7006316070213050B005C
:109A5000E78006000327490083A7C1D2E30487F902
:109A6000E38A07F8138907006FF09FF22322890029
:109A70006FF0DFF413850500E78006006FF0DFF577
:109A8000130101FE23263101B7590180232C8100E7
:109A9000232A91002328210123244101232E110090
:109AA000138A0500130905009389897CEF00103D96
:109AB00003A78900B71700009387F7FE83244700A8
:109AC0003717000093F4C4FF3384F4003304444197
:109AD0001354C4001304F4FF1314C400634EE400D1
:109AE0009305000013050900EF40505683A7890035
:109AF000B38797006308F50213050900EF0050389B
:109B00008320C10103248101832441010329010130
:109B10008329C100032A81001305000013010102FB
:109B200067800000B305804013050900EF40105224
:109B30009307F0FF630AF504B777018093870788DE
:109B400003A7070083A68900B384844093E414002C
:109B5000330787401305090023A2960023A0E700DE
:109B6000EF0010328320C1010324810183244101CD
:109B7000032901018329C100032A81001305100074
:109B8000130101026780000093050000130509001E
:109B9000EF40D04B03A789009306F000B307E540E0
:109BA000E3DCF6F483A641D093E717002322F70005
:109BB0003305D540B776018023A0A6886FF0DFF388
:109BC00063820518130101FF2324810023229100E1
:109BD000138405009304050023261100EF00102ACA
:109BE0000325C4FF130784FFB75501809377E5FF72
:109BF0003306F7009385857C8326460003A88500FD
:109C000093F6C6FF6302C81A2322D6001375150007
:109C10003308D6006310050A032384FF0328480095
:109C20003755018033076740832887001305057D7A
:109C3000B3876700137818006382A8140323C70052
:109C400023A66800232413016306081A93E617006D
:109C50002322D7002320F6009306F01F63ECF606BC
:109C600093F687FF9386860003A54500B386D5004B
:109C700003A6060013D8570093071000B3970701F7
:109C8000B3E7A700138586FF2326A7002324C70078
:109C900023A2F50023A0E6002326E600032481008A
:109CA0008320C100138504008324410013010101B6
:109CB0006F00101D03254800137515006306050885
:109CC00093E61700232ED4FE2320F6009306F01F00
:109CD000E3F8F6F893D69700130640006360D612B7
:109CE00093D66700138596031386860313153500F4
:109CF0003385A50083260500130585FF6318D5006D
:109D00006F00401583A686006308D50003A64600B1
:109D10001376C6FFE3E8C7FE03A5C6002326A70007
:109D20002324D700032481002324E5008320C100DD
:109D3000138504008324410023A6E60013010101DA
:109D40006F0010146780000037550180B387D7007B
:109D50001305057D83268600638CA60C0328C600A8
:109D600013E517003306F70023A606012324D800C5
:109D70002322A7002320F6006FF01FEE631C0812B9
:109D8000832586000326C600B386F60093E71600F7
:109D900023A6C5002324B6002322F7003307D700EB
:109DA0002320D7006FF09FEF13751500B386D700FF
:109DB00063100502032584FF3307A7408327C700EC
:109DC00003268700B386A6002326F60023A4C70037
:109DD00013E6160083A781D02322C70023A4E50041
:109DE000E3EEF6EA83A581D313850400EFF05FC9A3
:109DF0006FF0DFEAB387D7006FF0DFF5130640019D
:109E00006370D602130640056364D60693D6C70076
:109E10001385F6061386E606131535006FF05FED21
:109E20001385C6051386B605131535006FF05FEC74
:109E300023AAE50023A8E50093E617002326A70040
:109E40002324A7002322D7003307F7002320F7009D
:109E50006FF0DFE403A84500135626409307100077
:109E6000B397C700B3E7070123A2F5006FF01FEB1C
:109E700013064015636CD60093D6F700138586074A
:109E800013867607131535006FF09FE613064055CD
:109E9000636CD60093D627011385D6071386C607B1
:109EA000131535006FF0DFE41305803F1306E0075C
:109EB0006FF01FE493E617002322D7002320F6005B
:109EC0006FF0DFDD130101FD232E31012326110286
:109ED0002324810223229102232021039387B500AA
:109EE00013076001930905006362F70893070001F7
:109EF00063E4B720EF00807893078001930520008A
:109F000093040001375901801309897CB307F900D4
:109F100003A44700138787FF6302E43483274400C8
:109F20008326C4000326840093F7C7FFB307F40019
:109F300003A747002326D60023A4C60013671700F3
:109F40001385090023A2E700EF0080731305840046
:109F50008320C102032481028324410203290102D8
:109F60008329C101130101036780000093F487FF77
:109F700063C4071863E2B418EF0040709307701FC2
:109F800063F8973E93D79400638007181307400047
:109F9000636EF73293D76400938597031388870322
:109FA00013963500375901801309897C3306C9009F
:109FB00003244600130686FF630886021305F0009B
:109FC0006F0040018326C40063560728630ED60045
:109FD000138406008327440093F7C7FF3387974015
:109FE000E352E5FE93050800032409019308890064
:109FF000630E1425832744009306F00093F7C7FFF0
:10A000003387974063CCE636232A190123281901A8
:10A01000635007341307F01F032549006368F724D2
:10A0200013F787FF130787003307E900832607002C
:10A0300013D6570093071000B397C7003365F50098
:10A04000930787FF2326F4002324D4002322A900AA
:10A050002320870023A6860093D7254013061000EF
:10A060003316F600636AC50AB377A6006394070245
:10A070001316160093F5C5FFB377A6009385450028
:10A08000639A070013161600B377A6009385450060
:10A09000E38A07FE1308F0001393350033036900C9
:10A0A000130503008327C500138E05006302F52402
:10A0B00003A747001384070083A7C7001377C7FFD0
:10A0C000B30697406342D824E3C206FE3307E40098
:10A0D00083264700032684001385090093E61600B3
:10A0E0002322D7002326F60023A4C700EF004059FF
:10A0F000130584006FF0DFE59307C00023A0F9008B
:10A10000130500006FF0DFE4130600209305000440
:10A110001308F0036FF01FE903248900232861016D
:10A120008327440013FBC7FF63689B0033079B40F2
:10A130009307F00063CAE70C23229101232A5101FF
:10A1400003A741D083AA81D3232C41012326710187
:10A150009307F0FF330A6401B38A54016306F73CA6
:10A16000B71700009387F700B38AFA00B7F7FFFF2D
:10A17000B3FAFA0093850A0013850900EF40006DD9
:10A180009307F0FF930B0500630AF5442324810134
:10A19000636E4523138C817D83250C00B385BA0043
:10A1A0002320BC00138705006316AA2A93174501D4
:10A1B0006392072A832B8900B3075B0193E717009B
:10A1C00023A2FB0083A641D363F4B60023AAB1D235
:10A1D00083A601D363F4B60023A8B1D2032C810077
:10A1E00013840B0093F7C7FF3387974063EA9738D0
:10A1F0009307F00063D6E738032A8101832A4101DF
:10A20000832BC100832C410093E714002322F40028
:10A21000B3049400232499001367170013850900E1
:10A2200023A2E400EF00C0458320C102130584008F
:10A2300003248102032B010183244102032901022B
:10A240008329C10113010103678000000325490030
:10A250006FF09FE0032684006FF05FCD03A4C7007A
:10A2600093852500E38287D86FF05FCB13D79700E3
:10A270009306400063F2E6149306400163E4E6327D
:10A280001306C7059306B705131636003306C90033
:10A2900003270600130686FF6318E6006F004029B7
:10A2A000032787006308E6008326470093F6C6FF6E
:10A2B000E3E8D7FE0326C7002326C4002324E400D6
:10A2C00023248600232687006FF01FD9130740013F
:10A2D0006378F710130740056364F72E93D7C40023
:10A2E0009385F7061388E706139635006FF09FCB2A
:10A2F000130E1E0093773E00130585006380071040
:10A300008327C5006FF09FDA0326840093E51400CD
:10A310002322B4002326F60023A4C700B30494002C
:10A32000232A99002328990093E7160023A61401F5
:10A3300023A4140123A2F4003307E40013850900C9
:10A340002320D700EF00C033130584006FF05FC0F7
:10A35000B307F40003A7470013850900136717002C
:10A3600023A2E700EF00C031130584006FF05FBE49
:10A3700093D53400938784006FF0DFB893E6140020
:10A380002322D400B3049400232A9900232899009F
:10A390009366170023A6140123A4140123A2D4005A
:10A3A000B307F4001385090023A0E700EF00402D58
:10A3B000130584006FF0DFB913D767001306970306
:10A3C00093068703131636006FF05FEC630C2407C7
:10A3D00003248900032C8100832744006FF09FE051
:10A3E0009385C7051388B705139635006FF09FBB9B
:10A3F000832783009385F5FF639E672693F73500D7
:10A40000130383FFE39607FE032749009347F6FFF4
:10A41000B3F7E7002322F90013161600E3EEC7CEC8
:10A42000E30C06CE3377F600631A07001316160006
:10A430003377F600130E4E00E30A07FE93050E0075
:10A440006FF09FC5138C817D03270C003387EA00D2
:10A450002320EC0083A641D09307F0FF6386F61813
:10A46000B3874B41B387E7002320FC0093FC7B00BC
:10A47000638C0C0CB38B9B41B7170000938787004C
:10A48000938B8B00B3859741B38A5B01B3855541AC
:10A490009395450113DA450193050A0013850900D8
:10A4A000EF40C03A9307F0FF6300F518330575419C
:10A4B000B30A450103270C002324790193E71A000E
:10A4C000B305EA002320BC0023A2FB00E30C24CF49
:10A4D0009306F00063F0660B0327440093074BFFDD
:10A4E00093F787FF137717003367F7002322E40001
:10A4F000130650003307F4002322C7002324C700AB
:10A5000063E6F60083A74B006FF0DFCB9305840072
:10A5100013850900EFF0CFEA832B890083250C0017
:10A5200083A74B006FF01FCA938A0A016FF09FC484
:10A5300093D6264093071000B397D7003365F500F4
:10A540002322A9006FF05FD7B3855B01B305B0404C
:10A550009395450113DA450193050A001385090017
:10A56000EF40C02E9307F0FFE312F5F4130A00004A
:10A570006FF05FF4032C81009307100023A2FB000F
:10A5800013850900EF00C00F13050000032A8101A5
:10A59000832A4101032B0101832BC100832C41003D
:10A5A0006FF01F9B9306400563E4E60413D7C700D2
:10A5B0001306F7069306E706131636006FF01FCD55
:10A5C000130740156364F70493D7F4009385870756
:10A5D00013887707139635006FF0DF9C03248900FA
:10A5E000832744006FF01FC023A271D16FF01FE8D2
:10A5F0009306401563E4E60413D7F70013068707B4
:10A6000093067707131636006FF05FC8130740559F
:10A610006364F70493D724019385D7071388C7078A
:10A62000139635006FF01F98938C8CFFB38A9A01B4
:10A63000B38A7A41130A00006FF0DFE793064055B2
:10A6400063E4E60213D727011306D7079306C7076B
:10A65000131636006FF09FC31306803F9305F00773
:10A660001308E0076FF01F941306803F9306E0077E
:10A670006FF0DFC1832749006FF01FDA67800000A9
:10A6800067800000130101ED23261112232291128D
:10A69000232A511123267111938A05009304060081
:10A6A0002324D100930B0500EF40401983270500B8
:10A6B000138507002322F102EFF00F972320A10258
:10A6C00063880B0083A74B03639407006F104073EC
:10A6D0008397CA00139727016346070203A74A0618
:10A6E00037260000B7E6FFFFB3E7C7009386F6FF03
:10A6F0009397070193D707413377D7002396FA0042
:10A7000023A2EA0613F787006302072E03A70A01B4
:10A71000630E072C93F7A7011307A000638AE72EA7
:10A72000B75701802328611123248111130B010BDA
:10A7300093878701375C018023248112232C4111E8
:10A74000232EB10F23202113232E31112322911107
:10A750002320A111232E61072322010823200108B1
:10A76000232A0100232C0100232E010013040B00D7
:10A770002324010223280102232201002326F100C1
:10A78000130A0001130CCC1823207101938D0400CF
:10A7900083C70D00638C071E93840D0013075002BE
:10A7A0006386E72A83C7140093841400E39A07FEA4
:10A7B0003389B441638CB41D032741088327010802
:10A7C0002320B40133072701938717002322240194
:10A7D0002322E1082320F1081307700013048400EA
:10A7E000634EF7260327410083C704003307270180
:10A7F0002322E100638C071893841400A30F010443
:10A800009309F0FF930B00001309000093068005E5
:10A8100003CD0400938D140093070DFE63E6F60448
:10A820000327C10093972700B387E70083A707009A
:10A8300067800700930B000093070DFD130690003F
:10A8400003CD0D0013972B00B30B7701939B1B00D7
:10A85000B38B770193070DFD938D1D00E372F6FE18
:10A8600093070DFEE3FEF6FA63020D122304A1091D
:10A87000A30F01041307100093041000930C810828
:10A88000130F09009309000023280100930F000013
:10A8900093724F080329410863960200B387EB4087
:10A8A000E342F0448347F105638A070283270108E6
:10A8B0009306F1052320D400130919009306100014
:10A8C000938717002322D400232221092320F10893
:10A8D000930670001304840063C0F61A638A0F02A3
:10A8E00083270108930601062320D40013092900B9
:10A8F00093062000938717002322D40023222109E6
:10A900002320F1089306700013048400E3CEF64E72
:10A9100093070008E38AF208B3899940E34E30199F
:10A9200093770F1063940774832701083309990004
:10A9300023209401938717002322940023222109C6
:10A940002320F1089306700063CCF62013048400E2
:10A95000137F4F0063060F00B384EB40E342904E39
:10A9600013830B0063D4EB0013030700832741001C
:10A97000B38767002322F100E31A092283C70D0081
:10A980002320010813040B00E39807E08327410804
:10A99000832B0100638407006F10407583D7CA00C2
:10A9A000032481120329011293F707048329C1119B
:10A9B000032A8111032B0111032C8110832C4110D8
:10A9C000032D0110832DC10F638407006F10901DAC
:10A9D0008320C1120325410083244112832A41119F
:10A9E000832BC110130101136780000093850A00B7
:10A9F00013850B00EF309019630405006F10901A57
:10AA00008397CA001307A00093F7A701E39AE7D042
:10AA10008397EA00E3C607D0832681008320C11212
:10AA20001386040093850A0083244112832A41116E
:10AA300013850B00832BC110130101136F10103805
:10AA40001369090193840D006FF09FDC3389B441D1
:10AA5000E394B4D783C704006FF0DFD90325010066
:10AA60001306C10793850A00EF105054E31805F24E
:10AA700013040B006FF01FD7032501001306C10755
:10AA800093850A00232EE102232CE103232A51029D
:10AA90002326F103EF109051E31205F0032941083A
:10AAA0000327C103032F810383224103832FC102A4
:10AAB00013040B006FF09FE283270108B756018053
:10AAC000938686CB2320D400130919009306100027
:10AAD000938717002322D400232221092320F10881
:10AAE000930670001304840063D4F6006F10801086
:10AAF000630406006F1080458326410193771F0091
:10AB0000B3E7D700E38607E48327410283260102E7
:10AB10002320F40083270108B38526012322D400D3
:10AB2000938717002322B1082320F10893067000B1
:10AB300063D4F6006F1080641304840083264101FF
:10AB400093871700232094013389B6002322D40071
:10AB5000232221092320F10893067000E3D8F6DEB2
:10AB6000032501001306C10793850A002326E1028D
:10AB70002328E101EF109043E31205E20329410885
:10AB8000032F01010327C10213040B006FF05FDCE8
:10AB900093778900E39C0760832781009387770080
:10ABA00093F787FF03A7070093878700232CE10013
:10ABB00003A7C7FF2324F100232EE100832CC1014A
:10ABC00003A781CA8326810183A7C1CA93941C006D
:10ABD00093D4140013850600938504001306070020
:10ABE00093860700EF908060630405006F100004F7
:10ABF0008326810103A781CA83A7C1CA13850600E2
:10AC0000938504001306070093860700EFD01FDD2D
:10AC10006344A0006F1080010327810193850C001D
:10AC2000130600001305070093060000EFD01FDB9A
:10AC3000635405006F1040438346F1059307700489
:10AC400063D4A7016F108041B75C0180938C8CFDA9
:10AC500023280100137FF9F7130730009304300015
:10AC6000930900006384060013071700937F2F00E9
:10AC7000E3800FC213072700930F20006FF05FC11E
:10AC8000832681009377090103A706009386460077
:10AC90002324D100639207129376090493070700D7
:10ACA000E390064E634E07108346F10563C4090422
:10ACB000137FF9F7631E070213071000639E092034
:10ACC000E314073C93741900930C0B006382040493
:10ACD00093070003A307F10A930CF10A13870400FA
:10ACE00063CC340323280100E39006F86FF01FF8CB
:10ACF00013090F0013079000E364F76C93870703B1
:10AD0000A307F10A130F090093041000930CF10A32
:10AD100013870400E3D834FD1387090023280100BA
:10AD20006FF09FFC8327810083AB07009387470068
:10AD30002324F100E3D80BD0B30B70411369490011
:10AD400093840D006FF0DFAC03CD0D009307A002DC
:10AD5000938D1D006314FD006F10807D93070DFD22
:10AD6000930590001307000013069000930900005C
:10AD7000E3E4F5AA03CD0D0093192700B389E90098
:10AD8000939919003387F90093070DFD938D1D00EA
:10AD9000E372F6FE93090700E35007A89309F0FF5A
:10ADA0006FF09FA7832781001369090103A707009C
:10ADB000938747002324F10093070700E35607EE2B
:10ADC000B307E0409306D002130710006F00000A9B
:10ADD0001369090893840D006FF09FA31369090498
:10ADE00093840D006FF0DFA203278100A30F0104FD
:10ADF0009304100083270700130747002324E10072
:10AE00002304F10813071000930C81086FF05FA76B
:10AE10009307B002A30FF10493840D006FF05F9FBE
:10AE20001369190093840D006FF09F9E8347F1050D
:10AE3000E39A07C093070002A30FF10493840D0067
:10AE40006FF01F9D1369890093840D006FF05F9C64
:10AE500003278100136909018327070013074700AF
:10AE60002324E1001307100093060000A30FD10470
:10AE700063C80900137FF9F7E38207E413090F00A1
:10AE800013061000E308C7E6130620006306C70692
:10AE9000930C0B0013F7770013070703A38FECFE47
:10AEA00093D7370013860C00938CFCFFE39407FEC6
:10AEB0009377190063840706930700036300F7067E
:10AEC0001306E6FFA38FFCFEB304CB40130F09006B
:10AED000930C06006FF0DFE3930710006314F70094
:10AEE0006F10C03F9307200013090F006304F700A1
:10AEF0006F1000219307000003268102930C0B00C2
:10AF000013F7F7003307E6000347070093D747001E
:10AF1000938CFCFF2380EC00E39407FEB3049B4179
:10AF2000130F09006FF0DFDE0327810013690901A9
:10AF300083270700130747002324E10013070000BD
:10AF40006FF09FF2832681001377090183A7060023
:10AF5000938646002324D100E31607F013770904F3
:10AF6000E30207F09397070193D707011307100037
:10AF70006FF09FEF83278100A30F010483AC0700CC
:10AF800013884700E3800C322324010163D40900B5
:10AF90006F104007138609009305000013850C000D
:10AFA000EF30806C03288100631405006F10803A35
:10AFB000B30495418346F10513C7F4FF1357F741D6
:10AFC000232401012328010033F7E400130F0900B3
:10AFD00093090000E39A06C86FF05FC983268100D9
:10AFE00037870000130707832310E1061387460005
:10AFF0002324E100375701801307C7FF2324E10210
:10B0000083A706001369290013072000130D80078A
:10B010006FF09FE5832681001377090183A706005F
:10B02000938646002324D100E31A07F0137709041E
:10B03000E30607F09397070193D707011307000072
:10B040006FF09FE293770901E3840714832781005F
:10B050000327410083A7070023A0E700832781007F
:10B06000938747002324F1006FF08FF29307500677
:10B0700063DAA735832681018327C1011306000007
:10B08000138506009385070093060000232AE1023A
:10B090002326E103EF80C00E032FC10203274103E3
:10B0A0006316056683270108B7560180938686CB11
:10B0B0002320D4001309190093061000938717006A
:10B0C0002322D400232221092320F10893067000B3
:10B0D00013048400E3C0F64C832741068326410114
:10B0E000E3D8D70883274102832601021304840092
:10B0F000232CF4FE832701083309D900232ED4FE24
:10B1000093871700232221092320F108930670005A
:10B11000E3CCF60E832741019384F7FFE35A908234
:10B12000930600018327010863C496006F10003D59
:10B13000B75601809386C6182326E102032D01002D
:10B14000130704009309000113840400930C70009A
:10B150002328E101938406006F00C000130404FF5C
:10B16000E3D6894A13090901938717002320970022
:10B1700023223701232221092320F1081307870006
:10B18000E3DEFCFC1306C10793850A0013050D00DE
:10B19000EF10C061E31405800329410883270108EB
:10B1A00013070B006FF09FFBB387EB406356F0F67D
:10B1B000930600010326010863C4F6006F10C01D4A
:10B1C000B75601809386C618232A91029305090079
:10B1D0009308000113090700930F70001307040080
:10B1E0002326E10313840700938406006F00C00048
:10B1F000130404FF63DA880493850501130616001F
:10B2000023209700232217012322B1082320C108FD
:10B2100013078700E3DECFFC032501001306C107F7
:10B2200093850A00EF108058631A05F69308000111
:10B23000130404FF832541080326010813070B00AC
:10B24000930F7000E3CA88FA93860400032FC102AB
:10B250008324410393070400130407001307090024
:10B26000138905003309F900130616002322F400A0
:10B270002320D400232221092320C1089307700032
:10B280001304840063DAC7E8032501001306C1072D
:10B2900093850A00232AE1022326E103EF100051DF
:10B2A000631E05EE0329410803274103032FC10252
:10B2B00013040B006FF04FE6B75601808327010897
:10B2C0009386C618635A3A099306090093087000DA
:10B2D000130907002326E103130704001384090060
:10B2E00093090C006F00C000130404FF63588A0424
:10B2F00093860601938717002320870123224701A5
:10B300002322D1082320F10813078700E3DEF8FC8D
:10B31000032501001306C10793850A00EF100049B9
:10B32000631E05E6130404FF8326410883270108F2
:10B3300013070B0093087000E34C8AFA032FC10235
:10B34000138609009309040013040700130709007A
:10B350001389060093060600330939019387170005
:10B360002320D40023223401232221092320F108A1
:10B37000930670001304840063D4F6DA03250100F9
:10B380001306C10793850A00232AE1022326E1035D
:10B39000EF10C041631405E003294108032741036E
:10B3A000032FC10213040B006FF08FD70325010098
:10B3B0001306C10793850A00EF10403F630005DCC8
:10B3C0006FF0CFDD8324010883264101930710002D
:10B3D0002320940113091900938414009309840015
:10B3E00063DAD74A930710002322F40023222109AD
:10B3F000232091089307700063CC97748327010280
:10B4000083264102938414003309F90023A2F90032
:10B4100023A0D9002322210923209108930770003B
:10B420009389890063C297768327C10183268101AE
:10B43000130600009385070083274101138506004A
:10B44000930600002326E1022328E1011384F7FF7D
:10B45000EF701053032F01010327C1026304054855
:10B46000938C1C00938414003309890023A0990154
:10B4700023A2890023222109232091089307700029
:10B4800093898900E3C29714832601039307C106B9
:10B49000938414003389260123A0F90023A2D90044
:10B4A0002322210923209108930770001384890027
:10B4B00063D097CA032501001306C10793850A00CC
:10B4C0002326E1022328E101EF10402E631805CC6A
:10B4D000032941080327C102032F010113040B00B4
:10B4E0006FF00FC79306000103260108E3D6F66844
:10B4F000B75601809386C617232E91029305090043
:10B500009308000113090700930370001307040058
:10B510002326F103232A5102232CE103138407007D
:10B52000938406006F00C000130404FF63DA8804EC
:10B530009385050113061600232097002322170187
:10B540002322B1082320C10813078700E3DEC3FCD0
:10B55000032501001306C10793850A00EF1000259B
:10B56000631E05C293080001130404FF83254108EC
:10B570000326010813070B0093037000E3CA88FA3F
:10B5800093860400832FC10283224103032F81038A
:10B590008324C10393070400130407001307090061
:10B5A000138905003309F900130616002322F4005D
:10B5B0002320D400232221092320C10893077000EF
:10B5C0001304840063D0C7AE032501001306C1072E
:10B5D00093850A00232EE102232CE103232A510242
:10B5E0002326F103EF10801C631A05BA03294108D2
:10B5F0000327C103032F810383224103832FC10249
:10B6000013040B006FF00FAA032501001306C107F6
:10B6100093850A00232CE102232AE1032326510209
:10B62000EF10C018631C05B60329410803278103E6
:10B63000032F41038322C10213040B006FF04FADAF
:10B640009306000183270108E3D29654B756018080
:10B650009386C617138D040093090001930C7000A4
:10B660002328E100938406006F00C000130D0DFF36
:10B6700063D6A905130909019387170023209400B5
:10B6800023223401232221092320F10813048400FA
:10B69000E3DEFCFC032501001306C10793850A00C5
:10B6A000EF10C010631C05AE130D0DFF03294108F8
:10B6B0008327010813040B00E3CEA9FB0327010134
:10B6C0009386040093040D003309990093871700B3
:10B6D0002320D40023229400232221092320F108CF
:10B6E0009306700063DEF6A6032501001306C1076A
:10B6F00093850A002328E100EF10400B631005AA90
:10B7000003294108032701016FF08FA50326410695
:10B710006354C0BA8327410183260101938907003E
:10B7200063C8F62C635630038327010833093901B7
:10B730002320940193871700232234012322210917
:10B740002320F1089306700013048400E3CEF61A58
:10B7500093C7F9FF93D7F741B3F9F90083270101A4
:10B76000B38937416340303783264106832741013F
:10B7700063D6F628832741020326010213048400BE
:10B78000232CF4FE832701083309C900232EC4FEAD
:10B7900093871700232221092320F1081306700044
:10B7A000E342F6308327410103260101B386D740E7
:10B7B000B389C74063D4360193890600635A3003C6
:10B7C000832701010326010833093901B38CFC00EA
:10B7D0001306160023209401232234012322210979
:10B7E0002320C1089307700013048400E3C0C7320C
:10B7F00013C6F9FF1356F641B3F7C900B384F640F8
:10B80000635890949306000183270108E3D8964E6D
:10B81000B75601809386C6182326E102032D010046
:10B82000130704009309000113840400930C7000B3
:10B830002328E101938406006F00C000130404FF75
:10B8400063D6895C130909019387170023209700A9
:10B8500023223701232221092320F108130787001F
:10B86000E3DEFCFC1306C10793850A0013050D00F7
:10B87000EF00D07363140592032941088327010860
:10B8800013070B006FF09FFB93040000930C0B0059
:10B890006FF00FC893761F00E39606B42322F400DE
:10B8A000232221092320910893077000E3DE97BC2F
:10B8B000032501001306C10793850A002326E10230
:10B8C0002328E101EF00906E631A058C03294108DB
:10B8D000832401080327C102032F010193090B00F0
:10B8E0006FF09FBA8326410193071000E3DED7B8BB
:10B8F00093071001E3DED73EB75601809386C61842
:10B9000093870900930C000193090700130D700041
:10B91000130709002328E101138906006F00C00006
:10B92000130404FF63DA8C70130707019384140077
:10B9300023A0270123A297012322E10823209108B5
:10B9400093878700E35E9DFC032501001306C10772
:10B9500093850A00EF009065630405006FF00F8483
:10B96000032741088324010893070B006FF05FFB56
:10B9700093771F00639407006FE09FFD6FF08FF6D1
:10B980001317070113570741930707006FF00FC301
:10B99000937F0904638C0FEA83278100032741000A
:10B9A00083A707002390E7006FF04FEB0327810088
:10B9B00013050104832707009304470003A707002A
:10B9C0002320E10403A747002322E10403A7870003
:10B9D0002324E10483A7C7002326F104EF80101A73
:10B9E000232CA100232EB100232491006FF00F9D82
:10B9F00093890600E34A30D36FF09FD593771F00F9
:10BA0000E38207DA6FF01FD7032501001306C10791
:10BA100093850A002326E1022328E101EF00105953
:10BA2000630405006FE09FF7032941080327C10263
:10BA3000032F010113040B006FF0CFEDB757018006
:10BA4000938787FE2324F10283268100137709015F
:10BA500083A70600938646002324D100631A0700BB
:10BA600013770904630607009397070193D707012B
:10BA70009376190013072000638806BE638607BE0D
:10BA8000930600032300D106A300A1071369290030
:10BA90006FF08FBDB75701809387C7FF2324F10252
:10BAA0006FF09FFA930760009384090063E8376999
:10BAB000B75C01801387040023240101938C0C01DF
:10BAC0006FE01FDC9306000183270108E3DC3625C5
:10BAD000B7560180930507009386C6181307040024
:10BAE0001306090013840900130D0001930470006C
:10BAF0002326E10313890600938905006F00C00027
:10BB0000130404FF635A8D5613060601938717002A
:10BB1000232027012322A7012322C1082320F10883
:10BB200013078700E3DEF4FC032501001306C107B9
:10BB300093850A00EF009047630405006FE01FE65D
:10BB4000032641088327010813070B006FF05FFBF2
:10BB5000032501001306C10793850A002326E1028D
:10BB60002328E101EF009044630405006FE01FE328
:10BB700003294108832401080327C102032F01017F
:10BB800093090B006FF09F87032501001306C1077F
:10BB900093850A002326E1022328E101EF001041EA
:10BBA000630405006FE09FDF032941088324010837
:10BBB0000327C102032F010193090B006FF0DF86F9
:10BBC000930C0B001306A0001305900033F7C70277
:10BBD000938CFCFF93850700130707032380EC0079
:10BBE000B3D7C702E364B5FEB3049B41130F09004A
:10BBF0006FF00F92032501001306C10793850A0019
:10BC00002326E1022328E101EF00503A63040500F6
:10BC10006FE0DFD803264106032941080327C1024C
:10BC2000032F010113040B006FE09FEC0328810137
:10BC30008327C10113060800130508009386070037
:10BC400093850700EF80805AE31205021377FDFD0C
:10BC50009307F0FF2326E102136F09106388F96E42
:10BC6000930770046302F7688327C1019302000001
:10BC70009384070063C0074E93076006138709008B
:10BC8000930630006310FD4E0326810113088106E0
:10BC900093074106130506009305050003250100DF
:10BCA0009308410713860400232A5102232AE10145
:10BCB0002328E100EF30802003270101930760066D
:10BCC000032F410183224103930C05003308E50053
:10BCD000631CFD0083C60C00930700036380F656C7
:10BCE000832741063308F8008327810193850400E8
:10BCF000130600001385070093060000232A510253
:10BD0000232A01012328E101EF708047032F01015D
:10BD1000032841018322410363060542832741072B
:10BD200063FE07019306000313871700232AE10629
:10BD30002380D70083274107E3E807FF0327410655
:10BD40002328E100B3879741232AF1008327C1020A
:10BD5000130770046384E714930760066312FD18E9
:10BD60000327010193771900B3E737016356E07E9B
:10BD7000639C077283240101130D6006138704007E
:10BD8000638802509307D002A30FF10493090000C7
:10BD90006FE09FED032501001306C10793850A009C
:10BDA0002326E1022328E101EF005020630405006F
:10BDB0006FE0DFBE032941080327C102032F010101
:10BDC00013040B006FF04FB1032501001306C107E8
:10BDD00093850A002326E1022328E101EF00101DCC
:10BDE000630405006FE09FBB032941088324010819
:10BDF000032F01010327C10293090B006FF0CFE865
:10BE000013850B00EFD08F9F6FE09F8C938604000B
:10BE1000032F010193040400130407000327C10248
:10BE200033099900938717002320D4006FE0DFB017
:10BE300063CC07688324C1019302000093091000BA
:10BE40000327810193074106930841071305070063
:10BE500093050500032501001308810613870900D7
:10BE60009306200013860400232A51002328E101B1
:10BE7000EF30C00493771900032F010183224101A1
:10BE8000930C050063900750832741062328F10097
:10BE900083274107B387A740232AF1000327010125
:10BEA0009307D0FF634CF70263CAE902832741017D
:10BEB00003270101634CF750937F19008327010189
:10BEC00063960F5C13C7F7FF1357F74133F7E7008B
:10BED00093840700130D70066FF09FEA130DEDFFBA
:10BEE000032701012306A1079307B0029308F7FF78
:10BEF0002322110763CC0832A306F10693079000B2
:10BF000063C0172D9387080313070003A307F106E7
:10BF1000930740002307E1062328F102032741018C
:10BF20008326010393071000B304D70063D2E748C8
:10BF30008327010223280100B384F40013C7F4FF10
:10BF40001357F74133F7E4006FF09FE38327410273
:10BF50008326010213048400232CF4FE83270108A6
:10BF6000B3852601232ED4FE938717002322B10820
:10BF70002320F1089306700063C2F6206344060094
:10BF80006FE0DFBB930600FFB304C0406356D6608A
:10BF9000B75601809386C6182328E1009309000153
:10BFA0001307040013097000130D0F00138406001B
:10BFB0006F00C000938404FF63D499449385050106
:10BFC0009387170023208700232237012322B108FB
:10BFD0002320F10813078700E35EF9FC0325010025
:10BFE0001306C10793850A00EF00407C6304050037
:10BFF0006FE0DF9A832541088327010813070B00B0
:10C000006FF05FFB13850C00EFD01F828346F105B4
:10C010001347F5FF1357F741232801009304050048
:10C020003377E500130F09009309000063840600CD
:10C030006FE09FC36FE09FC3032F010193060900C8
:10C040001309070013870900938907003309890042
:10C050009384140023A0D9006FF08FC1B75C0180D6
:10C06000938CCCFD6FE0DFBE9307D002A30FF104E9
:10C070009306D0026FE09FBC032FC1029385090095
:10C08000930609009309040013090600130407002E
:10C090001387050033093901938717002320D40043
:10C0A00023223401232221092320F1089306700062
:10C0B0001304840063DAF6EA032501001306C107BE
:10C0C00093850A00232AE1022326E103EF00006E94
:10C0D000630405006FE09F8C032941080327410397
:10C0E000032FC10213040B006FF00FE81306C10702
:10C0F00093850A0013850B00EF00406B6FE01F8AE9
:10C10000930700006FE0DFD8032501001306C10785
:10C1100093850A00232AE1022326E103EF00006948
:10C12000630405006FE09F8703294108032741034B
:10C13000032FC10213040B006FF08FE19304600022
:10C140006FF01F97832741062328F100930708000B
:10C150006FF05FBFB7040080B3C4F4009302D00255
:10C160006FF09FB10327C10293075004E31AF7CC85
:10C1700013871900930620006FF01FB103250100FB
:10C180001306C10793850A002326E1022328E10153
:10C19000EF00C061630405006FE05F800326410685
:10C1A00083254108832701080327C102032F0101CA
:10C1B00013040B00634406006FE05F986FF09FDC90
:10C1C0001305B107930605001306A00013083006F7
:10C1D00033E7C80293870600938508009386F6FF2D
:10C1E00013070703A38FE7FEB3C8C802E342B8FEF4
:10C1F000938808031387E7FFA38F16FF6378A73898
:10C200009306E106034607001307170093861600FE
:10C21000A38FC6FEE318A7FE1307010FB307F7406D
:10C220009387F7F82328F1026FF05FCF9307100090
:10C23000B388E7409307D0026FF01FCC83268101BB
:10C240009385040013060000138506009306000082
:10C25000232C5102232A0103232AE1002328E10190
:10C26000EF601072032F01010327410103284103EE
:10C270008322810363140526832741063308F800CF
:10C280002328F100B3079841232AF1006FF05FAD36
:10C290008346F10593090000638406006FE0DF9C8C
:10C2A0006FE0DF9C032501001306C10793850A0098
:10C2B000232AE1022326E103EF00404F6304050037
:10C2C0006FE0CFED83264106032941080327410390
:10C2D000032FC10213040B006FF0CFCC13090F0022
:10C2E000930700006FE09FA18327C101E38209B497
:10C2F0009384070093020000E3D407B4B7040080DE
:10C30000B3C4F4009302D0026FF09FB30325010081
:10C310001306C10793850A002326E1022328E101C1
:10C32000EF00C048630405006FE04FE78326410635
:10C3300083274101032941080327C102032F01017B
:10C3400013040B00B386D7406FF08FCA93096000C7
:10C350006FF09F918346F1052328010013870900A0
:10C3600093840900130F09009309000063840600F9
:10C370006FE09F8F6FE09F8FB75601809386C6173F
:10C380006FF04FA2330835016FF01F96B75601804A
:10C390009386C6176FF04FB3B75601809386C618C1
:10C3A0006FE05FEC9307F0FF2322F1006FE04FE2B4
:10C3B000937719002328F100E39C07B613C7F4FF15
:10C3C0001357F74133F7E4006FF09F9B8327410138
:10C3D00003270102B384E700832701016348F000CB
:10C3E000832701013388F4409304180013C7F4FF36
:10C3F0001357F74133F7E400130D70066FF05F98A1
:10C40000930604001304070003270101130F0D0016
:10C41000B3859500938717002320D400232294002E
:10C420002322B1082320F1089306700063C4F600AC
:10C430006FE08FF0032501001306C10793850A0002
:10C440002326E1022328E101EF00403663040500C2
:10C450006FE0CFD483254108832701080327C10259
:10C46000032F010113040B006FE04FED8327C1017F
:10C4700063C2070A8346F1059307700463C6A709E0
:10C48000B75C0180938C0CFE6FE08FFC03270102E8
:10C49000130D7006B384E70013C7F4FF1357F74179
:10C4A00033F7E4006FF0DF8D832701023388E90062
:10C4B000130D6006B304F80013C7F4FF1357F741D8
:10C4C00033F7E4006FF0DF8BB7040080B3C4F400EF
:10C4D0009302D002930910006FF09F96930710000B
:10C4E000B387E7402322F1063308F8006FF0CFFF4F
:10C4F000B75601809386C6186FF05FB5B7560180B6
:10C500009386C6186FF0DF91B75C0180938C4CFE68
:10C510006FE00FF49307D002A30FF1049306D0024B
:10C520006FF09FF5B75601809386C6186FF09FB6DF
:10C530008327810083A907009387470063C8090008
:10C540002324F10093840D006FE08FAC9309F0FF7A
:10C550002324F1006FF01FFF639A070013071000F8
:10C56000130D6006930410006FF09F818327010272
:10C57000130D600613881700B304380113C7F4FFC6
:10C580001357F74133F7E4006FF08FFF9307200054
:10C590002328F1026FF09F98B75601809386C61842
:10C5A0006FF01FE79307050003A501D0930606006F
:10C5B00013860500938507006FE0CF8C130101B847
:10C5C0008397C50003D7E500232C8146138405001B
:10C5D000B70501009385D5FF032E44060323C4014C
:10C5E0008328440213170701B3F7B700B3E7E70046
:10C5F00013080040232AF1009305810093070107E7
:10C60000232A914623282147232E1146130905008A
:10C610002326C10723226102232611032324F100CC
:10C62000232CF10023280101232E010123200102E4
:10C63000EFE04F8593040500635C050283574101D9
:10C6400093F70704638807008357C40093E7070440
:10C650002316F4008320C14703248147032901479F
:10C6600013850400832441471301014867800000BB
:10C670009305810013050900EF108044E30005FCD9
:10C680009304F0FF6FF09FFB83A74506130101FDA4
:10C69000232861012326110213972701130B06009B
:10C6A0006358070E8327860023202103232E3101A0
:10C6B000232A51012326710113890500832B0600CB
:10C6C00093090500930AF0FF6388070A2324810277
:10C6D00023229102232C41012324810103AC4B002E
:10C6E00003A40B00135A2C0063060A0693040000EF
:10C6F0006F00C00013044400630C9A0483250400F7
:10C700001306090013850900EF10906B9384140041
:10C71000E31255FF0324810283244102032901020D
:10C720008329C101032A8101832A4101832BC1008E
:10C73000032C81001305F0FF8320C10223240B008A
:10C7400023220B00032B010113010103678000006A
:10C7500083278B00137CCCFFB38787412324FB0006
:10C76000938B8B00E39C07F6032481028324410210
:10C77000032A8101032C8100032901028329C101BD
:10C78000832A4101832BC100130500006FF0DFFAFB
:10C79000EF1040418320C10223240B0023220B0011
:10C7A000032B0101130101036780000003278600AA
:10C7B000630407006FF05FED2322060013050000FD
:10C7C00067800000130101F22326310D232C810B19
:10C7D0002326B10B232E110C2320A10093890500E1
:10C7E000930D0600138C060063060500832745039E
:10C7F000E38E07588397C900139727016346070202
:10C8000003A7490637260000B7E6FFFFB3E7C700D6
:10C810009386F6FF9397070193D707413377D700A5
:10C820002396F90023A2E90613F78700630807128D
:10C8300003A709016304071293F7A7011307A000D8
:10C84000638EE712B75701802328210D232E710B29
:10C85000130901069387C719B75B0180232C810C4C
:10C86000232A910C2324410D2322510D2320610DF5
:10C87000232A910B2328A10B23262103232A01021B
:10C8800023280102130709002326010023220100A7
:10C890002328F10013040001938B0B3183C70D0093
:10C8A0006386071093840D00930650026386D72E8B
:10C8B00083C7140093841400E39A07FE338AB441BB
:10C8C0006386B40F83264103832701032320B70126
:10C8D000B306DA009387170023224701232AD102E7
:10C8E0002328F10213067000130787006350F60235
:10C8F000E382062E032501001306C1029385090079
:10C90000EFF09FD86318050A13070900832641003A
:10C9100083C70400B38646012322D1006388070839
:10C9200093871400A30301029306F0FF9304000011
:10C93000930C00001305800503C60700938D1700B4
:10C94000930706FE6368F50E832501019397270080
:10C95000B387B70083A7070067800700032501009E
:10C9600093850900EF109022E31E054C8397C900C0
:10C970001307A00093F7A701E396E7EC8397E9007C
:10C98000E3C207EC032501008320C10D93060C00D0
:10C9900013860D00032C810B832DC10A938509009A
:10C9A0008329C10C1301010E6F00D04E8327410370
:10C9B000E39C074283D7C9000324810D8324410DE2
:10C9C00093F707040329010D032A810C832A410CE4
:10C9D000032B010C832BC10B832C410B032D010B6B
:10C9E000E39207468320C10D032541008329C10C32
:10C9F000032C810B832DC10A1301010E67800000F7
:10CA000093040000930706FD1308900003C60D0071
:10CA100093952400B385950093951500B384B700D2
:10CA2000930706FD938D1D00E372F8FE930706FE43
:10CA3000E37CF5F0E30C06F6230CC102A30301022C
:10CA4000130A1000130B1000930A810393060000D1
:10CA5000130F00000326010393FF4C0883274103B3
:10CA600093051600138E050063960F00338D444125
:10CA7000E340A00383457102638A05021306710235
:10CA8000938717002320C700130610002322C70036
:10CA9000232AF1022328C103130670006342C679DA
:10CAA00013060E0013078700130E1E0063000F0607
:10CAB00013068102938727002320C7001306200056
:10CAC0002322C700232AF1022328C1031306700082
:10CAD0006358C67BE3860710032501001306C102D5
:10CAE00093850900232AD1002324F101EFF0DFB957
:10CAF000E31205EC0326010383274103832641014A
:10CB0000832F810013070900130E160093050008F8
:10CB10006382BF54338D66416348A063B307FB0053
:10CB20002320570123226701232AF1022328C1036E
:10CB30009306700063D4C65163880706032501007D
:10CB40001306C10293850900EFF01FB4E31405E654
:10CB5000832741031307090013F34C006306030006
:10CB6000338B4441634E600563D4440193040A004F
:10CB700003274100330797002322E100639E0766E5
:10CB800023280102130709006FF05FD193EC0C0119
:10CB900093870D006FF05FDA338AB441E394B4D326
:10CBA00083C704006FF09FD72328010213F34C00C2
:10CBB0006300037C338B4441635C607B1307090093
:10CBC0009306000103260103E3D86625375E018042
:10CBD000130E0E30130D0001930A70006F008001D8
:10CBE000930526001307870013860600130B0BFF1F
:10CBF000635C6D0593870701930616002320C70128
:10CC00002322A701232AF1022328D102E3DADAFC46
:10CC1000638A0742032501001306C10293850900B8
:10CC20002324C101EFF05FA6E31605D80326010314
:10CC3000130B0BFF83274103032E81001307090009
:10CC400093051600E3486DFBB38767012320C701F6
:10CC500023226701232AF1022328B102130770005F
:10CC6000E354B7F063860770032501001306C10281
:10CC700093850900EFF05FA1E31E05D283274103EE
:10CC80006FF09FEE93F70C0103260C00130C4C0081
:10CC9000639A071093F50C0493070600E3920500CE
:10CCA000634006040345710263C8060493FCFCF765
:10CCB00063140604E39A0616130A0000130B00001F
:10CCC000930A090063040500130A1A0013FF2C00DD
:10CCD000E3020FD8130A2A00130F20006FF09FD72A
:10CCE0009307D002A303F102B307C04063C4060058
:10CCF00093FCFCF71305D002130690006364F674EE
:10CD00009387070393F7F70FA30FF104138A060025
:10CD10006344D000130A1000130B1000930AF105AE
:10CD2000E31405FA6FF09FFA83240C00130C4C00F7
:10CD3000E3D004E6B304904093EC4C0093870D00DD
:10CD40006FF09FBF03C60D009307A00293881D00DC
:10CD5000E300F610930706FD93069000930500008C
:10CD600013089000E3E4F60A03C608009396250032
:10CD7000B386B60093961600B385D700930706FDD9
:10CD800093881800E372F8FE9386050063C005746B
:10CD9000938D08006FF0DFBA03260C0093EC0C01B2
:10CDA000130C4C00930706006FF09FEF93EC0C08F8
:10CDB00093870D006FF05FB89307B002A303F102F1
:10CDC00093870D006FF05FB793EC1C0093870D0005
:10CDD0006FF09FB683477102E39C07DA9307000266
:10CDE000A303F10293870D006FF01FB583270C009A
:10CDF000A3030102130C4C00230CF102130A1000D0
:10CE0000130B1000930A81036FF05FC483270C009B
:10CE100013EB0C01130C4C00A303010213061000CA
:10CE2000930C0B0013050000E3C806EC937CFBF7A2
:10CE30006392075663920674631E065E137B1B00A3
:10CE400063020B6493070003A30FF104130A0B00A2
:10CE5000930AF1056FF09FE783270C0013EB0C0199
:10CE6000130C4C00A303010213060000930C0B00EB
:10CE7000E3DE06FA930A090013F6770013060603A9
:10CE8000A38FCAFE93D7370093850A00938AFAFFCF
:10CE9000E39407FE93F71C00638A071693070003C9
:10CEA0006306F6169385E5FFA38FFAFE330BB940B0
:10CEB000138A060063C66661938A05006FF01FE15E
:10CEC00013F60C0183270C00130C4C00631A0600A8
:10CED00013F60C04630606009397070193D7070126
:10CEE000138B0C006FF01FF893F70C01639007028F
:10CEF00013F30C04630C030083270C00832641000A
:10CF0000130C4C002390D7006FF05F9983270C001F
:10CF100083264100130C4C0023A0D7006FF01F980C
:10CF200093EC0C0493870D006FF01FA113F60C0116
:10CF300083270C00130C4C00631A060013F60C0434
:10CF4000630606009397070193D70701138B0C0024
:10CF50006FF09FEC832A0C00A3030102130C4C001A
:10CF6000638A0A6263CA06561386060093050000A8
:10CF700013850A00232AE1002324D100EF10C06E9C
:10CF80008326810003274101138B060063040500FB
:10CF9000330B554183477102134AFBFF135AFA4181
:10CFA000337A4B0193060000130F0000E39E07D075
:10CFB0006FF05FAA37860000130606832314C102B0
:10CFC000375601801306C6FF83270C0093EC2C0014
:10CFD000130C4C002326C100A3030102138B0C0089
:10CFE00013062000E3D406E4930A09008325C10058
:10CFF00013F6F700938AFAFF3386C500034606004E
:10D0000093D747002380CA00E39207FE330B5941B0
:10D01000138A0600E3DC66CB130A0B006FF01FCB0C
:10D02000130710002328E10293070B002320510768
:10D0300023226107232A61031307090013078700CE
:10D040006FF09FB19305100013060000130709004D
:10D050006FF0DFB9338D4441E35EA0AB930500016F
:10D0600063D8A55DB7550180938505312324B100B0
:10D07000130E0001130F70006F00800113052600CE
:10D080001307870013860500130D0DFF6352AE07CB
:10D090000325810093870701930516002320A7002D
:10D0A0002322C701232AF1022328B102E358BFFC3F
:10D0B00063800716032501001306C102938509004A
:10D0C000232AD100EFF04FDCE316058E032601037F
:10D0D000130E0001130D0DFF832741038326410129
:10D0E0001307090013051600130F7000E342AEFB8F
:10D0F00003268100B387A7012322A7012320C700AD
:10D10000232AF1022328A102130670006352A638D5
:10D110006388074A032501001306C10293850900AD
:10D120002324D100EFF04FD6E31605888326810033
:10D130000326010383274103338D6641130709004A
:10D14000130E1600E35CA09D6354A44723247101D1
:10D15000930E70006F008001130E260013078700E6
:10D1600013860500130D0DFF635AA405938707016D
:10D17000930516002320770123228700232AF1023A
:10D180002328B102E3DABEFC638007060325010011
:10D190001306C10293850900EFF00FCFE31C058051
:10D1A00003260103130D0DFF832741031307090015
:10D1B000130E1600930E7000E34AA4FB8326810031
:10D1C000B387A7012322A7012320D700232AF10236
:10D1D0002328C1039306700063C8C61D1307870088
:10D1E000130E1E006FF09F93130E10001306000025
:10D1F000130709006FF01FF7032501001306C10292
:10D2000093850900EFF04FC8E30C05966FF08FFA95
:10D210001305100013060000130709006FF0DFE686
:10D2200063820704032501001306C10293850900E8
:10D23000232CD100232AF1012324E101EFF0CFC4F4
:10D24000631A05F603260103832741038326810120
:10D25000832F4101032F810013070900130E1600CD
:10D260006FF0DF8463060F24930781022320F10609
:10D27000930720002322F106130E10001307090064
:10D2800013060E0013078700130E1E006FF01F8891
:10D29000130500016354A537375E0180130E0E306D
:10D2A000930E0001930270006F00C0011305260069
:10D2B0001307870013860500130D0DFF63DCAE070F
:10D2C00093051600938707012320C7012322D70166
:10D2D000232AF1022328B102E3DAB2FC63820708B1
:10D2E000032501001306C10293850900232EC10105
:10D2F000232CD100232AF1012324E101EFF0CFB840
:10D30000631A05EA03260103930E0001130D0DFFB6
:10D3100083274103032EC10183268101832F41010D
:10D32000032F8100130709001305160093027000F4
:10D33000E3C8AEF9B387A7012320C7012322A701C1
:10D34000232AF1022328A102130670006342A60AD1
:10D3500013078700130E1500130605006FF08FF1F9
:10D360001306000013051000130709006FF0DFF427
:10D3700063D4440193040A0083274100B3879700D4
:10D380002322F1006FF0CFFF13F3FCF7936C23001F
:10D390001306200093051000630EB62C93052000A1
:10D3A000E31AB6AC6FF05FC4E38C07C60325010037
:10D3B0001306C10293850900EFF00FAD631C05DE73
:10D3C000032E01038327410313070900130E1E00D8
:10D3D0006FF0CFF423280102130709006FF00FD379
:10D3E000130E100013060000130709006FF00FF270
:10D3F00063820716032501001306C1029385090005
:10D40000232CD100232AF1012324E101EFF0CFA73F
:10D41000631205DA03260103832741038326810172
:10D42000832F4101032F810013070900130E1600FB
:10D430006FF04FE4130A0000130B0000930A090079
:10D440006FF0DF88930A09009305A000930E900007
:10D4500033F6B702938AFAFF138E0700130606030A
:10D460002380CA00B3D7B702E3E4CEFF330B5941A0
:10D47000138A0600E3D86685130A0B00E3160584B9
:10D480006FF0DF84130A0000930A09006FF01F8415
:10D4900013078700130E1500130605006FF08FE7C2
:10D4A0001316060113560641930706006FF04FFF4F
:10D4B00013060000130E1000130709006FF00FE5AC
:10D4C000130A0B00938A05006FF05F809306F0FF4C
:10D4D000938D08006FF0CFC613850A002324E10066
:10D4E000EFC08FB403278100130B05006FF09FAAD4
:10D4F000B7570180938787FE2326F10093F50C012F
:10D5000083270C00130C4C00639A050093F50C0460
:10D51000638605009397070193D7070193F51C00D5
:10D52000E38C05AAE38A07AA930500032304B1024A
:10D53000A304C102A3030102E3D806E493EC2C0088
:10D540006FF09FAAB75701809387C7FF2326F1008A
:10D550006FF0DFFA03477102630007089307710257
:10D560002320F106930710002322F106130E10006A
:10D57000130709006FF0CFD293051000E310B6E255
:10D5800013050000930700036FF00FF8EFB01FA71B
:10D590006FF04FA693076000138B060063EAD70273
:10D5A00037580180130A0B00930A08016FF00FCA65
:10D5B000B7560180938606312324D1006FF01FC037
:10D5C000130E100013060000130709006FF08FD42C
:10D5D000130B60006FF0DFFC13060000130E100049
:10D5E000130709006FF08FCC032501001306C10259
:10D5F00093850900EFF04F896FF0CFBB375E018054
:10D6000013850500130E0E306FF0DFD2938D0800E6
:10D61000930600006FF0CFB2375E018093051600CD
:10D62000130E0E306FF04FE2930700036FF0CFED53
:10D63000375601801306063113050E002324C1005E
:10D640006FF01FAB9307F0FF2322F1006FF08FB94B
:10D6500083260C00130C4C0063C80600938D080051
:10D6600093870D006FF04FAD9306F0FF938D080088
:10D670006FF01FFF130500006FF00FE89307050020
:10D6800003A501D0930606001386050093850700C5
:10D690006FF04F93130101B88397C50003D7E500DE
:10D6A000232C814613840500B70501009385D5FF1F
:10D6B000032E44060323C4018328440213170701E1
:10D6C000B3F7B700B3E7E70013080040232AF100DF
:10D6D0009305810093070107232A914623282147B8
:10D6E000232E1146130905002326C10723226102B8
:10D6F000232611032324F100232CF1002328010108
:10D70000232E010123200102EFF0CF8B93040500AB
:10D71000635C05028357410193F7070463880700A0
:10D720008357C40093E707042316F4008320C147FE
:10D7300003248147032901471385040083244147BB
:10D74000130101486780000093058100130509005B
:10D75000EF000037E30005FC9304F0FF6FF09FFB40
:10D76000130101FF232611002320210163880502F4
:10D7700023248100232291001384050093040500D3
:10D780006306050083274503638C070C8317C400D9
:10D790006392070203248100832441008320C10097
:10D7A00013090000130509000329010013010101F9
:10D7B000678000009305040013850400EF00800BD0
:10D7C0008327C40213090500638A07008325C40167
:10D7D00013850400E7800700634405068357C400EF
:10D7E00093F707086396070683250403638C0500F7
:10D7F000930704046386F50013850400EFC04FBC53
:10D80000232804028325440463880500138504004B
:10D81000EFC00FBB23220404EFB09F802316040047
:10D82000EFB05F808320C100032481008324410086
:10D83000130509000329010013010101678000009D
:10D840008357C4001309F0FF93F70708E38E07F826
:10D850008325040113850400EFC08FB66FF0DFF855
:10D86000EFB0CFF96FF09FF29305050003A501D04B
:10D870006FF01FEF0397C500130101FE232C8100F9
:10D8800023263101232E110093778700138405008E
:10D890009309050063900712B7170000938707806C
:10D8A00083A64500B367F7002396F5006352D018AE
:10D8B000032884026304080E232A9100931637017B
:10D8C00083A4090023A009008325C40163CE0616A2
:10D8D000130600009306100013850900E7000800F6
:10D8E0009307F0FF130605006304F51A8317C400BD
:10D8F000032884028325C40193F74700638E070041
:10D9000003274400832704033306E64063860700A9
:10D910008327C4033306F6409306000013850900ED
:10D92000E70008009307F0FF6314F51283A60900CF
:10D930009307D0010317C40063EAD716B707402046
:10D9400093871700B3D7D70093F7170063800716A4
:10D9500003260401B7F7FFFF9387F77FB377F7003C
:10D960002316F400232204002320C4009317370158
:10D9700063D40700638206108325040323A0990063
:10D9800063840510930704046386F500138509007A
:10D99000EFC00FA3832441012328040213050000D4
:10D9A0008320C101032481018329C10013010102E5
:10D9B000678000002328210103A9050163020908EB
:10D9C000232A910083A405001377370023A02501A3
:10D9D000B3842441930700006314070083A7450123
:10D9E0002324F400634890006F0040053309A90028
:10D9F00063569004832744028325C4019386040060
:10DA00001306090013850900E7800700B384A440CA
:10DA1000E34EA0FC0317C4000329010113670704A8
:10DA2000832441012316E4001305F0FF6FF05FF734
:10DA300083A6C503E34ED0E66FF05FF68324410171
:10DA4000032901016FF09FF5032604056FF0DFEA5B
:10DA50000317C40083260401B7F7FFFF9387F77FFE
:10DA6000B377F7002316F400232204002320D40008
:10DA700093173701E3D207F0832504032328A40476
:10DA800023A09900E39005F0832441016FF01FF17A
:10DA900083A70900E38C07E41307D001638CE70038
:10DAA000130760016388E7000317C40013670704C6
:10DAB0006FF01FF723A09900832441016FF01FEE40
:10DAC000130101FE232C8100232E110013040500F5
:10DAD0006306050083274503638A07028397C50011
:10DAE000639C07008320C10103248101130500000A
:10DAF0001301010267800000130504000324810163
:10DB00008320C101130101026FF0DFD62326B1008B
:10DB1000EFB0CFCE8325C1006FF05FFC6300050638
:10DB20009305050003A501D063060500832745037F
:10DB3000638C07008397C5006396070013050000F8
:10DB4000678000006FF01FD3130101FE2326B10090
:10DB50002324A100232E1100EFB04FCA8325C1005A
:10DB6000032581008397C500639807028320C101C4
:10DB70001305000013010102678000003756018081
:10DB8000B7E50080375501801306C669938505AC5B
:10DB90001305856A6FB04FCC8320C10113010102C8
:10DBA0006FF05FCD832786006384072C8396C500C2
:10DBB000130101FD23248102232C4101232861014B
:10DBC0002326110293F78600130B0600130A0500A3
:10DBD00013840500638E070883A70501638A07087D
:10DBE0002322910223202103232E3101232A5101D4
:10DBF00093F7260083240B006384070A83274402DB
:10DC00008325C401B70A00809309000013090000AE
:10DC1000938A0AC01386090013050A0063020904E7
:10DC20009306090063F42A0193860A00E78007003F
:10DC30006350A04683278B00B389A9003309A9400C
:10DC4000B387A7402324FB006386071A8327440277
:10DC50008325C4011386090013050A00E31209FC99
:10DC600083A9040003A94400938484006FF09FFA01
:10DC70009305040013050A00EF004071631C051CA6
:10DC80008316C4002322910223202103232E310175
:10DC9000232A510193F7260083240B00E39007F613
:10DCA000232671012324810193F716006396071C34
:10DCB0008327040003278400B70A008023229101F0
:10DCC000930B000093090000938AFAFF1385070065
:10DCD000130C07006382091013F606206308062858
:10DCE000930C070063E6E93213F70648630A070856
:10DCF0000326440183250401131716003307C700C8
:10DD00003389B740135CF701330CEC00930719001B
:10DD1000135C1C40B387370113060C006376FC00CC
:10DD2000138C07001386070093F60640638E0630B7
:10DD30009305060013050A00EFC0CF98930C050069
:10DD4000630C05348325040113060900EF00904697
:10DD50008357C40093F7F7B793E707082316F40037
:10DD600033852C01B3072C4123289401232A8401F5
:10DD70002320A400138C09002324F400938C0900B1
:10DD800013860C0093850B00EF00103203278400EC
:10DD9000832704001389090033078741B38797015C
:10DDA0002324E4002320F4009309000083278B0040
:10DDB000B38B2B01B38727412324FB006386070223
:10DDC00083270400032784008316C40013850700FB
:10DDD000130C0700E39209F083AB040083A944000D
:10DDE000938484006FF09FEE832BC100032C81008D
:10DDF000832C41008320C102032481028324410239
:10DE0000032901028329C101832A4101032A8101D7
:10DE1000032B0101130500001301010367800000BB
:10DE20009305040013050A00EFF09FC9630E050A6D
:10DE30008317C400832BC100032C8100832441027B
:10DE4000032901028329C101832A410193E70704C1
:10DE50002316F4008320C10203248102032A8101D6
:10DE6000032B01011305F0FF13010103678000007C
:10DE70001305000067800000930A000013050000EE
:10DE8000130C00009309000063820908630A050867
:10DE900093870A00938B090063F43701938B070083
:10DEA00003250400832704010329840083264401F9
:10DEB00063F6A7003309D9006344790963C0DB1610
:10DEC000832744028325C40113060C0013050A00AE
:10DED000E780070013090500E35CA0F4B38A2A4138
:10DEE00013051000E38E0AF283278B00330C2C01FC
:10DEF000B3892941B38727412324FB00E39607F820
:10DF0000832BC100032C81006FF0DFEE83A9440056
:10DF10009387040093848400E38A09FE03AC07001E
:10DF2000138609009305A00013050C00EF00C073D1
:10DF3000630A051413051500B30A85416FF05FF5F8
:10DF400093050C0013060900EF0010168327040048
:10DF50009305040013050A00B38727012320F4006A
:10DF6000EFF01FB6E30C05F66FF09FEC832604017B
:10DF700063E2F6040326440163EEC90293870900B5
:10DF800063F43A0193870A00B3E6C7020327440209
:10DF90008325C40113860B0013050A00B386D740FE
:10DFA000E700070013090500635AA004B38929415B
:10DFB0006FF0DFDF1309070063F4E900138909003C
:10DFC000138507001306090093850B00EF00D00DA1
:10DFD000032784008327040033072741B3872701E1
:10DFE0002324E4002320F400E31207FC930504003B
:10DFF00013050A00EFF0DFACE30A05FA8317C4004B
:10E00000832BC100032C8100832C41006FF01FE3A0
:10E01000138C0900938C09006FF09FD613860B00B8
:10E0200093050C00EF0050080327840083270400A9
:10E0300013890B0033077741B38777012324E4006A
:10E040002320F4006FF09FE913050A00EF30806F82
:10E05000930C0500E31605D08325040113050A007F
:10E06000EFB01FB68317C4001307C000832BC10095
:10E07000032C8100832C41002320EA0093F7F7F75B
:10E080006FF0DFDB93871900938A07006FF09FE042
:10E090008317C4006FF09FDA1307C0008317C40012
:10E0A000832BC100032C8100832C41002320EA0034
:10E0B0006FF0DFD8130101FE232C8100232E110005
:10E0C00013040500630605008327450363800706E4
:10E0D000832786009387F7FF2324F60063DC07007D
:10E0E0000327860163CAE70293F7F50F1307A00021
:10E0F0006384E7028327060013F5F50F13871700E3
:10E100002320E6002380B7008320C101032481017E
:10E11000130101026780000013050400032481013C
:10E120008320C101130101026F00000C2326C100EE
:10E130002324B100EFA09FEC0326C10083258100BA
:10E140006FF01FF9130101FE232A210103A901D059
:10E15000232C9100232E110093040500630609006F
:10E16000832749036388070683A785009387F7FF02
:10E1700023A4F50063DC070003A7850163CCE70255
:10E1800093F7F40F1307A0006386E70283A7050047
:10E1900013F5F40F1387170023A0E50023809700E1
:10E1A0008320C1018324810103294101130101025C
:10E1B000678000008320C101138605001305090054
:10E1C0009385040003294101832481011301010285
:10E1D0006F008001130509002326B100EFA01FE2A4
:10E1E0008325C1006FF05FF8130101FE232C81002D
:10E1F000232A910023282101232E11001309050051
:10E200009384050013040600630605008327450375
:10E2100063800716832784010317C4002324F400B6
:10E22000937787006380070883270401638C0706C0
:10E23000232631019316270193F9F40F93F4F40F79
:10E2400063D806080327040083264401B307F74078
:10E2500063D8D70A83268400130617002320C4003E
:10E260009386F6FF2324D4002300370103274401BB
:10E27000938717006302F70C8357C40093F71700C6
:10E28000639A070C8329C1008320C1010324810103
:10E2900003290101138504008324410113010102B4
:10E2A000678000009305040013050900EF00000ECD
:10E2B000631E05080317C4002326310183270401C8
:10E2C0009316270193F9F40F93F4F40FE3CC06F6B9
:10E2D0008326440637E6FFFFB72500003367B70003
:10E2E0001306F6FFB3F6C6002316E4000327040066
:10E2F0002322D40683264401B307F740E3CCD7F4A6
:10E300009305040013050900EFF08FFB631E05025F
:10E3100003270400832684009307100013061700C8
:10E320009386F6FF2320C4002324D4002300370162
:10E3300003274401E312F7F49305040013050900D1
:10E34000EFF00FF8E30005F48329C1009304F0FF18
:10E350006FF09FF39307A000E396F4F29305040097
:10E3600013050900EFF0CFF5E30E05F06FF0DFFDC8
:10E37000EFA0DFC86FF01FEA9307050003A501D0E7
:10E3800013860500938507006FF01FE683A701D071
:10E39000130101FF23248100232291002326110071
:10E3A00093040500138405006386070003A7470351
:10E3B000630C070E8317C40013F78700630A070670
:10E3C000032704016306070893F617006388060213
:10E3D000832644012324040013050000B306D04023
:10E3E000232CD400630A07028320C1000324810088
:10E3F00083244100130101016780000093F6270088
:10E400001306000063940600032644012324C4007D
:10E4100013050000E31A07FC13F70708E30607FCDF
:10E4200093E707042316F4001305F0FF6FF0DFFBFA
:10E4300013F707016300070813F74700631C07027F
:10E440000327040193E787002316F400E31E07F671
:10E4500093F6072813060020E388C6F69305040008
:10E4600013850400EF3090188317C40003270401BC
:10E470006FF09FF583250403638E050013070404E2
:10E480006388E50013850400EFB08FF38317C400A1
:10E49000232804020327040193F7B7FD2322040075
:10E4A0002320E4006FF01FFA13850700EFA01FB5CB
:10E4B0006FF05FF01307900023A0E40093E70704D8
:10E4C0002316F4001305F0FF6FF01FF2130101FE95
:10E4D000232C8100232A910023282101232E1100BF
:10E4E000130905009384050013040600EF00002CB7
:10E4F00093071000631CF5009387F4FF1307E00FE8
:10E500006366F700230691006F0040029306C4057E
:10E51000138604009305C10013050900EF30007D48
:10E520009307F0FF6304F508630C0502832784005A
:10E530008345C1009387F7FF2324F40063DA0700C3
:10E540000327840163CCE7029307A0006388F502E8
:10E5500083270400138717002320E4002380B700DB
:10E560008320C101032481010329010113850400D3
:10E570008324410113010102678000001306040097
:10E5800013050900EFF05FC69307F0FFE31AF5FCEF
:10E590001305F0FF8320C10103248101832441017D
:10E5A0000329010113010102678000008357C400A1
:10E5B0001305F0FF93E707042316F4006FF09FFDA7
:10E5C0008317C600139727016340070203274606F7
:10E5D000B7260000B3E7D700B72600003367D7009F
:10E5E0002316F6002322E6066FF05FEE130101FE0C
:10E5F000232C810003A401D0232E110013860500D3
:10E600009305050063060400832744036380070421
:10E610008317C600139727016340070203274606A6
:10E62000B7260000B3E7D700B72600003367D7004E
:10E630002316F6002322E6061305040003248101B5
:10E640008320C101130101026FF05FE82324A100C0
:10E65000130504002326C100EFA05F9A0326C10022
:10E66000832581006FF0DFFA9377350093F6F50F7D
:10E67000638A07029307F6FF630E06021306F0FF94
:10E680006F0080011305150013773500630E070036
:10E690009387F7FF6380C70203470500E314D7FEA3
:10E6A0006780000093070600130730006368F700D7
:10E6B00063900706130500006780000093F5F50FCF
:10E6C00013978500B305B70013970501B708FFFE40
:10E6D00037888080B385E5009388F8EF1308080831
:10E6E000130330006F0000019387C7FF1305450037
:10E6F000E370F3FC0327050033C7E5003306170179
:10E700001347F7FF3377E60033770701E30E07FC83
:10E71000B307F5006F00C00013051500E38CA7F8E0
:10E7200003470500E31AD7FE67800000130101FFCD
:10E730002326110023229100630E0602B7550180A3
:10E740009385453213050600232481001304060037
:10E75000EF008040B754018063120502032481005A
:10E76000138504328320C100832441001301010179
:10E7700067800000B75401806FF09FFE93850432DC
:10E7800013050400EF00403DE30A05FCB755018086
:10E79000938545C013050400EF00003CE30005FC31
:10E7A00003248100130500006FF0DFFB03C501C5E2
:10E7B00067800000130101FF23261100232291002E
:10E7C000638E05022324810013840500B755018060
:10E7D0009385453213050400EF000038B7540180DB
:10E7E0006312050203248100138504328320C100D3
:10E7F000832441001301010167800000B7540180A8
:10E800006FF09FFE9385043213050400EF00C034BF
:10E81000E30A05FCB7550180938545C01305040044
:10E82000EF008033E30005FC0324810013050000A2
:10E830006FF0DFFB1305050F67800000138581C1B2
:10E8400067800000138581C167800000130101FF0C
:10E850002324810023229100130405001385050061
:10E860002326110023A401D2EF209FA69307F0FFD7
:10E87000630CF5008320C100032481008324410040
:10E88000130101016780000083A781D2E38407FEA2
:10E890008320C1002320F40003248100832441004D
:10E8A000130101016780000063F6A5023387C500EC
:10E8B0006372E502B307C500630606048346F7FFEB
:10E8C0009387F7FF1307F7FF2380D700E318F5FEC0
:10E8D000678000009307F00063E8C7029307050014
:10E8E0009306F6FF6302060C93861600B386D700E4
:10E8F00003C705009387170093851500A38FE7FED4
:10E90000E398D7FE67800000B367B50093F7370040
:10E9100063960708930806FF93F808FF9388080199
:10E92000B3061501138705009307050003280700A8
:10E93000130707019387070123A807FF032847FF51
:10E9400023AA07FF032887FF23AC07FF0328C7FF7D
:10E9500023AE07FFE39CD7FC1378C600B3851501EF
:10E960001377F600630408041308C7FF1378C8FF81
:10E9700013084800B38706011387050083280700A2
:10E98000938646001307470023AE16FFE398F6FE72
:10E9900013763600B38505016FF09FF49306F6FFFA
:10E9A000930705006FF05FF467800000130607000F
:10E9B0006FF01FF3B3C7A50093F73700B308C50086
:10E9C000639407069307300063F0C706937735001A
:10E9D00013070500639A070613F6C8FFB306E6405F
:10E9E0009307000263CED7089386050093070700BC
:10E9F0006378C70203A80600938747009386460002
:10EA000023AE07FFE3E8C7FE9307F6FFB387E740AF
:10EA100093F7C7FF938747003307F700B385F500E7
:10EA20006368170167800000130705006378150508
:10EA300083C705001307170093851500A30FF7FE82
:10EA4000E398E8FE6780000083C6050013071700FF
:10EA500093773700A30FD7FE93851500E38E07F653
:10EA600083C605001307170093773700A30FD7FE5F
:10EA700093851500E39A07FC6FF01FF6678000008E
:10EA8000130101FF232681001304000283A3050064
:10EA900083A2450083AF850003AFC50083AE0501A7
:10EAA00003AE450103A3850103A8C50183A60502A2
:10EAB00013074702B307E640232E77FC232057FEB7
:10EAC0002322F7FF2324E7FF2326D7FF2328C7FFAE
:10EAD000232A67FE232C07FF232ED7FE93854502AA
:10EAE000E346F4FA93860500930707006378C702AC
:10EAF00003A80600938747009386460023AE07FFCE
:10EB0000E3E8C7FE9307F6FFB387E74093F7C7FF35
:10EB1000938747003307F700B385F5006368170153
:10EB20000324C100130101016780000083C70500B1
:10EB30001307170093851500A30FF7FEE382E8FE85
:10EB400083C705001307170093851500A30FF7FE71
:10EB5000E39EE8FC6FF0DFFC3367B5009303F0FF42
:10EB60001377370063100710B7877F7F9387F7F716
:10EB70000326050083A60500B372F6003363F60092
:10EB8000B382F200B3E26200639272106316D60899
:10EB90000326450083A64500B372F6003363F600F2
:10EBA000B382F200B3E26200639E720C6316D60673
:10EBB0000326850083A68500B372F6003363F60052
:10EBC000B382F200B3E262006398720C6316D6045B
:10EBD0000326C50083A6C500B372F6003363F600B2
:10EBE000B382F200B3E262006392720C6316D60243
:10EBF0000326050183A60501B372F6003363F60010
:10EC0000B382F200B3E26200639C720A130545010D
:10EC100093854501E30ED6F4131706019397060179
:10EC2000631EF7001357060193D706013305F7401B
:10EC30009375F50F63900502678000001357070175
:10EC400093D707013305F7409375F50F63940500DB
:10EC5000678000001377F70F93F7F70F3305F7403E
:10EC6000678000000346050083C6050013051500F4
:10EC7000938515006314D600E31606FE3305D640CF
:10EC8000678000001305450093854500E31CD6FC12
:10EC9000130500006780000013058500938585003B
:10ECA000E312D6FC13050000678000001305C500C1
:10ECB0009385C500E318D6FA1305000067800000AD
:10ECC0001305050193850501E31ED6F81305000021
:10ECD00067800000130101FE232A910083270501AC
:10ECE00083A40501232E110063C0971C9384F4FFB5
:10ECF00013932400232C8100138445012326310122
:10ED000023244101B3096400130A450183A70900C4
:10ED100033036A0003270300232821012322510122
:10ED2000938717003359F702930A0500636AF70ABD
:10ED3000370501009308040013080A00930E000031
:10ED4000930600001305F5FF03A70800032E080033
:10ED5000130848003376A70013570701B377AE00B6
:10ED6000135E0E01938848003306260333072703FA
:10ED70003306D601B37EA600B387D74113560601EA
:10ED8000B387D70093D60741B3F7A7003307C7006F
:10ED90003376A700B386C640B386C6011396060134
:10EDA000B3E7C700232EF8FE935E070193D6064112
:10EDB000E3FC19F983270300639407021303C3FFDD
:10EDC00063686A006F0080019384F4FF63786A00CF
:10EDD000832703001303C3FFE38807FE23A89A00D9
:10EDE00013850A00EF20401C634C0508370501001D
:10EDF00093050A00130700001305F5FF83A605001D
:10EE00000326040093854500B3F7A6003378A600D7
:10EE1000B3870741B387E70013D7074113560601AD
:10EE200093D606013307C7403307D700931607016F
:10EE3000B3F7A700B3E7D7001304440023AEF5FEF1
:10EE400013570741E3FC89FA93972400B307FA00AC
:10EE500003A70700631407029387C7FF6368FA00DC
:10EE60006F0080019384F4FF6378FA0003A7070022
:10EE70009387C7FFE30807FE23A89A001309190028
:10EE8000032481018320C1018329C100032A810059
:10EE9000832A41008324410113050900032901014C
:10EEA00013010102678000008320C1018324410116
:10EEB000130500001301010267800000032385038E
:10EEC000130101F4232C810A232A910A2328210B00
:10EED0002322510B2326B109232E110A2326310B9D
:10EEE000232EE100232AF100232811012326B10259
:10EEF0002324C10013040500938D0500930406002C
:10EF0000938A060013090800630203020327C5035E
:10EF10009307100093050300B397E7002322E30053
:10EF20002324F300EF10006C232C040293890400C7
:10EF30009306000063DC04009394140093D714003C
:10EF40002324F10093890700930610003707F07F10
:10EF50002320D900B3F6E9006388E66083248100AA
:10EF600013850D001306000093850400930600002E
:10EF70002320B10323229102EF408020631A05046D
:10EF800003274101930710002320F7000327010105
:10EF900063080700B7570180938797CB2320F700BA
:10EFA000B7590180938989CB8320C10B0324810B3E
:10EFB0008324410B0329010B832A410A832DC108B5
:10EFC000138509008329C10A1301010C6780000021
:10EFD00013860400130781079306C10793850D006C
:10EFE000130504002324410B2320610B232E7109F8
:10EFF000232C8109232A91092328A10913D9490126
:10F00000EF20403E930405006312095A832B8107C9
:10F010000329C1079307000233892B0113072943F2
:10F02000E3D0E73293070004B387E7401305294193
:10F03000B397F90033D5AD0033E5A700EF90DFB10A
:10F04000B70710FE9306100013070500B387B7003B
:10F050001309F9FF2324D10403A601CB83A641CBD6
:10F060001305070093850700EF40D00703A681CB67
:10F0700083A6C1CBEF40801903A601CC83A641CC67
:10F08000EF309003130A050013050900938905006A
:10F09000EF50402303A681CC83A6C1CCEF400017DC
:10F0A000130605009386050013050A0093850900E1
:10F0B000EF309000130B050093890500EF504018C6
:10F0C000130A05009385090013050B0013060000C1
:10F0D00093060000EF909F906350050213050A000D
:10F0E000EF50401E13060B0093860900EF404009C5
:10F0F0003335A000330AAA4033892B4193076001BE
:10F10000130BF9FFE3E8471D3757018093173A00C7
:10F110001307073DB387E70003A6070083A6470050
:10F120000325010283254102EF905F8BE35A051E00
:10F13000130AFAFF232E0102232C0100634C0B4813
:10F1400063540A4A8327810123244103B38747413B
:10F15000232CF100B3074041232CF10293079000C8
:10F16000130A000063EC574993075000E3D0571F80
:10F17000938ACAFF9307300013090000E388FA62FC
:10F18000E3D0575F93074000E390FA5293071000D3
:10F190002328F1020326C101E352C0602326C104E3
:10F1A000130C06009306700113071000930740002C
:10F1B00063C4C6006F10802F939717009386470192
:10F1C0009305070013071700E378D6FE232EB40239
:10F1D00013050400EF10C035930905006314050002
:10F1E0006F10002B232CA4029307E00063E6874FE7
:10F1F0006304094E83268102E35AD05E93F7F6003A
:10F20000375701801307073D9397370093DC46403B
:10F21000B387E70093F60C0103A8070003A7470094
:10F22000E3880652B757018003A6074E83A6474ED0
:10F2300003250102832541022328E104232001053F
:10F24000EF801FF1032801040327010593FCFC0054
:10F2500013030500138D050013093000638C0C04A3
:10F26000B75B018023208104938B0B4C13040900AE
:10F27000930507001309030093F71C00638E070032
:10F2800003A60B0083A64B0013050800130414000B
:10F29000EF30D0771308050093DC1C40938B8B0074
:10F2A000E39C0CFC1303090013090400032401046C
:10F2B00013870500930607001306080013050300D3
:10F2C00093050D00EF80DFE8130705009387050025
:10F2D0008326C1036388060203A601CA83A641CA26
:10F2E00013050700938507002328E1042320F10478
:10F2F000EF90CFEE83270104032701056354050037
:10F300006F100001130509002320F1062320E104FA
:10F31000EF40507B032701048327010613060700F3
:10F32000938607002328E1042320F104EF30106EB8
:10F3300003A681CD83A6C1CDEF300058B706C0FC2F
:10F340008327010403270105930C0500B38BB60046
:10F35000630E0C3283268102232081072324D106E9
:10F3600013050700938507002328E1042320F104F7
:10F37000EF40106D83270106375601801309050001
:10F380009386F7FF939636009307063DB386D70022
:10F3900003A846002326F10683A70600232E0105B5
:10F3A00023229107232CF104EF40D071032701059C
:10F3B0008327010413060500938605001305070043
:10F3C00093850700EF40005203270103138D1900B6
:10F3D000130309032320A105930C05001373F30FF6
:10F3E000E304075A03A581CE032681058326C105C0
:10F3F0002320B10483A5C1CE23286104EF805FD50B
:10F400000326410693860B00EF40C04D832801047C
:10F410000323010513860C009386080023806900EE
:10F4200013090500938B0500EF904FCB832801044F
:10F430006354A0006F00507883A701CA03A841CA93
:10F44000232C41052328F104232A010503A841CDDB
:10F4500083A701CD23226107232681072320F104FE
:10F4600093070000032C010623220105138B0700DC
:10F4700023205107138A08006F000009130B1B009B
:10F4800063448B016F0050780326010483264104F6
:10F490001305090093850B00EF3050570326010434
:10F4A0008326410413090500938B050013850C0086
:10F4B00093050A00EF309055938C0500930A0500E0
:10F4C000EF401058130A0500EF40D05F1306050007
:10F4D0009386050013850A0093850C00EF40804059
:10F4E00093070A031306090093860B002300FD000F
:10F4F000130D1D00930C0500138A0500EF900FCE2D
:10F50000635405006F00506B0325010583254105F9
:10F5100013860C0093060A00EF40C03C1306090056
:10F5200093860B00EF908FCBE35A05F48327810677
:10F53000930B0D00138C1700130690036F008000CF
:10F54000E386796583C6FBFF138D0B00938BFBFF6E
:10F55000E388C6FE9386160093F6F60F2380DB0041
:10F56000930D0C006F00004D8326410137270000EA
:10F570009397C9001307F77093D7C70023A0E6003D
:10F58000B3E7B7016380070A83270101B7590180F8
:10F5900093898933E38A07A0B75701809387B733EC
:10F5A000032701012320F7006FF01FA083274102EA
:10F5B000B706F03F832B81079397C70093D7C70007
:10F5C00003270102B3E7D700130919C0232401045C
:10F5D0006FF09FA893071000B3872741232CF100F9
:10F5E000130B0000E3400AB623244103232C01023D
:10F5F00093079000330B4B01E3F857B793071000C4
:10F6000013091000930A00002328F102130CF0FFE5
:10F61000232E0100232E04022326810593050000DA
:10F620006FF01FBB83270101B75901809389C9324D
:10F63000E38C0796B7570180938747336FF05FF6E7
:10F64000130509002320F1062320E104EF40904731
:10F65000032701048327010613060700938607008A
:10F660002328E1042320F104EF30503A03A681CD92
:10F6700083A6C1CDEF304024832701040327010571
:10F68000B706C0FC930C0500B38BB60003A601CEF1
:10F6900083A641CE1305070093850700EF40802421
:10F6A00013860C0093860B00130D050013890500CB
:10F6B000EF90CFA2E342A04EB7070080B3C7770117
:10F6C00013860C0013050D009386070093050900AF
:10F6D000EF90CFB0634805068327C10763CE0718B4
:10F6E000832681021307E0006348D718832781022D
:10F6F000375701801307073D93973700B387E7001B
:10F7000003AA070083AA47008327C10163D807041F
:10F710006346800563180C0203A601CE83A641CE82
:10F7200013050A0093850A00EF30502E13060500DA
:10F73000938605000325010283254102EF900FAA5D
:10F74000E34CA044138D090023200102130900009B
:10F750008327C10193CDF7FF6F004069938719009C
:10F760002320F104032B01020329410213060A009E
:10F7700093860A0013050B0093050900EF805F9D37
:10F78000EF40102C130D0500EF40D03313060A0094
:10F7900093860A00EF309027130605009386050034
:10F7A00013050B0093050900EF40C01393070D03E9
:10F7B0002380F90013061000832B010413070500B2
:10F7C00093860500E30CCC0C83A701CD03A841CDA3
:10F7D000930D10002324F100232601016F00000681
:10F7E00013060A0093860A0013050B00930509000F
:10F7F000EF801F96EF40D024130D0500EF40902CB2
:10F8000013060A0093860A00EF3050209386050005
:10F81000130605009305090013050B00EF40800C4B
:10F82000938B1B0093070D03938D1D00A38FFBFE8D
:10F830001307050093860500E302BC070326810039
:10F84000938506008326C10013050700EF30101CC6
:10F850001306000093060000130B05001389050032
:10F86000EF301012E31E05F683278102138D0B0083
:10F87000938D17006F00001C0327010363160726F2
:10F88000832B8103832C81012328010213090000AB
:10F8900063820C026350600393870C0063449B6790
:10F8A00003278101B38CFC40330BFB403307F74047
:10F8B000232CE1008327810363820702832701034E
:10F8C00063840700E39C0B060326810393850400F1
:10F8D00013050400EF10403F93040500930510004A
:10F8E00013050400EF1000102320A102631C0A502E
:10F8F0009307100063DC5755B387670193F7F7014F
:10F900006380071E130700023307F7409306400089
:10F9100063D4E6581307C001B307F74003278101FA
:10F92000B38CFC00330BFB003307F700232CE10002
:10F93000832781016340F014635C60018325010229
:10F9400013060B0013050400EF10004D2320A10245
:10F950008327C103639C07126354804583270103F7
:10F960006390072683278102938D1700832A010263
:10F97000130A10006F000002938504009306000034
:10F980001306A00013050400EF00104893040500BF
:10F99000130A1A0093850A0013850400EFF08FB351
:10F9A000930B0503B3874901A38F77FFE3468AFDD5
:10F9B000130A100063448055338A4901930A0000FA
:10F9C000938504001306100013050400EF10C044D3
:10F9D0008325010293040500EF10005D635EA04ED5
:10F9E000930690036F008000638A495F8347FAFFA4
:10F9F000130D0A00130AFAFFE388D7FE9387170056
:10FA00002300FA008325010213050400EF00903D56
:10FA100063020902638A0A0063882A0193850A0047
:10FA200013050400EF00103C9305090013050400C2
:10FA3000EF00503B9385040013050400EF00903A5B
:10FA40008327410123000D0023A0B7018327010173
:10FA50006384070023A0A701032A810A032B010A5C
:10FA6000832BC109032C8109832C4109032D010932
:10FA70006FF08FD3938504001386070013050400ED
:10FA8000EF108039930405006FF01FEB832501020E
:10FA900013850400EF104051E35005EC83278102E9
:10FAA00093850400930600001306A00013050400CC
:10FAB000138BF7FFEF0050358327010393040500F4
:10FAC000639E070C032CC104E35A8015832D810229
:10FAD0006FF0DFE993071000232EF1026FF0CFE5FE
:10FAE0009307C0016FF09FE3130710006354574D55
:10FAF00083278103930BFCFF63CA7741B38B774164
:10FB000083278101B38C8741E3500C0E93051000CD
:10FB100013050400EF00106D130905006FF05FD7A7
:10FB2000232E0102232C0100E34020AD9307100097
:10FB3000B3872741232CF100130B00006FF0DFAADD
:10FB4000B387E7403395FD006FF04FCF9307300048
:10FB500013091000638CFA4463C657E3930720002F
:10FB6000E38CFA14232E040293050000130504000D
:10FB7000EF00101C93090500E30C0510930710001B
:10FB80002328F1029307F0FF232CA4022326F1047B
:10FB9000130CF0FF232E01006FF01FB49305090032
:10FBA000930600001306A00013050400EF00D02503
:10FBB000032CC10413090500E356800923246103C3
:10FBC000635C90019305090013860C001305040083
:10FBD000EF10802413090500130B0900631E0A505F
:10FBE0008327C102138DF9FF938C0900232C310167
:10FBF0008329010293F71700330D8D012324F100AF
:10FC0000232EB1019385090013850400EFF08F8C3A
:10FC1000130C05009305090013850400EF10C0388C
:10FC2000130A050013060B00938509001305040051
:10FC3000EF10003D0327C500930B0C03930D050047
:10FC4000631C07089305050013850400EF10C035F9
:10FC50001307050093850D0013050400930D07009D
:10FC6000EF005018B3E65D01639A060E832781000A
:10FC7000638A077463420A7623807C01138A1C001E
:10FC800063049D6793850400930600001306A0009B
:10FC900013050400EF0050179304050093060000BD
:10FCA0001306A0009305090013050400630E6909FB
:10FCB000EF00901593050B00130905009306000053
:10FCC0001306A00013050400EF001014130B050029
:10FCD000930C0A006FF01FF3930505001305040051
:10FCE00083298101832DC101EF00D00F634A0A00EF
:10FCF00013F71D00336A5A0133674701631E070675
:10FD0000938504001306100013050400EF10C010C3
:10FD10008325010293040500EF1000296358A024F5
:10FD200013079003638CEB24930B1C03832781023E
:10FD3000930A0900138D1C0023807C01938D17000A
:10FD400013090B006FF01FCCEF00100C1309050016
:10FD5000130B0500930C0A006FF0DFEA63440A728C
:10FD600083278100336A5A0133EA4701630C0A7022
:10FD7000E354B0F183298101130790036380EB20E2
:10FD80000327810293871B00930A0900138D1C002F
:10FD9000930D17002380FC0013090B006FF09FC622
:10FDA00093072000E3DC57BB138D0900E3120C9A84
:10FDB000832501029306000013065000130504007A
:10FDC000EF009004930505002320A1021385040091
:10FDD000EF10801DE35EA096930710032380F900C7
:10FDE00083278102138D1900938D1700832501024B
:10FDF00013050400938D1D00EF00C07EE31609C2B9
:10FE00006FF05FC39305050013060A001305040095
:10FE1000EF00906B930710002320A10263DE5711BF
:10FE2000130A000003270102832707019387370085
:10FE300093972700B307F70003A54700EF001025AD
:10FE400093070002B387A7406FF01FAB8327C1025F
:10FE500063900704832781009397C700639A070282
:10FE6000832681009307000013D746011377F77F9D
:10FE7000630C070083278101130B1B009387170076
:10FE8000232CF10093071000631C0A54138A070007
:10FE9000930710006FF05FA6E30CD7A81307C00309
:10FEA000B307F7406FF09FA793071000930A500025
:10FEB0002328F1028327C10103278102B387E700CA
:10FEC000138C17002326F10413060C00634C80AD3D
:10FED000130610006FF00FAD6316050093F71B00BB
:10FEE000E39007B0930600038347FAFF130D0A005F
:10FEF000130AFAFFE38AD7FE6FF0DFB0130A0C0093
:10FF00006FF09FAB93070B006FF09F9983278103DE
:10FF100003278101232C7103B387FB40330AFA00C6
:10FF2000B3078701930C0700330B8B01232CF100DF
:10FF3000930B00006FF09FBD8327C102E39207EE91
:10FF4000832781009397C700E39C07EC6FF05FF174
:10FF500003230102032D4102130920006FF00FB0AB
:10FF6000930A2000232801026FF0CFA2E31005DCE2
:10FF700013F71B00E31607DA6FF05FDB93079003BC
:10FF80002380FC0083278102930A0900138A1C0046
:10FF9000938D170013090B006FF09FA493071000B7
:10FFA000130C1000232EF1006FF0CFE6232801027E
:10FFB0006FF05FF00327810463040730032781019A
:10FFC00093873743330BFB00B307F700832B810381
:10FFD000930C0700232CF1006FF05FB3930710031D
:10FFE0002380F900938D1D006FF0DFA1832781022C
:10FFF00063880730B30BF04093F7FB00375701805D
:02000004800179
:100000001307073D93973700B387E70003A6070060
:1000100083A64700032501028325410293DB4B4061
:10002000EF30C01E138D050063880B4213092000BA
:10003000B75C018023208104938C0C4C13040900CD
:1000400013070500130600001309050093F61B00B3
:100050006380060203A60C0083A64C00130507006C
:1000600013041400EF30801A130705001306100064
:1000700093DB1B40938C8C00E39A0BFC1305090067
:10008000938705001309040003240104631206A4E6
:100090001307050093070D006FF08FA393850600EB
:1000A0001306070013050700EF20100183278102C4
:1000B00013060A0093860A00938D1700130B0500A0
:1000C00013890500138C0D00EF805F816346A0C685
:1000D00013050B009305090013060A0093860A0016
:1000E000EF30000A63160500137D1D0063160DC472
:1000F000138D0B006FF01F94832549001305040036
:10010000EF000043130A05006300053603260901CA
:100110009305C9001305C500130626001316260013
:10012000EFE05F891306100093050A001305040031
:10013000EF00904E130B05006FF09FAA9305090086
:1001400013860B0013050400EF001038138604001B
:10015000930505001309050013050400EF00901333
:10016000930705009385040013050400938407009A
:10017000EF00404783278103B3877741232CF102A7
:10018000638E07F46FF04FF4032681058326C105C3
:10019000032541062328B10493850B00232861021F
:1001A000EF30C006032301038327010693061000E6
:1001B000238069002324A1048328010513890500F5
:1001C000B38BF900638CD72683A701CD03A841CD5B
:1001D000232891042328F102232A010323208106E6
:1001E00013850C0093850800032601038326410331
:1001F000130D1D00EF3080011384050093040500EA
:10020000EF400004930C0500EF40C00B13060500FF
:10021000938605001385040093050400938C0C035A
:10022000EF30406CA30F9DFFE390ABFD83240105ED
:1002300003240106930C05009388050003A681CED4
:1002400083A6C1CE03258104930509002328110349
:10025000EF2080668328010313860C009386080034
:10026000EF80CFF7634C05180326810403A581CEE8
:1002700083A5C1CE93060900EF30C0668328010331
:1002800013860C0093860800EF804FE5634CA010A6
:100290008327C10763C607DE032781029307E000B7
:1002A00063C0E7DE832781020327C10693973700E7
:1002B000B307F70003AA070083AA47006FF08FCAAD
:1002C000032781078326810193076003B387E740F3
:1002D000330BFB00B387F600832B8103938C06005E
:1002E000232CF1006FF09F8283278102930A09007B
:1002F00083298101938D170013090B006FF04FECD8
:100300000327010283274102130920006FE05FFCED
:1003100063080CB2032DC1046350A0BD9385070090
:100320008327810283A641CD03A601CD9387F7FFE2
:10033000130507002324F106EF20506D1307050075
:10034000130519002328E1042320B104EF3090772E
:10035000032701058327010413060700938607007E
:10036000EF20D06A03A681CD83A6C1CDEF20C05473
:10037000B706C0FC8327010403270105930C050081
:10038000B38BB6002320A1076FE09FFD93061003F7
:10039000130C1C006FF08F9C232001021309000036
:1003A0006FF09FA31306000383C7FBFF138D0B00A1
:1003B000938BFBFFE38AC7FE83278106938D17008B
:1003C0006FF04FE71307900383298101E388EBBAAD
:1003D000E34C40956FF09F95832981016FF01F9545
:1003E000138A07006FF01FA4938C0700B38787015F
:1003F000330B8B01232CF1006FF04FF18327810623
:10040000138C17006FF04F93032A8105032B4106CD
:10041000032CC106832A01066FF00FAC930720005E
:1004200063C85701832D8102032CC1046FF00FD4E0
:10043000032CC104232461036FF01F97832B010455
:100440006FF0DFDF93072000E3C457FF032CC104E4
:10045000232461036FF0CFF613070500938705008F
:10046000130920006FE0DFE6B756018037550180A1
:100470009386C633130600009305F02E1305053549
:10048000EF10D04983298101E34CB0876FF01F8AB8
:10049000B7560180375501809386C6331306000096
:1004A0009305F01A13050535EF105047232E04026B
:1004B000930500006FE0DFD1232801026FE09FCD9C
:1004C00083A7C1C06780070063800502630206043A
:1004D000638806048347060023A0F5000345060051
:1004E0003335A00067800000130101FF9305C100B0
:1004F00063040602638A06028347060023A0F50010
:10050000034506003335A000130101016780000098
:100510001305000067800000130500006FF0DFFE88
:100520001305E0FF678000001305E0FF6FF0DFFDBB
:1005300083274504130101FF232481002322910016
:10054000232611001304050093840500638C070221
:1005500013972400B387E70003A50700630405048D
:100560000327050023A0E700232805002326050014
:100570008320C10003248100832441001301010171
:10058000678000001306100293054000EF10903FB3
:100590002322A40493070500E31C05FA13050000B9
:1005A0006FF01FFD2320210113091000331999005A
:1005B00013065900131626009305100013050400B6
:1005C000EF10503C630A05002324250123229500E7
:1005D000032901006FF05FF90329010013050000F2
:1005E0006FF01FF96380050203A7450083274504C8
:1005F00013172700B387E70003A7070023A0E50030
:1006000023A0B70067800000130101FE232A910098
:1006100083A4050137030100232C81002328210135
:1006200023263101232E11001389050093090500AB
:100630001384060013884501930800001303F3FF99
:1006400083270800130848009388180033F76700D1
:100650003307C70293D60701B386C602B3078700E4
:1006600013D70701B3F76700B386E60013970601B7
:10067000B307F700232EF8FE13D40601E3C298FC5B
:10068000630204028327890063DEF4029387440037
:1006900093972700B307F90023A2870093841400DF
:1006A000232899008320C10103248101832441016F
:1006B0008329C10013050900032901011301010267
:1006C0006780000083254900138509002324410128
:1006D00093851500EFF0DFE5130A0500630E0504AE
:1006E000032609019305C9001305C500130626005A
:1006F00013162600EFE00FAC0327490083A7490437
:1007000013172700B387E70003A707002320E9009A
:1007100023A027019387440013090A009397270019
:10072000B307F900032A81009384140023A28700F1
:10073000232899006FF01FF7B756018037550180C5
:100740009386C633130600009305A00B1305853866
:10075000EF10D01C130101FE232C8100232A9100ED
:1007600023282101232631012324410193890600F6
:100770009307900093868600232E1100B3C6F602DD
:100780001309050013840500130A060093040700EB
:1007900063DA370D93071000930500009397170055
:1007A00093851500E3CCD7FE13050900EFF05FD861
:1007B00093050500630C050A930710002328F50034
:1007C000232A95009307900063D8470923225101FB
:1007D000930A940093840A003304440183C60400FE
:1007E0001306A00013050900938606FDEFF0DFE174
:1007F0009384140093050500E39284FE13048AFF9A
:1008000033848A00832A410063563A03B3894941FD
:10081000B3093401834604001306A0001305090040
:10082000938606FDEFF05FDE1304140093050500C8
:10083000E31234FF8320C101032481018324410199
:10084000032901018329C100032A810013850500C2
:1008500013010102678000001304A400130A900032
:100860006FF09FFA930500006FF01FF4B7560180F8
:10087000375501809386C633130600009305300D6B
:100880001305853823225101EF1050099307050005
:10089000370701001305000063F6E700939707018F
:1008A000130500013707000163F6E7001305850013
:1008B000939787003707001063F6E700130545009C
:1008C000939747003707004063EAE70093C7F7FFB5
:1008D00093D7F7013305F500678000009397270051
:1008E00063CA070013971700634A07001305000245
:1008F00067800000130525006780000013053500A0
:1009000067800000832705001307050093F6770032
:100910006384060293F6170013050000639E060425
:1009200093F627006388060A93D717002320F70061
:1009300013051000678000009396070193D6060107
:1009400013050000638E060693F6F70F6380060614
:1009500093F6F7006382060493F637006384060279
:1009600093F61700639C060093D717001305150034
:100970006396070013050002678000002320F7003C
:100980006780000093D7270093F617001305250012
:10099000E39606FE6FF05FFD93D7470093F63700AE
:1009A00013054500E39E06FA6FF0DFFD93D787003D
:1009B00093F6F70013058500E39006FA6FF0DFFD6C
:1009C00093D7070193F6F70F13050001E39206F89A
:1009D0006FF0DFFD93D727002320F70013052000D9
:1009E0006780000083274504130101FF2324810051
:1009F000232291002326110013040500938405008F
:100A0000638C070203A54700630205060327050060
:100A100023A2E7008320C100032481009307100074
:100A2000232A9500232605002328F500832441006E
:100A300013010101678000001306100293054000B6
:100A4000EF1040742322A40493070500E31C05FA69
:100A5000B7560180375501809386C63313060000D0
:100A60009305501413058538EF10406B1306C00131
:100A70009305100013050400EF10C070E30A05FC95
:100A8000930710002322F500930720002324F5008C
:100A90006FF05FF8130101FE2328210123263101A5
:100AA00003A9050183290601232A9100232441017A
:100AB000232E1100232C8100138A050093040600C5
:100AC000634C3901138709009384050093090900D9
:100AD000130A06001309070083A7840083A54400B6
:100AE00033842901B3A78700B385F500EFF05FA435
:100AF000630E051A1303450193182400B30813016C
:100B0000930703006378130123A00700938747002E
:100B1000E3EC17FF13084A01131E2900938E4401CA
:100B200093952900330EC801B385BE006376C813C0
:100B300093875401130F400063F0F516B7060100C8
:100B40009386F6FF6F00800193DF0F0163980F0813
:100B500013084800130343006370C811832F080073
:100B6000B3F3DF00E38203FE93020300938F0E00D2
:100B70009304000083A70F0003A6020093824200A3
:100B800033F7D7003307770293D707013379D600BD
:100B900013560601938F4F00B3877702330727015F
:100BA00033079700935407013377D700B387C70003
:100BB000B3879700139607013367E60023AEE2FE82
:100BC00093D40701E3E8BFFAB307E30123A097003A
:100BD000832F080093DF0F01E38C0FF60327030038
:100BE0009302030013860E00930407009303000092
:100BF0008327060093D904013377D700B3F7D700D2
:100C0000B387F70383A44200938242001306460091
:100C100033F9D400B3877700B38737019393070183
:100C200033E7E30023AEE2FE0357E6FF93D7070165
:100C30003307F703330727013307F70093530701FF
:100C4000E368B6FAB307E30123A0E70013084800FE
:100C500013034300E364C8F1634880006F00800120
:100C60001304F4FF6308040083A7C8FF9388C8FF38
:100C7000E38807FE8320C101232885000324810126
:100C800083244101032901018329C100032A810032
:100C90001301010267800000B38795409387B7FE78
:100CA00093F7C7FF138F47006FF05FE9B7560180D6
:100CB000375501809386C63313060000930520162E
:100CC00013058538EF108045130101FE232C8100A8
:100CD0002328210123263101232E1100937736008A
:100CE000130406009309050013890500639C070A95
:100CF00013542440630A0406232A910083A40904A0
:100D00006386040C93771400639007021354144015
:100D1000630A040403A504006306050693040500A2
:100D200093771400E38407FE1386040093050900FB
:100D300013850900EFF01FD663000902032749005D
:100D400083A7490413172700B387E70003A7070009
:100D50002320E90023A027011354144013090500A0
:100D6000E31A04FA832441018320C1010324810191
:100D70008329C100130509000329010113010102A0
:100D80006780000013860400938504001385090022
:100D9000EFF05FD023A0A4002320050093040500FA
:100DA0006FF01FF89387F7FF375701801307073C51
:100DB00093972700B307F70003A6070093060000E8
:100DC000EFF09F84130905006FF09FF29305100068
:100DD00013850900EFF0CFF59304050063000502C9
:100DE00093071027232AF500930710002328F50006
:100DF00023A0A904232005006FF0DFF0B75601807F
:100E0000375501809386C6331306000093055014AE
:100E100013058538EF108030130101FE23225101A4
:100E200083AA050183A785002326310193595640E3
:100E3000B38A5901232C8100232A91002328210100
:100E400023244101232E110013891A0093840500E5
:100E50001304060083A54500130A050063D8270183
:100E60009397170093851500E3CC27FF13050A001D
:100E7000EFF00FEC630C05101308450163543003C9
:100E80009389590093992900330735019307080086
:100E90009387470023AE07FEE39CE7FE9389C9FED4
:100EA0003308380183A80401938744011376F401C1
:100EB00093982800B38817016304060A930500027B
:100EC000B385C540130308009306000003A707007D
:100ED00013034300938747003317C7003367D700D6
:100EE000232EE3FE83A6C7FFB3D6B600E3E017FFC9
:100EF000938754011307400063EAF800B3879840D2
:100F00009387B7FE93F7C7FF138747003308E800BE
:100F10002320D8006394060013890A0003A7440025
:100F200083274A048320C10113172700B387E700F2
:100F300003A70700232825010324810123A0E4003F
:100F400023A0970003290101832441018329C100C3
:100F5000032A8100832A41001301010267800000F7
:100F600003A707009387470013084800232EE8FED5
:100F7000E3F417FB03A70700938747001308480013
:100F8000232EE8FEE3EE17FD6FF01FF9B756018040
:100F9000375501809386C633130600009305E01D84
:100FA00013058538EF1080170327050183A7050176
:100FB000130805003305F7406312F70493972700E1
:100FC00013084801938545013307F800B387F500FE
:100FD0006F0080006374E8020326C7FF83A6C7FF83
:100FE0001307C7FF9387C7FFE306D6FE130510005C
:100FF0006376D6001305F0FF67800000678000006D
:1010000003A7050183270601130101FF23248100A3
:10101000232291002326110023202101138405009F
:1010200093040600B306F740631EF7189396270053
:101030001386450113874401B307D6003307D70051
:101040006F008000637CF61883A5C7FF8326C7FF67
:101050009387C7FF1307C7FFE386D5FE1309100068
:1010600063EAD50093870400130900009304040089
:101070001384070083A54400EFF08FCB6306051AA5
:1010800083A8040183220401938F44011393280051
:10109000130844019392220093054501370E010085
:1010A0002326250133836F00B3025800138F0500F8
:1010B000938E0F0093060000130EFEFF03A70E0091
:1010C00003260800130F4F00B377C701B373C6019F
:1010D000B3877740B387D70013570701135606012C
:1010E00093D607413307C7403307D700931607014C
:1010F000B3F7C701B3E7D70013084800232EFFFE5C
:10110000938E4E0093560741E36A58FA1307540131
:10111000338482401304B4FEB3B2E20013CF120052
:1011200013542400130740006384020AB38FEF00B6
:101130003388E500B70E0100130E080013860F0078
:10114000938EFEFF63F46F0C83270600130E4E0090
:101150001306460033F7D7013307D70093D50701AD
:10116000135707413307B700B387D700B3F7D70149
:1011700093160701B3E7D700232EFEFE93560741CF
:10118000E36466FC1303F3FF3303F3411373C3FFFC
:1011900033076800639A07008327C7FF9388F8FF27
:1011A0001307C7FFE38A07FE8320C10003248100E1
:1011B00023281501832441000329010013010101A3
:1011C0006780000013091000E3DE06E86FF09FEA75
:1011D00013071400131727006FF05FF59305000045
:1011E000EFF00FB5630005068320C10003248100E2
:1011F000930710002328F500232A050083244100CB
:10120000032901001301010167800000130700009A
:1012100063160F003387E5006FF0DFF71317240024
:101220003387E5006FF01FF7B7560180375501800F
:101230009386C633130600009305502413058538A2
:10124000EF00D06DB7560180375501809386C633C5
:10125000130600009305702313058538EF00106C0A
:10126000B707F07FB3F5B700B707C0FCB385F5004B
:10127000930700006356B0001385070067800000E5
:10128000B305B04093D545419307300163CCB70017
:10129000B7070800B3D5B7409307000013850700D0
:1012A000678000009385C5FE1307E00193071000D7
:1012B0006346B700B7070080B3D7B70093050000B7
:1012C0001385070067800000130101FE232A9100A7
:1012D00083240501232C81001304450193942400E9
:1012E000B30494002328210103A9C4FF232631015C
:1012F000232441011305090093890500232E1100C1
:10130000EFF0CFD813070002B307A74023A0F900DE
:101310009307A000138AC4FF63DCA708130655FFD8
:101320006370440583A784FF630C0604B306C740BB
:1013300033D7D7003319C9003369E900938584FF97
:101340003707F03F3367E900B397C700637EB40205
:1013500003A644FFB356D600B3E7D7006F00C00220
:101360009307B000630CF5003319C9003707F03F4D
:101370003367E900930700006F0000019307000046
:101380003707F03F3367E9008320C101032481015F
:1013900083244101032901018329C100032A81001B
:1013A0001385070093050700130101026780000001
:1013B0009306B000B386A640B707F03F3357D90075
:1013C0003367F700930700006376440183A784FF27
:1013D000B3D7D700130555013319A900B367F90036
:1013E0006FF09FFA130101FD232A5101938A050032
:1013F0009305100023229102232E3101232C410159
:1014000023261102232481022320210393040600B2
:10141000138A060093090700EFF08F91630205100D
:101420003707100013D944019307F7FF1379F97FA9
:1014300013040500B3F7970063040900B3E7E7005E
:101440002326F10063920A061305C100EFF08FCB4B
:101450000327C1009304100023289400232AE400EA
:1014600093070502630809081309D9BC3309F90079
:101470009304500323202A013385F44023A0A900BC
:101480008320C10213050400032481028324410246
:10149000032901028329C101032A8101832A410111
:1014A000130101036780000013058100232451010B
:1014B000EFF04FC50327C10093070500630E050435
:1014C0000326810093060002B386A640B316D70018
:1014D0003357A700B3E6C6002326E100B334E0008B
:1014E00093841400232AD400232CE400232894009E
:1014F000E31C09F6139724003307E40003250701D2
:101500009387E7BC2320FA00EFF04FB89394540080
:101510003385A4406FF09FF6832681006FF01FFC97
:10152000B7560180375501809386C63313060000F5
:101530009305F03013058538EF00503E130101FD8F
:10154000232021031389050093058100232611021E
:101550002324810223229102232E310193090500C5
:10156000EFF09FD6930405001384050013050900CE
:101570009305C100EFF05FD50327090183A7090197
:101580008326C100B387E740032781009397570064
:101590003307D740B387E70013070500635EF00207
:1015A00093974701338487009386050013850400D1
:1015B0009305040013060700EF609FB98320C10262
:1015C0000324810283244102032901028329C101EA
:1015D000130101036780000093974701B385F5402D
:1015E0006FF09FFC130101FF23202101232611002E
:1015F000930770011309050063DAA70483A701CAE2
:1016000083A541CA232481002322910003A401CD94
:1016100083A441CD138507001306040093860400BC
:10162000EF10D03E1309F9FF93070500E31409FEFC
:10163000032481008320C100832441000329010089
:1016400013850700130101016780000037570180EF
:10165000131935001307073C3307270183270701B8
:101660008320C1008325470103290100138507005A
:101670001301010167800000832606019385F5FFB1
:1016800093D5554093851500930746019396260000
:1016900093952500B386D700B305B50063F8D7024C
:1016A0001307050003A807009387470013074700A7
:1016B000232E07FFE3E8D7FEB387C6409387B7FE24
:1016C00093F7C7FF938747003305F5006378B500AC
:1016D00013054500232E05FEE36CB5FE6780000070
:1016E0000327050113D65540930645016352C702EF
:1016F00013172700B387E60063F2F60403A7C7FFBA
:101700009387C7FFE30A07FE1305100067800000F8
:1017100093172600B387F600E350E6FE93F5F50134
:10172000E38C05FC03A60700130510003357B60031
:101730003317B700E302E6FC6780000013050000E2
:1017400067800000130101FD23229102232611026C
:10175000930406006388051E2324810223202103AD
:1017600013840500232E3101232A5101232C41012A
:1017700013090500EF809FF00327C4FF9387B4008F
:1017800093066001930A84FF9379C7FF63F2F61012
:1017900013FA87FF63C2071063609A1063D249137C
:1017A000B757018023248101138C877C03268C008A
:1017B000B3863A0183A746006308D61C13F6E7FFF9
:1017C0003386C6000326460013761600631A0614F5
:1017D00093F7C7FF3386F9006358460D1377170058
:1017E000631C070223267101832B84FF23286101D8
:1017F000B38B7A4103A74B001377C7FFB387E7008A
:10180000338B3701635C4B33338BE90063584B29CF
:10181000032B0101832BC1009385040013050900EC
:10182000EF804FEA93040500630805408327C4FF57
:10183000130785FF93F7E7FFB387FA006386E72472
:101840001386C9FF9307400263E4C72E13073001D4
:10185000636AC72093070500130704008326070067
:1018600023A0D7008326470023A2D70003278700A1
:1018700023A4E7009305040013050900EF804FB48B
:1018800013050900EF80DFDF032C81006F00C00625
:10189000130A0001E3749AF09307C0002320F900B3
:1018A000930400006F00400583A7C60003A78600CD
:1018B000032C8100930906002326F70023A4E700E8
:1018C00083A74A00B38649411306F00093F7170037
:1018D00033873A016362D608B3E7370123A2FA00DF
:1018E0008327470093E717002322F7001305090019
:1018F000EF801FD993040400032481028320C102D6
:10190000032901028329C101032A8101832A41019C
:101910001385040083244102130101036780000042
:1019200013771700E31A07EE23267101832B84FF38
:1019300023286101B38B7A4103A74B001377C7FFBC
:101940006FF09FEC8320C1028324410293050600BF
:10195000130101036F800FD7B3E7470123A2FA00F9
:10196000B3854A0193E6160023A2D50083274700DA
:10197000938585001305090093E717002322F700DC
:10198000EF800FA46FF09FF693F7C7FFB386370180
:1019900013060A0163D0C62613771700E31E07E675
:1019A00023267101832B84FF23286101B38B7A41A5
:1019B00003A74B001377C7FFB387E700338B3701CB
:1019C000E344CBE483A7CB0003A78B001386C9FFB6
:1019D000930640022326F70023A4E70093848B009C
:1019E00063E4C62813073001938704006372C702BB
:1019F000032704009307B00123A4EB00032744004E
:101A000023A6EB0063EAC7261304840093870B0127
:101A10000327040023A0E7000327440023A2E700D4
:101A20000327840023A4E70033874B01330B4B418A
:101A30002324EC0093671B002322F70083A74B00AD
:101A40001305090093F71700B3E7470123A2FB0032
:101A5000EF801FC3032B0101832BC100032C8100E6
:101A60006FF09FE9832604001307B0012320D500FF
:101A7000832644002322D500636EC7141307840015
:101A8000930785006FF09FDD8327C5FF032C81003E
:101A900093F7C7FFB389F9006FF09FE283A7CB00EC
:101AA00003A78B001386C9FF930640022326F70085
:101AB00023A4E70093848B0063E6C610130730016C
:101AC00093870400637CC702032704009307B001D7
:101AD00023A4EB000327440023A6EB0063F8C714FC
:101AE0008327840023A8FB008327C40023AAFB00CC
:101AF000630CD60A1304040193878B0103270400A7
:101B000023A0E7000327440023A2E7000327840063
:101B100023A4E70093090B00938A0B00032B010118
:101B2000832BC100032C8100138404006FF05FD964
:101B300093050400EFC05FD76FF0DFD383A7C60023
:101B400003A786001386C9FF930640022326F700E9
:101B500023A4E70003A78B0083A7CB0093848B000B
:101B60002326F70023A4E70063EEC6041307300121
:101B700093870400E374C7F8032704009307B001B8
:101B800023A4EB000327440023A6EB0063F0C70A5D
:101B9000032784009307400223A8EB000327C40017
:101BA00023AAEB00E318F6F40327040193870B0242
:101BB0001304840123ACEB000327C4FF23AEEB0026
:101BC0006FF0DFF39305040013850400EFC0DFCD51
:101BD0006FF05FF4032784002324E5000327C4008B
:101BE0002326E5006304F6061307040193070501A5
:101BF0006FF0DFC6B38A4A01B386464123245C01F5
:101C000093E7160023A2FA008327C4FF13050900F7
:101C10009304040093F71700B3E74701232EF4FE63
:101C2000EF801FA6032C81006FF01FCD13048400EA
:101C300093870B016FF09FEC13050900EF805FA401
:101C400093040000032C81006FF01FCB8326040156
:101C500013078401930785012328D50083264401B7
:101C6000232AD5006FF09FBF93050400138504005D
:101C7000EFC09FC36FF05FDB8327840023A8FB00C6
:101C80008327C40023AAFB006308D60013040401C1
:101C900093878B016FF0DFD70327040193870B0233
:101CA0001304840123ACEB000327C4FF23AEEB0035
:101CB0006FF01FD683A781C0678007006384050289
:101CC0009307F00F63E8C7002380C50013051000D9
:101CD000678000009307A0082320F5001305F0FF9C
:101CE000678000001305000067800000130101FEFB
:101CF000232C8100232A9100232E110083A781C069
:101D0000130405009384060063820502E780070040
:101D10009307F0FF6306F5028320C10103248101CC
:101D200083244101130101026780000013060000B3
:101D300093054100E78007009307F0FFE31EF5FCE1
:101D400023A004009307A0088320C1012320F400EE
:101D500003248101832441011301010267800000F3
:101D6000130101FE232C8100232A9100232E110050
:101D700083A401D083A781C013040600630A05026F
:101D800013860500930604009305050013850400DF
:101D9000E78007009307F0FF630AF5028320C10183
:101DA00003248101832441011301010267800000A3
:101DB00093060600930541001306000013850400F6
:101DC000E78007009307F0FFE31AF5FC23200400E7
:101DD0008320C101032481019307A00823A0F400FC
:101DE0008324410113010102678000008397C5002D
:101DF000130101F8232C8106232E110613F7270067
:101E000013840500630407029387350423A0F500BB
:101E100023A8F5009307100023AAF5008320C1072B
:101E20000324810713010108678000008395E50002
:101E3000232A91062328210723263107232441073B
:101E40009304050063C6050813068100EF00002116
:101E5000634E05068327C10037F90000B71900005B
:101E60003379F900B7E7FFFF3309F9001339190097
:101E7000130A00409389098093050A001385040022
:101E8000EF804F848317C4006308050693E70708B3
:101E90002320A4002328A4002316F400232A4401AD
:101EA0006310090AB3E737018320C1072316F40042
:101EB0000324810783244107032901078329C106DD
:101EC000032A810613010108678000008317C400FC
:101ED00093F7070813090000638E0704130A000430
:101EE00093050A0013850400EF70DFFD8317C4001B
:101EF00093090000E31C05F813F70720631E07048D
:101F000093F7C7FF93E72700130734042316F40061
:101F10009307100083244107032901078329C10681
:101F2000032A81062320E4002328E400232AF40066
:101F30006FF0DFEE130A0040930900006FF0DFF34B
:101F40008315E40013850400EF0080176310050279
:101F50008317C4006FF01FF583244107032901078D
:101F60008329C106032A81066FF05FEB8357C40003
:101F700093F7C7FF93E717009397070193D707419C
:101F80006FF05FF2130101F9232481061384050029
:101F90008395E5002322910623202107232611069D
:101FA000930406001389060063CA05041306810022
:101FB000EF00C00A634405040327C100B7F700001F
:101FC0008320C106B3F7E70037E7FFFFB387E700D9
:101FD0000324810693B717002320F900130700405C
:101FE00023A0E400371500008324410603290106DD
:101FF0001305058013010107678000008357C400A3
:1020000093F70708638807028320C106032481062B
:10201000930700002320F9001307000423A0E40025
:10202000032901068324410613050000130101075B
:10203000678000008320C106032481062320F90065
:102040001307004023A0E40003290106832441066E
:10205000130500001301010767800000130101FF51
:102060001387050023248100232291001304050017
:1020700093050600130507002326110023A401D2AF
:10208000EFF00E889307F0FF630CF5008320C1008A
:1020900003248100832441001301010167800000B3
:1020A00083A781D2E38407FE8320C1002320F400AC
:1020B0000324810083244100130101016780000093
:1020C000130101FF23248100232291001304050042
:1020D000138505002326110023A401D2EFF04E88BA
:1020E0009307F0FF630CF5008320C10003248100F7
:1020F00083244100130101016780000083A781D27E
:10210000E38407FE8320C1002320F4000324810020
:1021100083244100130101016780000003A701D05F
:10212000130101FF93870600130806002326110000
:102130008328C70093060500138705001386070050
:1021400063000802B75701809387C75EB7550180C7
:102150009385C55F13850800EF00C014EF00C01918
:1021600037580180930748C0130848C06FF01FFE1E
:10217000130101FF93060600130600002326110039
:10218000EFF0DFF9B3B7C502130101FF23261100F9
:1021900023248100B385C5026390070AEF709FD2A4
:1021A000130405006300050A0326C5FF1307400258
:1021B0001376C6FF1306C6FF6368C7049306300193
:1021C0009307050063F2C6022320050023220500C1
:1021D0009307B00163F8C7042324050023260500F4
:1021E00093070501630CE60623A0070023A207005E
:1021F00023A407008320C1001305040003248100E9
:10220000130101016780000093050000EF700FD4F7
:102210008320C10013050400032481001301010180
:10222000678000009307850023A0070023A2070012
:1022300023A407006FF01FFCEF00800B9307C00082
:102240002320F500130400008320C10013050400BF
:102250000324810013010101678000002328050089
:1022600093078501232A05006FF01FF8130101FC75
:102270001303C1022326D10293060300232E11006B
:102280002328E102232AF102232C0103232E110328
:1022900023266100EFA00FD38320C10113010104A5
:1022A00067800000130E0500130101FC03A501D097
:1022B000130381022324C1022326D10213860500C1
:1022C0009306030093050E00232E11002328E1023C
:1022D000232AF102232C0103232E1103232661005C
:1022E000EFA04FCE8320C1011301010467800000DD
:1022F00003A501D067800000130101FF13056000F2
:1023000023261100EF00802A13051000EFE05EDCA9
:10231000832785116386070013050000678000008E
:10232000130101FF930500082324810023261100D7
:1023300013040500EF701FB9232CA41063040502D9
:10234000930705082320050013054500E31CF5FE4F
:10235000130500008320C100032481001301010143
:10236000678000001305F0FF6FF0DFFE130101FE30
:10237000232A9100232E11009307F00193040500F6
:1023800063ECB70283278511232C81001384050099
:10239000638C070213142400B38787000324810190
:1023A00003A5070023A0C7008320C10183244101A6
:1023B0001301010267800000930760012320F500EC
:1023C0001305F0FF6FF05FFE930500082326C100A0
:1023D000EF705FAF23ACA4100326C1009307050084
:1023E0001307050093060508630A0500232007006C
:1023F00013074700E31CD7FE6FF0DFF903248101C8
:102400001305F0FF6FF05FFA130101FF2322910023
:10241000232611009307F0019304050063E0B70A37
:102420008327851123248100138405006384070416
:1024300013972500B387E70003A70700630C070283
:1024400093061000630CD7009306F0FF6308D704CF
:1024500023A0070013850500E7000700032481007F
:10246000130500008320C1008324410013010101F2
:102470006780000013850400EF00C04313060400CA
:10248000032481008320C100930505001385040007
:1024900083244100130101016F00803B032481006C
:1024A0008320C100930760012320F50083244100AD
:1024B00013051000130101016780000093076001FC
:1024C0002320F5001305F0FF6FF0DFF99307F0010B
:1024D00063EAB70C83278511130101FF23248100D0
:1024E0002322910023261100138405009304050084
:1024F0006380070813172400B387E70003A70700CA
:10250000630C07029306F0FF6300D70693061000E2
:102510006300D7041305040023A00700E7000700A9
:10252000130500008320C10003248100832441009F
:1025300013010101678000008320C1000324810092
:10254000832441001305100013010101678000007E
:102550008320C1000324810083244100130530003F
:102560001301010167800000130520006FF09FFB3D
:1025700093050008EF701F9523ACA4109307050086
:10258000630E0500130705009306050823200700C6
:1025900013074700E31CD7FE6FF0DFF51305F0FFCC
:1025A0006FF05FF81305F0FF67800000130101FF73
:1025B00023229100232611009307F00183A401D068
:1025C00063EEA70883A78411232481001304050068
:1025D0006382070413172500B387E70003A70700EA
:1025E000630A070293061000630AD7009306F0FF00
:1025F0006306D70423A00700E70007000324810037
:10260000130500008320C100832441001301010150
:102610006780000013850400EF00C0291306040042
:10262000032481008320C100930505001385040065
:1026300083244100130101016F00802103248100E4
:102640008320C1009307600123A0F400130510004C
:10265000832441001301010167800000930760019A
:1026600023A0F4001305F0FF6FF0DFF9130101FF61
:1026700023202101232611009307F00103A901D093
:1026800063E2A704232481001304050003258911B4
:102690002322910093840500630E05021314240085
:1026A000B307850003A507000324810023A097003A
:1026B000832441008320C10003290100130101018B
:1026C00067800000930760012320F9001305F0FFE5
:1026D0006FF05FFE9305000813050900EF708FFE91
:1026E000232CA9109307050013070508630A0500AA
:1026F00023A0070093874700E31CF7FE6FF01FFA43
:1027000003248100832441001305F0FF6FF09FFA3A
:10271000130101FF2324810003A401D0232611000B
:1027200083278411638C0700130500008320C100F8
:102730000324810013010101678000009305000854
:1027400013050400EF700FF8232CA410630C050090
:10275000930705082320050013054500E31CF5FE3B
:102760006FF09FFC1305F0FF6FF05FFC130101FF9A
:1027700023229100232611009307F00183A401D0A6
:1027800063E4A70C83A784112324810013040500AC
:102790006382070813172400B387E70003A7070025
:1027A000630C07029306F0FF6300D7069306100040
:1027B0006300D7041305040023A00700E700070007
:1027C00003248100130500008320C10083244100FD
:1027D0001301010167800000032481008320C100F0
:1027E00083244100130510001301010167800000DC
:1027F000032481008320C10083244100130530009D
:1028000013010101678000000324810013052000EB
:102810006FF09FFB9305000813850400EF708FEAAB
:1028200023ACA41093070500630E050013070500F1
:10283000930605082320070013074700E39CE6FEE4
:102840006FF05FF5032481001305F0FF6FF0DFF7F1
:10285000130101FF13870500232481002322910027
:102860001304050093050600130507002326110035
:1028700023A401D2EFE0DE8F9307F0FF630CF50095
:102880008320C1000324810083244100130101013E
:102890006780000083A781D2E38407FE8320C10004
:1028A0002320F4000324810083244100130101014B
:1028B000678000006FE0DE88B7071000130101FE9B
:1028C000938EF7FF33F8BE00B3F7DE0013D3460153
:1028D0002328210113D9450193973700232C810028
:1028E0001318380013D4F5011357D5019358D601A6
:1028F0001379F97F1373F37F232E1100232A91009C
:102900002326310193D6F601B3E8F80033670701B7
:1029100093153500131F3600B30769406304D41EB6
:102920006352F016630603289306F07F6306D942CC
:10293000930680031306100063CEF602B7068000EC
:10294000B3E8D8009306F00163CEF6529306000276
:10295000B386F6403396D8003355FF00B316DF0038
:102960003366A600B336D000B3D8F8003366D6007D
:10297000330717413386C540B3B5C500930406003D
:10298000B309B7409397890063DA0732B70780002D
:102990009387F7FFB3F9F9006388092C13850900C1
:1029A000EF60CFA7930785FF930600023387F640B9
:1029B00033D7E400B399F90033673701B394F400D7
:1029C00063C8274BB387274193871700B386F64028
:1029D0003396D400B3D9F4003336C00033663601E1
:1029E000B316D700B3E4C600B359F70013090000CB
:1029F00093F774006380070293F7F4001307400015
:102A0000638AE7009387440033B69700B389C9000F
:102A1000938407009397890063DA076E9307190080
:102A20001307F07F130E04006386E72A370780FF41
:102A30001307F7FF33F7E90093F7F77F1318D70170
:102A400013D63400131797003368C8001357C70014
:102A50008320C1010324810193974701B3E7E70075
:102A60001317FE01B3E7E7008324410103290101A5
:102A70008329C10013050800938507001301010293
:102A800067800000638C0714B30723416312093C7D
:102A90003365B7006304054C1385F7FF63020560D7
:102AA0001308F07F6386075793078003130610000F
:102AB00063CCA702930705001306F001634CF6569A
:102AC000130500023305F5403316A70033D8F5008F
:102AD0003395A500336606013335A0003357F70060
:102AE0003366A600B388E8403306CF403337CF00C3
:102AF00093040600B389E840130903001384060019
:102B00006FF05FE86350F01E63100314B3E6E80152
:102B1000638C06269386F7FF638006481306F07FD2
:102B2000638CC722930780039309100063CCD702FC
:102B3000938706009306F00163C0F64A93060002ED
:102B4000B386F640B399D8003356FF00B316DF00C2
:102B5000B3E9C900B336D000B3D8F800B3E9D9005F
:102B600033071701B385B900B3B935019384050064
:102B7000B389E9009397890063D2071413091900F8
:102B80009307F07F630CF936B70780FF9387F7FF51
:102B900013F61400B3F7F90013D714003367C70016
:102BA0001396F701B364E60093D917006FF05FE462
:102BB000B3E6E801638A061C9386F7FF638006404C
:102BC0001306F07F638AC71893078003130610006B
:102BD000E3C2D7DA938706006FF0DFD61308190037
:102BE0001378E87F631C08223363B70033E8E801F9
:102BF00063100938630E034663060840B389E54154
:102C000033B53501330617413306A6401315860048
:102C1000635E0550B305BF403387E840333FBF00D4
:102C20003307E7411316870093840500635E06525D
:102C3000B70780FF9387F7FF3377F700138E0600FF
:102C4000930710006FF09FDF9306F07F6306D910A3
:102C50009306800393091000E3C6F6F0B7068000E0
:102C6000B3E8D8006FF01FED13850400EF501FFB91
:102C7000930785019306F001E3D8F6D2130785FF89
:102C80003397E40063C6272333892741930719004C
:102C900063D6F648130919FE93060002B3542701C0
:102CA000638CD70093060004B387F6403317F70010
:102CB0003337E000B3E4E4001309000093F7740035
:102CC000E39C07D29307090013D634001387090049
:102CD0006F00000C9307F07F13070000130800003B
:102CE0006FF01FD7638A070CB30723416302091EE5
:102CF0009306F07F6308D332930680039309100094
:102D000063CEF602B70680003367D7009306F00162
:102D100063C8F63C93060002B386F640B319D700A9
:102D200033D6F500B396D500B3E9C900B336D00069
:102D30003357F700B3E9D900B388E8003387E901D6
:102D4000B339370193040700B3891901130903004C
:102D50006FF05FE263100802131635001356360059
:102D60001318D7013368C8001357370033670701BA
:102D700063060718130E00009307F07F370708005B
:102D8000130800006FF0DFCC131635001356360021
:102D90001318D7019306F07F3368C8001357370024
:102DA000E386D7FC1317C7001357C70093F7F77FC5
:102DB000130E04006FF0DFC99306190013F8E67FC5
:102DC00063180814B366B700631C092863820630D1
:102DD000B3E6E80163880622B387E501B3B5B7001F
:102DE000330717013307B70013D83700931787004D
:102DF000130E040063DE0734B70780FF9387F7FFE5
:102E00003377F7009317D7011357370033E80701DB
:102E10003377D701930710006FF09FC33388E541E4
:102E2000B3B70501B3091741B389F94093978900F6
:102E30009304080063C6071033683801E31E08B422
:102E4000130E000093070000130700006FF05FC02F
:102E50001305F07F630EA31A1305800313061000F9
:102E6000E344F5C8370680003367C7006FF0DFC45E
:102E7000B70980FF9389F9FF3309F940B379370126
:102E80006FF01FB7938607FE13060002B3D6D80073
:102E9000638AC70013060004B307F640B397F8002F
:102EA000336FFF003336E0013366D6006FF09FAC1E
:102EB000B70680FF9386F6FFB307F9403377D70054
:102EC0001318D70133683801135737006FF09FED9F
:102ED000B366B7006386061E9386F7FF638E060A05
:102EE0001305F07F6380A7149307800393091000F4
:102EF000E3C6D7E4938706006FF05FE1130E04008A
:102F00009307F07F13070000130800006FF05FB411
:102F10009307F07FE384F6FE338FE501B335BF00FE
:102F2000B3071701B387B7001396F701135F1F00AC
:102F3000B364E60193D91700138906006FF05FAB05
:102F40003306BF40B387E8403337CF009304060011
:102F5000B389E740138406006FF01FA413163600F0
:102F60001356360013840600138708006FF05FE2E3
:102F7000E31203DE6306081C13D73800131636006D
:102F80009398D80133671701135636003367C7008B
:102F9000138406006FF0DFDD338FE501B3081701FE
:102FA000B335BF00B389B8009397890093040F002D
:102FB00063D4070E130920006FF01FBD338FE54166
:102FC000B3081741B3B5E50193040F00B389B840C6
:102FD000130910006FF01F9B938607FE1306000273
:102FE000B3D6D800638AC70013060004B307F640BF
:102FF000B397F800336FFF00B339E001B3E9D900AC
:103000006FF05FB613163500935936006FF05FEB23
:103010001316360013563600138406001387080073
:103020006FF01FD4131636001356360013870800AE
:103030006FF01FD3138507FE130600023355A70058
:10304000638AC70013060004B307F640B317F700FE
:10305000B3E5F5003336B0003366A6006FF0DFA8A5
:10306000E38206FC33EFE801E3160FD06FF0DFCE0A
:10307000E30808DC131836009397D801135838007A
:1030800013D738003368F8003377D701138E060062
:10309000930700006FF0DF9B930710006FF0DFC213
:1030A000B305BF40B388E8403337BF0093840500C1
:1030B000B389E84013840600130910006FF09F8C59
:1030C0001316360013563600138708006FF05FCCD6
:1030D0001316360093593600138708006FF05FDE31
:1030E000938607FE13060002B356D700638AC70013
:1030F00013060004B307F640B317F700B3E5F50075
:10310000B339B000B3E9D9006FF05FC313D6340010
:1031100093070900138709006FF09FC79306000209
:10312000B386F640130600006FF05F8B33E8C900EA
:10313000E30808D093D93900130706006FF05FD871
:10314000130E00009307F07F370708006FF05F90C1
:103150009317D7011357370033E807013377D701A7
:10316000930700006FF0DF8E1318D70193D5350059
:103170003368B80013573700138406006FF09FC2FE
:1031800013D74501B70710009387F7FF13D84601FF
:103190001377F77F1303F07F33FEB7009308050022
:1031A000B3F7D70093D5F5011378F87F93D6F601DE
:1031B00013051000630C67006308680063140701BF
:1031C0006306FE026780000067800000E31CE8FEE3
:1031D000B367FE00B3E7C700B3E71701E39407FE48
:1031E000B385D5403335B00067800000E39CC8FC50
:1031F000638AD500E31807FC336E1E013335C00126
:10320000678000001305000067800000130101FDC6
:1032100093D74501232481022322910223202103F5
:10322000232E3101232A51019394C5002326110234
:10323000232C4101232861012326710123248101CC
:1032400093F7F77F13040500930A0600938906009D
:1032500093D4C40013D9F501638407421307F07FA8
:103260006386E70A939634001357D5013367D70076
:10327000B7068000B364D700131A3500138C17C04B
:10328000130B0000930B000093D749011397C9005B
:1032900093F7F77F138F0A001354C70093D9F901EE
:1032A0006380070A1307F07F638EE7141317340057
:1032B00093D5DA01B3E5E500938717C0370780009F
:1032C00033E4E500139F3A00B3888701130300003D
:1032D0001307A00013851800634C670BB345390131
:1032E000930720001388050063C66715130BFBFFC7
:1032F0001307100063606717630AF33C930404002C
:10330000130A0F00930B03006F00C00933EAA400F7
:1033100063180A3C93D749011397C90093F7F77FC5
:1033200093040000130B8000130CF07F930B20001C
:10333000138F0A001354C70093D9F901E39407F6D9
:10334000B36754016382073C6300044A1305040019
:10335000EF50DF8C93080500130755FF9307D0014A
:10336000138F88FFB387E740B3D7FA003317E40120
:1033700033E4E700339FEA01B3081C419388D8C0C7
:103380001307A0001303000013851800E35867F526
:103390009305090093072000638AFB3293073000EE
:1033A000638CFB489307100013880500639AFB4663
:1033B0009307000093060000130700008320C1025A
:1033C0000324810293974701B3E7D7009316F801CE
:1033D000B3E7D70083244102032901028329C101F5
:1033E000032A8101832A4101032B0101832BC100A0
:1033F000032C8100130507009385070013010103C7
:1034000067800000336754019308FC7F630A07302C
:10341000371700003348390113070780136B3B004F
:103420009306A000930508003305EC0063C06639DD
:10343000130330001306100033166601137706538A
:10344000E31A07F4937706246394073C13768608FF
:103450006312062EB70F0100938EFFFFB377DA01D8
:1034600093560A01B37EDF01135E0F013387D70342
:103470003383D603935507013306FE0233066600F5
:10348000B385C500338FC60363F46500330FFF01B6
:10349000B70301001386F3FF33F3C500935F040104
:1034A0003377C7003374C40013130301B382870258
:1034B0003303E30093D505013387860213D6020157
:1034C000B387FF02B387E7003306F600B387F6033E
:1034D0006374E600B3877700370901009309F9FFA9
:1034E0003377360193D30401B3F63401B3F23201DA
:1034F00013170701B384DE02330757001356060182
:103500003306F600B385E500B302DE0293D704016B
:10351000B38ED303B382D201B3875700330E7E023A
:1035200063F4D701330E2E01B7090100938EF9FF22
:10353000B3F2D70193D70701B387C701B3FED40114
:10354000939202013309D402B382D20133848302FD
:10355000135E0901B386DF02B3868600330EDE00F8
:10356000B38E7F0263748E00B38E3E01B70F0100ED
:10357000938FFFFFB376FE01939606013379F9012D
:10358000B385E501B38626013386C60033B7E5006F
:103590003307E600338F5500B307F700B335BF009C
:1035A000B385B700B336D6003336C700B3E6C600DE
:1035B00033B7E700135E0E01B3B7F500B386C6015B
:1035C0003367F70093179F003307D700B3E767000F
:1035D0003307D701B337F00013567F011317970055
:1035E00093D67501B3E7C7009395950033EAB7000A
:1035F00093177700B364D70063D0070213571A00FC
:1036000093771A009396F401B367F70033EAD70073
:1036100093D41400930805001386F83F6356C01234
:1036200093777A00638007029377FA0013074000CC
:10363000638AE70013074A00B3374701B384F400F5
:10364000130A07009397740063DA0700B70700FFB7
:103650009387F7FFB3F4F400138608409307E07FE5
:1036600063C4C71C93573A001397D40193969400F0
:103670003367F70093D6C6009377F67F6FF01FD4B9
:1036800033EAA40063080A06638E0412138504005B
:10369000EF50CFD813060500930655FF1307D0014E
:1036A000930786FF3307D7403357E400B396F400FF
:1036B000B364D700331AF4009307D0C0338CC740EB
:1036C000130B0000930B00006FF01FBC1388050064
:1036D0009307F07F93060000130700006FF01FCEE2
:1036E000130A0500130BC000130CF07F930B30007E
:1036F0006FF09FB993040000130B4000130C0000FF
:10370000930B10006FF05FB8136B1B0093080C0055
:1037100013040000130F0000130310006FF05FBBD1
:10372000136B2B0013040000130F00001303200081
:103730006FF01FBA93040400130A0F00930B0300E9
:10374000938509006FF01FC5130710006310061062
:103750009388E84133161A013336C000B398140138
:10376000B357EA00336616013366F60093777600A6
:10377000B3D5E400638007029377F6001307400097
:10378000638AE7009307460033B6C700B385C500D8
:103790001386070013958500930710009306000019
:1037A00013070000E34C05C06F00C0101307F000C2
:1037B0006310EB1213080000B7060800130700009F
:1037C0006FF0DFBFEF508FC5930655019307C0011F
:1037D00013060502E3D4D7EC130585FF130A000096
:1037E000B314A4006FF05FED13850A00EF500FC310
:1037F000130755019307C00193080502E3D0E7B60C
:10380000130585FF130F00003394AA006FF0DFB695
:10381000130800009307F07FB70608006FF01FBA87
:10382000930805006FF05FDF9307F07F93060000B9
:10383000130700006FF09FB8130800009307F07F94
:10384000B7060800130700006FF05FB73307C740E3
:1038500093078003E3CEE7B49307F001E3DAE7EEE2
:10386000930710FEB387C74093060002B3D7F40056
:103870006308D7009388E843B3981401336A1A01A8
:10388000333640013366F600137776009306000066
:10389000630807029377F6001307400093050000C2
:1038A000638AE7009307460033B6C700B335C0000C
:1038B00013860700939695001397D50193D6C600FB
:1038C000135636003367E600930700006FF01FAF12
:1038D00093040400138A0A00930B300093850900B7
:1038E0006FF05FABB70710009387F7FF130101FE7E
:1038F000B3F8B70033F8D70093D746019398380050
:10390000232C81002326310113D4F50193D94501DD
:103910001357D501131838009355D601232E1100E3
:10392000232A91002328210113FFF77F1303F07F3F
:103930003367170193F9F97F130E040093183500CC
:1039400093D6F601B3E50501931E3600630C6F2094
:1039500093C61600B387E9416302D416E35AF00018
:10396000630A0F246384693C9306800313051000E7
:1039700063CEF602B7068000B3E5D5009306F001EA
:1039800063C4F64E93060002B386F6403395D50025
:1039900033D6FE00B396DE003365C500B336D000E3
:1039A000B3D7F5003365D5003307F7403385A8401A
:1039B00033B6A800930405003309C7409317890064
:1039C00063D80734B70780009387F7FF3379F9008E
:1039D0006306092E13050900EF504FA4930785FFD6
:1039E000930600023387F64033D7E4003319F90019
:1039F00033672701B394F40063C4373FB38737417B
:103A000093871700B386F6403396D40033D9F40079
:103A10003336C0003366C900B316D700B3E4C6001E
:103A20003359F7009309000093F77400638007028D
:103A300093F7F40013074000638AE700938744007C
:103A400033B597003309A9009384070093178900C1
:103A500063D0076C938719001307F07F6386E72410
:103A6000370780FF1307F7FF3377E90093F7F77FF6
:103A70001318D70113D53400131797003368A80023
:103A80001357C700137E14008320C1010324810152
:103A900093974701B3E7E7001317FE01B3E7E70089
:103AA00083244101032901018329C1001305080072
:103AB0009385070013010102678000006352F070D4
:103AC00063160F1CB3E6D501638E06269386F7FFB7
:103AD00063880646638C67249307800313091000EC
:103AE00063CCD702938706009306F00163CAF648B9
:103AF00093060002B386F6403399D50033D6FE0014
:103B0000B396DE003369C900B336D000B3D7F500F1
:103B10003369D9003307F700330619013339260119
:103B2000930406003309E9009317890063D2071E46
:103B3000938919009307F07F6388F916B70780FF10
:103B40009387F7FF13F51400B377F90013D7140028
:103B50003367A7001395F701B364E50013D9170085
:103B60006FF09FEC33E8D5011383198063080806D2
:103B7000630AD4066304030E638E09261315360008
:103B80001355350013840600138705001318D70159
:103B90003368A8001357370033670701630607101F
:103BA000130E00009307F07F37070800130800008A
:103BB0006FF09FEDB3E6D501638606189386F7FF95
:103BC0006382063A63846716930780031305100027
:103BD000E3CED7DC938706006FF05FDA93C616005A
:103BE000E31AD4F8630803186390092C9307F07F55
:103BF000B3661701638806489386F7FF638206342D
:103C00001305F07F6382A72A93078003130910002E
:103C100063CAD7029307F00163C6D74C930700022B
:103C2000B387D7403319F70033D6D800B397F800DD
:103C30003369C900B337F000B356D7003369F900D0
:103C4000B385D5003307D901333927019304070021
:103C50003309B90093090F006FF01FED9387190026
:103C600093F7E77F6394071433E8D501B36717012F
:103C70006394092A638E07386310083C13153500D6
:103C800013593500930700006F0040116380690AE3
:103C90009306800313091000E3C0F6E8B70680001E
:103CA000B3E5D5006FF05FE4137E14009307F07F57
:103CB00013070000130800006FF01FDD13850400D8
:103CC000EF40DFF5930785019306F001E3DAF6D0C4
:103CD000130785FF3397E40063CE371BB389374161
:103CE0009387190063DEF642938919FE930600025A
:103CF000B3543701638CD70093060004B387F640B2
:103D00003317F7003337E000B3E4E4009309000011
:103D100093F77400E39E07D09387090013D534000E
:103D2000130709006F008002E31C08E61315350035
:103D30001318D701135535003368A80013573700FF
:103D40006FF09FE513153500135535001318D70193
:103D50009306F07F3368A80013573700E38ED7E24D
:103D60001317C7001357C70093F7F77F137E14008C
:103D70006FF09FD19386190093F7E67F639E071239
:103D8000B3671701639A092463860730B3E7D50147
:103D9000639A073013153500135935001318D701EE
:103DA00033682801135737006FF09FFB3388D841E1
:103DB000B3B708013309B7403309F94093178900B5
:103DC0009304080063C2071233682801E31208C095
:103DD000130E000093070000130700006FF0DFCA06
:103DE000370980FF1309F9FFB389F94033792701B7
:103DF0006FF09FC39307F07F3365170163040510CD
:103E00001388F7FF6302081E1305F07FE388A7D627
:103E100093078003138406001305100063CA070389
:103E20009307F00163C4071993070002B3870741A2
:103E30003315F700B3D60801B397F8003365D50002
:103E4000B337F000335807013365F500B3850541FA
:103E50003385AE4033B7AE00930405003389E540A7
:103E600093090F006FF09FB5938607FE13060002BB
:103E7000B3D6D500638AC70013060004B307F64023
:103E8000B397F500B3EEFE003335D0013365D500AE
:103E90006FF0DFB1B70680FF9386F6FFB387F94076
:103EA0003377D7006FF09FEF1315360013553500A9
:103EB000138705006FF09FCD9307F07FE386F6DE52
:103EC000B38ED80133B61E01B307B700B387C7005E
:103ED0001395F70193DE1E00B364D50113D91700C3
:103EE000938906006FF05FB433861E41B387E540C7
:103EF00033B7CE00930406003389E74013840600ED
:103F00006FF01FAD131636001355360013840600EC
:103F1000138705006FF09FE3E39807E0630608222C
:103F200013D73500131636009395D5013367B700C4
:103F3000135636003367C700138406006FF01FC6A0
:103F4000B38ED801B305B70033B61E013389C5005F
:103F50009317890093840E0063D8070A9309200001
:103F60006FF0DFBDB38ED841B305B74033B6D8018B
:103F700093840E003389C540930910006FF01FA48D
:103F8000938607FE13060002B3D6D500638AC700E6
:103F900013060004B307F640B397F500B3EEFE0036
:103FA0003339D0013369D9006FF01FB7930708FE8A
:103FB00093060002B357F700630AD8009306000483
:103FC000B38606413317D700B3E8E8003335100154
:103FD0003365F5006FF0DFE7E38807ECB3EED5015A
:103FE000E3900EBC6FF09FD433861E41B385E5404D
:103FF00033B7CE00930406003389E54013840600EE
:10400000930910006FF09F9B930710006FF01FD172
:10401000E30008DC13163600935736001398D501D9
:10402000139795003368F8001357C700138E0600E6
:10403000930700006FF05FA53389D841B3B728011B
:104040003306B7403306F6409317860063D2070E57
:1040500033861E413387E540B3BECE003307D741D8
:10406000931787009304060063DE0712B70780FFEB
:104070009387F7FF3377F700138406009307100048
:104080006FF01F9F13163600135536001387050077
:104090006FF0DFCB13163600135936001387050077
:1040A0006FF0DFCFB386D801B307B70033B6160180
:1040B000B387C7001397870013D83600635E0708DD
:1040C000370780FF1307F7FFB3F7E7001397D70110
:1040D000939797003368070113D7C7009307100021
:1040E0006FF09F9A938706FE13060002B357F700FE
:1040F000638AC60013060004B306D6403317D70000
:10410000B3E8E800333910013369F9006FF09FB369
:1041100013D5340093870900130709006FF01FC3FC
:1041200093060002B386F640130600006FF09F8EE0
:104130003368C900E30E08C813593900930700001B
:10414000130706006FF09FC5130E00009307F07F62
:10415000370708006FF05F931397D7019397970085
:104160003368070113D7C700930700006FF0DF9192
:10417000E38607AE33083F4193070800E38E09C684
:104180009307800363CA0701B70780003367F7000E
:10419000138406006FF0DFC81384060013051000B7
:1041A0006FF01FCB1318D701135636003368C800C1
:1041B0001357370093070000138406006FF05FBAAF
:1041C000E38A07BAB3063F41639609009387060066
:1041D0006FF01FA29307800313091000E3C4D7A652
:1041E000B70780003367F7006FF0DFA213D74501F0
:1041F000B70710009387F7FF1347F7FF13D846015F
:10420000B3F5B700B3F7D700931657011378F87FCB
:10421000638006021307F07F130500006304E800C3
:1042200067800000B3E7C7003335F0006780000007
:10423000B3E5A50013051000E38E05FC67800000C0
:1042400093D74501B70610001387F6FF93F7F77F62
:104250001306E03F3377B70093D5F501635EF600B0
:104260001306D041635EF600370500801305F5FFA5
:104270003385A500678000001305000067800000FB
:10428000130630433306F6401308F0013367D700B6
:104290006350C80293063041B387F6403357F700A6
:1042A0003305E040E39C05FC130507006780000030
:1042B0009387D7BE3317F7003355C5003367A70080
:1042C0006FF01FFE130101FF23261100232481003C
:1042D00023229100630A05041357F541B344A70054
:1042E000B384E440930705001385040013D4F70159
:1042F000EF40DF929307E041B387A7401307A00088
:1043000093F7F77F6340A7061307B0003307A74072
:1043100033D7E400130555011317C700B394A40065
:104320001357C7006F0040011304000093070000FB
:104330001307000093040000939747011314F4013E
:10434000B3E7E7008320C100B3E7870003248100BF
:1043500013850400938507008324410013010101A4
:1043600067800000130555FF3397A4001317C7009B
:104370001357C700930400006FF01FFC8325C5008E
:104380008327850003280500832645001396050131
:10439000130101FE13971500135606012324F100A3
:1043A0002326B100232CF100232001012322D10078
:1043B00023280101232AD100232EC10013571701FE
:1043C00093D5F501930801019307C1011315360038
:1043D00003A6C7FF9387C7FF9356D601B3E6A6008F
:1043E00023A2D700E394F8FE9306170013183800B1
:1043F00013961601232801011356260163020604B1
:10440000B7C6FFFF938606403307D7009306E07FC9
:1044100063D4E6109307F07F1306000093060000B4
:10442000939747019395F501B3E7C700B3E7B7004A
:1044300013850600938507001301010267800000C1
:1044400003264101832881010325C101B3661601BA
:10445000B3E6A600B3E606016314070463820614FC
:10446000930650001306000093D736009316D6012A
:10447000B3E6F600131696009377F77F1356C6003F
:10448000939747019395F501B3E7C700B3E7B700EA
:104490001385060093850700130101026780000061
:1044A0006384061293D7C80113154500B3E7A7002C
:1044B000B7068000B3F6D7006382061C370780FF7B
:1044C0009356C601939848001307F7FF33F6E700A9
:1044D000B3E61601B70740003366F60093F686FF91
:1044E0009307000013D736009316D60113169600D3
:1044F0001356C600939747019395F501B3E7C7009C
:10450000B3E6E600B3E7B70013850600938507001E
:104510001301010267800000635CE00C8327410106
:10452000032581010326C10193964700B3E60601E6
:1045300093D7C70113184500131646001355C5013C
:10454000B336D000B3E707013366A600B3E6F60042
:1045500093F776006380070293F7F6001305400097
:10456000638AA70093874600B3B6D7003306D60008
:1045700093860700B7078000B377F600E38607EE5F
:10458000130717009307F07FE306F7E8B70780FFEC
:104590009387F7FF3376F6009377F77F6FF09FF4FA
:1045A0009307000013060000939747019395F501C8
:1045B000B3E7C700B3E7B70013850600938507008C
:1045C00013010102678000009307F07F13060000CB
:1045D000939747019395F501B3E7C700B3E7B70099
:1045E0001385060093850700130101026780000010
:1045F0009306C0FC634CD7089306D003B386E6400D
:104600000327C10113DE5640B70E0800B3EEEE00DB
:1046100013152E00232ED10193F6F6013388A8003E
:104620001386080013070000032306001306460044
:1046300033676700E31AC8FE130630003306C6412D
:10464000639A0604032808009386160093874700A0
:1046500023AE07FF634ED6003388A7000328080067
:10466000938616009387470023AE07FFE356D6FED6
:1046700093074000B387C7416F00400893050000CF
:104680009307F07F370608006FF09FD913070000EB
:104690006FF01FDD1308050233082800032808FF08
:1046A000130F0002330FDF403318E80133670701AF
:1046B000630E060813182600B30FF8003386A8000F
:1046C0000325060003234600938747003355D50092
:1046D0003313E3013365650023AEA7FE13064600DE
:1046E000E390FFFE93074000B387C741130608021B
:1046F00033062600B3DEDE002328D6FF93064000F3
:10470000B386F64093962600939727001306800001
:10471000B388F80063EAC60023A0080023A20800BB
:10472000938686FF938888009307400063E4F60031
:1047300023A00800832701013337E000032641014D
:10474000B366F700130700006FF09FE093071000B7
:08475000130800006FF09FF94F
:10475800696C6C6567616C20696E737472756374DB
:10476800696F6E20657863657074696F6E20686123
:104778006E646C657220656E74657265640A0065A6
:1047880063616C6C20657863657074696F6E20680E
:10479800616E646C657220656E74657265640A008A
:1047A80065627265616B20657863657074696F6EA8
:1047B8002068616E646C657220656E7465726564EC
:1047C8000A00756E6B6E6F776E206578636570741E
:1047D800696F6E2068616E646C657220656E7465C1
:1047E8007265640A006E6F20657863657074696F1E
:1047F8006E2068616E646C657220696E7374616C9A
:104808006C65640A00000000556E696D706C656D1A
:10481800656E7465642073797374656D2063616C6B
:104828006C2063616C6C6564210A0000B0CBFEFFEC
:10483800B0CBFEFF2CCBFEFF2CCBFEFF2CCBFEFF1C
:104848002CCBFEFF2CCBFEFF2CCBFEFFB0CBFEFF0C
:10485800A0CBFEFF2CCBFEFF2CCBFEFF2CCBFEFF0C
:104868002CCBFEFFA0CBFEFFA0CBFEFF78CCFEFF3B
:104878002CCBFEFF2CCBFEFF2CCBFEFF2CCBFEFF60
:104888002CCBFEFF2CCBFEFF2CCBFEFF2CCBFEFF50
:104898002CCBFEFF2CCBFEFF2CCBFEFF2CCBFEFF40
:1048A8002CCBFEFF2CCBFEFFB0CBFEFF28CCFEFFAF
:1048B8002CCBFEFF2CCBFEFF2CCBFEFF2CCBFEFF20
:1048C8002CCBFEFF2CCBFEFF2CCBFEFF2CCBFEFF10
:1048D8002CCBFEFF2CCBFEFF2CCBFEFF2CCBFEFF00
:1048E8005CCCFEFF2CCBFEFF2CCBFEFF2CCBFEFFBF
:1048F8002CCBFEFF2CCBFEFF2CCBFEFF2CCBFEFFE0
:104908002CCBFEFF2CCBFEFF2CCBFEFF2CCBFEFFCF
:104918002CCBFEFF2CCBFEFF2CCBFEFF2CCBFEFFBF
:104928002CCBFEFF2CCBFEFF2CCBFEFF2CCBFEFFAF
:104938002CCBFEFF2CCBFEFF2CCBFEFF2CCBFEFF9F
:104948002CCBFEFF2CCBFEFF2CCBFEFF2CCBFEFF8F
:104958002CCBFEFF2CCBFEFF2CCBFEFF2CCBFEFF7F
:104968002CCBFEFF2CCBFEFF2CCBFEFF2CCBFEFF6F
:104978006CCCFEFF58CAFEFFFCCAFEFF08CBFEFF48
:10498800E4C9FEFFE4C9FEFFE4C9FEFFE4C9FEFF77
:10499800E4C9FEFFE4C9FEFF68CAFEFFE4C9FEFFE2
:1049A800E4C9FEFFE4C9FEFFE4C9FEFFE0CAFEFF5A
:1049B80068CAFEFF54302E33652D314600000000D2
:1049C8002D542E542B2B5471000000003154332EDB
:1049D8003465347A0000000033342E30652D545E7F
:1049E80000000000352E353030652B330000000004
:1049F8002D2E313233652D32000000002D383765F9
:104A08002B383332000000002B302E36652D313222
:104A18000000000033352E353434303000000000FB
:104A28002E31323334353030000000002D31313032
:104A38002E373030000000002B302E363434303022
:104A480000000000353031320000000031323334CC
:104A5800000000002D383734000000002B313232BE
:104A6800000000004C4A0180544A01805C4A0180E1
:104A7800644A01801C4A0180284A0180344A018026
:104A8800404A0180EC490180F8490180044A0180CC
:104A9800104A0180BC490180C8490180D44901807D
:104AA800E0490180B00DFFFF900DFFFF980DFFFF5B
:104AB800A00DFFFFA80DFFFF880DFFFF366B2070CC
:104AC8006572666F726D616E63652072756E2070B7
:104AD8006172616D657465727320666F7220636FB1
:104AE80072656D61726B2E00366B2076616C69643D
:104AF8006174696F6E2072756E20706172616D6588
:104B08007465727320666F7220636F72656D61726F
:104B18006B2E000050726F66696C652067656E6564
:104B2800726174696F6E2072756E20706172616D4A
:104B3800657465727320666F7220636F72656D614C
:104B4800726B2E00324B20706572666F726D616EEB
:104B580063652072756E20706172616D657465722F
:104B68007320666F7220636F72656D61726B2E00C1
:104B7800324B2076616C69646174696F6E2072755E
:104B88006E20706172616D657465727320666F72F4
:104B980020636F72656D61726B2E00005B25755D19
:104BA8004552524F5221206C6973742063726320FE
:104BB800307825303478202D2073686F756C642028
:104BC8006265203078253034780A00005B25755DF1
:104BD8004552524F5221206D617472697820637278
:104BE8006320307825303478202D2073686F756CF9
:104BF80064206265203078253034780A000000008F
:104C08005B25755D4552524F52212073746174655E
:104C18002063726320307825303478202D20736823
:104C28006F756C64206265203078253034780A000E
:104C3800436F72654D61726B2053697A652020203D
:104C4800203A20256C750A00546F74616C207469D1
:104C5800636B732020202020203A20256C750A00E1
:104C6800546F74616C2074696D6520287365637373
:104C7800293A2025660A0000497465726174696FD3
:104C88006E732F5365632020203A2025660A0000A2
:104C9800497465726174696F6E732020202020202A
:104CA800203A20256C750A0047434331332E312EB4
:104CB80030000000436F6D70696C65722076657214
:104CC80073696F6E203A2025730A000020202000A7
:104CD800436F6D70696C657220666C616773202024
:104CE800203A2025730A00004252414D000000007E
:104CF8004D656D6F7279206C6F636174696F6E209A
:104D0800203A2025730A0000736565646372632086
:104D18002020202020202020203A203078253034E0
:104D2800780A00005B25645D6372636C69737420A4
:104D38002020202020203A203078253034780A009E
:104D48005B25645D6372636D6174726978202020ED
:104D580020203A203078253034780A005B25645DBD
:104D680063726373746174652020202020203A20C8
:104D78003078253034780A005B25645D6372636699
:104D8800696E616C2020202020203A203078253060
:104D980034780A00436F7272656374206F706572AD
:104DA8006174696F6E2076616C6964617465642EE4
:104DB8002053656520524541444D452E6D6420665B
:104DC8006F722072756E20616E64207265706F72EA
:104DD80074696E672072756C65732E00436F726517
:104DE8004D61726B20312E30203A202566202F200D
:104DF8002573202573000000202F20257300000054
:104E080043616E6E6F742076616C696461746520AD
:104E18006F7065726174696F6E20666F7220746856
:104E280065736520736565642076616C7565732CA0
:104E380020706C6561736520636F6D7061726520A9
:104E48007769746820726573756C7473206F6E204F
:104E580061206B6E6F776E20706C6174666F726D17
:104E68002E0000004572726F72732064657465636A
:104E78007465640053746174696300004865617007
:104E880000000000537461636B00000060840080C0
:104E98000C830080B88200800C840080B882008077
:104EA8001C830080B88200800C8400800C83008002
:104EB8000C8300801C8300800C8400809883008011
:104EC80098830080988300801C8300800001020280
:104ED800030303030404040404040404050505058A
:104EE8000505050505050505050505050606060666
:104EF800060606060606060606060606060606064A
:104F08000606060606060606060606060707070735
:104F18000707070707070707070707070707070719
:104F28000707070707070707070707070707070709
:104F380007070707070707070707070707070707F9
:104F480007070707070707070707070708080808E5
:104F580008080808080808080808080808080808C9
:104F680008080808080808080808080808080808B9
:104F780008080808080808080808080808080808A9
:104F88000808080808080808080808080808080899
:104F98000808080808080808080808080808080889
:104FA8000808080808080808080808080808080879
:104FB8000808080808080808080808080808080869
:104FC8000808080808080808080808080A0000006F
:104FD800494E4600696E66004E414E006E616E0095
:104FE8003031323334353637383941424344454617
:104FF80000000000303132333435363738396162D9
:105008006364656600000000286E756C6C290000FA
:105018002CAE008068A8008068A8008020AE0080C0
:1050280068A8008068A8008068A8008068A8008038
:1050380068A8008068A8008024AD008010AE0080B9
:1050480068A800803CAD008048AD008068A800805A
:10505800D0AD008034A8008034A8008034A8008037
:1050680034A8008034A8008034A8008034A80080C8
:1050780034A8008034A8008068A8008068A8008050
:1050880068A8008068A8008068A8008068A80080D8
:1050980068A8008068A8008068A8008068A80080C8
:1050A800A4AD008090AB008068A8008090AB008021
:1050B80068A8008068A8008068A8008068A80080A8
:1050C80044AE008068A8008068A8008028AF0080EF
:1050D80068A8008068A8008068A8008068A8008088
:1050E80068A8008050AE008068A8008068A800808A
:1050F8003CBA008068A8008068A8008068A8008082
:1051080068A8008068A8008068A8008068A8008057
:1051180068A8008068A8008068A80080E8AD0080C2
:1051280080AC008090AB008090AB008090AB00809A
:10513800DCAD008080AC008068A8008068A8008092
:1051480040AA008068A8008044B0008014B00080A5
:10515800DCAF008040AA008068A8008074AF00809F
:1051680068A8008044AF008068A8008068A8008014
:1051780094BA0080202020202020202020202020D9
:105188002020202030303030303030303030303057
:1051980030303030D4CD008034CA008034CA00802A
:1051A800C8CD008034CA008034CA008034CA008068
:1051B80034CA008034CA008034CA008028CD0080F8
:1051C800B8CD008034CA008038CD008044CD00803E
:1051D80034CA0080ACCD008000CA008000CA0080BC
:1051E80000CA008000CA008000CA008000CA00808F
:1051F80000CA008000CA008000CA008034CA00804B
:1052080034CA008034CA008034CA008034CA00809E
:1052180034CA008034CA008034CA008034CA00808E
:1052280034CA008098CD008034CA008034CA008017
:1052380034CA008034CA008034CA008034CA00806E
:1052480034CA008034CA008034CA008034CA00805E
:1052580058CE008034CA008034CA008034CA008026
:1052680034CA008034CA00800CCE008034CA008062
:1052780034CA0080F0D4008034CA008034CA008068
:1052880034CA008034CA008034CA008034CA00801E
:1052980034CA008034CA008034CA008034CA00800E
:1052A800ECCD008084CC008034CA008034CA0080F1
:1052B80034CA008020CF008084CC008034CA0080AB
:1052C80034CA00808CCB008034CA0080E8CE0080CD
:1052D800C0CE0080B4CF00808CCB008034CA008060
:1052E80054CF008034CA00802CCF008034CA00809C
:1052F80034CA008044D5008020202020202020208F
:105308002020202020202020303030303030303015
:10531800303030303030303043000000504F534987
:1053280058000000496E66696E69747900000000D3
:105338004E614E0042616C6C6F63207375636365E8
:1053480065646564000000002E2E2F2E2E2F2E2E51
:105358002F2E2E2F2E2E2F2E2E2F7372632F6E652B
:10536800776C69622F6E65776C69622F6C6962630E
:105378002F7374646C69622F64746F612E6300000C
:105388002E2E2F2E2E2F2E2E2F2E2E2F2E2E2F2E30
:105398002E2F7372632F6E65776C69622F6E657737
:1053A8006C69622F6C6962632F7374646C69622F15
:1053B8006D707265632E630005000000190000001F
:1053C8007D00000000000000000000000000F03F29
:1053D80000000000000024400000000000005940C8
:1053E8000000000000408F40000000000088C3401B
:1053F80000000000006AF8400000000080842E4190
:1054080000000000D01263410000000084D79741DB
:105418000000000065CDCD41000000205FA00242E1
:10542800000000E876483742000000A2941A6D4256
:10543800000040E59C30A2420000901EC4BCD64249
:1054480000003426F56B0C430080E03779C34143F4
:1054580000A0D8855734764300C84E676DC1AB436A
:10546800003D9160E458E143408CB5781DAF154488
:1054780050EFE2D6E41A4B4492D54D06CFF0804463
:10548800F64AE1C7022DB544B49DD9794378EA4478
:10549800BC89D897B2D29C3C33A7A8D523F6493902
:1054A8003DA7F444FD0FA5329D978CCF08BA5B2524
:1054B800436FAC642806C80A0080E03779C34143CB
:1054C800176E05B5B5B89346F5F93FE9034F384D62
:1054D800321D30F94877825A3CBF737FDD4F15750E
:1054E80000202020202020202020282828282820AC
:1054F80020202020202020202020202020202020A4
:10550800208810101010101010101010101010100B
:1055180010040404040404040404041010101010FB
:1055280010104141414141410101010101010101C5
:105538000101010101010101010101011010101017
:105548001010424242424242020202020202020297
:1055580002020202020202020202020210101010EB
:105568002000000000000000000000000000000013
:105578000000000000000000000000000000000023
:105588000000000000000000000000000000000013
:105598000000000000000000000000000000000003
:1055A80000000000000000000000000000000000F3
:1055B80000000000000000000000000000000000E3
:1055C80000000000000000000000000000000000D3
:1055D80000000000000000000000000000000000C3
:1055E800000000002C2066756E6374696F6E3A20A7
:1055F80000000000617373657274696F6E20222564
:105608007322206661696C65643A2066696C65205E
:10561800222573222C206C696E652025642573254C
:03562800730A0002
:10562C001000000000000000037A5200017C010110
:10563C001B0D020010000000180000009C21FFFF51
:10564C00DC04000000000000100000002C00000032
:0C565C006426FFFF900400000000000026
:105668000000001000000000000000000000000022
:105678000000000000000000000000000000000022
:1056880000000000000000007C4E0180844E018074
:105698008C4E01800000000003000000B865018006
:1056A80000000000B86501802066018088660180DE
:1056B80000000000000000000000000000000000E2
:1056C80000000000000000000000000000000000D2
:1056D80000000000000000000000000000000000C2
:1056E80000000000000000000000000000000000B2
:1056F80000000000000000000000000000000000A2
:105708000000000000000000000000000000000091
:105718000000000000000000000000000000000081
:105728000000000000000000000000000000000071
:105738000000000000000000010000000000000060
:105748000E33CDAB34126DE6ECDE05000B00000025
:105758000000000000000000000000000000000041
:105768000000000000000000000000000000000031
:105778000000000000000000000000000000000021
:105788000000000000000000000000000000000011
:105798000000000000000000000000000000000001
:1057A80000000000000000000000000000000000F1
:1057B80000000000000000000000000000000000E1
:1057C8000000000000000000C8570180C857018091
:1057D800D0570180D0570180D8570180D857018011
:1057E800E0570180E0570180E8570180E8570180C1
:1057F800F0570180F0570180F8570180F857018071
:10580800005801800058018008580180085801801C
:1058180010580180105801801858018018580180CC
:10582800205801802058018028580180285801807C
:10583800305801803058018038580180385801802C
:1058480040580180405801804858018048580180DC
:10585800505801805058018058580180585801808C
:10586800605801806058018068580180685801803C
:1058780070580180705801807858018078580180EC
:10588800805801808058018088580180885801809C
:10589800905801809058018098580180985801804C
:1058A800A0580180A0580180A8580180A8580180FC
:1058B800B0580180B0580180B8580180B8580180AC
:1058C800C0580180C0580180C8580180C85801805C
:1058D800D0580180D0580180D8580180D85801800C
:1058E800E0580180E0580180E8580180E8580180BC
:1058F800F0580180F0580180F8580180F85801806C
:105908000059018000590180085901800859018017
:1059180010590180105901801859018018590180C7
:105928002059018020590180285901802859018077
:105938003059018030590180385901803859018027
:1059480040590180405901804859018048590180D7
:105958005059018050590180585901805859018087
:105968006059018060590180685901806859018037
:1059780070590180705901807859018078590180E7
:105988008059018080590180885901808859018097
:105998009059018090590180985901809859018047
:1059A800A0590180A0590180A8590180A8590180F7
:1059B800B0590180B0590180B8590180B8590180A7
:1059C800C0590180C0590180C8590180C859018057
:1059D800D0590180D0590180D8590180D859018007
:1059E800E0590180E0590180E8590180E8590180B7
:1059F800F0590180F0590180F8590180F859018067
:105A0800005A0180005A0180085A0180085A018012
:105A1800105A0180105A0180185A0180185A0180C2
:105A2800205A0180205A0180285A0180285A018072
:105A3800305A0180305A0180385A0180385A018022
:105A4800405A0180405A0180485A0180485A0180D2
:105A5800505A0180505A0180585A0180585A018082
:105A6800605A0180605A0180685A0180685A018032
:105A7800705A0180705A0180785A0180785A0180E2
:105A8800805A0180805A0180885A0180885A018092
:105A9800905A0180905A0180985A0180985A018042
:105AA800A05A0180A05A0180A85A0180A85A0180F2
:105AB800B05A0180B05A0180B85A0180B85A0180A2
:105AC800C05A0180C05A0180C85A0180C85A018052
:105AD800D05A0180D05A0180D85A0180D85A018002
:105AE800E05A0180E05A0180E85A0180E85A0180B2
:105AF800F05A0180F05A0180F85A0180F85A018062
:105B0800005B0180005B0180085B0180085B01800D
:105B1800105B0180105B0180185B0180185B0180BD
:105B2800205B0180205B0180285B0180285B01806D
:105B3800305B0180305B0180385B0180385B01801D
:105B4800405B0180405B0180485B0180485B0180CD
:105B5800505B0180505B0180585B0180585B01807D
:105B6800605B0180605B0180685B0180685B01802D
:105B7800705B0180705B0180785B0180785B0180DD
:105B8800805B0180805B0180885B0180885B01808D
:105B9800905B0180905B0180985B0180985B01803D
:105BA800A05B0180A05B0180A85B0180A85B0180ED
:105BB800B05B0180B05B0180B85B0180B85B01809D
:105BC800C05B0180C05B0180430000000000000052
:105BD80000000000000000000000000000000000BD
:105BE800000000000000000043000000000000006A
:105BF800000000000000000000000000000000009D
:105C08000000000000000000430000000000000049
:105C1800000000000000000000000000000000007C
:105C28000000000000000000430000000000000029
:105C3800000000000000000000000000000000005C
:105C48000000000000000000430000000000000009
:105C5800000000000000000000000000000000003C
:105C680000000000000000004300000000000000E9
:105C7800000000000000000000000000000000001C
:105C880000000000000000004300000000000000C9
:105C980000000000000000000000000000000000FC
:105CA8000000000000000000BC1C0180C804018046
:105CB80000000000E8540180684E0180044C018017
:105CC800044C0180044C0180044C0180044C018088
:105CD800044C0180044C0180044C0180044C018078
:105CE800FFFFFFFFFFFFFFFFFFFFFFFFFFFF0000BA
:105CF8000100415343494900000000000000000032
:105D0800000000000000000000000000000000008B
:105D18000000415343494900000000000000000012
:105D2800000000000000000000000000000000006B
:045D38000000000067
:105D40000000000080842E41000000000000F03FB1
:105D5000FFFFFFFFFFFFEF7F000000000000F83FA4
:105D600061436F63A787D23FB3C8608B288AC63F61
:105D7000FB799F501344D33F0000000000002440F3
:105D80000000000000001C40000000000000144063
:105D9000000000000000E03FB0680180010000004A
:105DA0000300000066000000A8560180FFFFFFFF0F
:045DB00000000200ED
:0400000580000080F7
:00000001FF
