:0200000480007A
:100000006F00804B6F00C02B6F00004A6F00C0492B
:100010006F0080496F0040496F0000496F00C04881
:100020006F0080486F0040486F0000486F00C04775
:100030006F0080476F0040476F0000476F00C04669
:100040006F0080466F0040466F0000466F00C0455D
:100050006F0080456F0040456F0000456F00C04451
:100060006F0080446F0040446F0000446F00C04345
:100070006F0080436F0040436F0000436F000054E7
:10008000973101009381816C17010300130181F7FF
:1000900017050000130505F713651500731055309B
:1000A000138581F4138681253306A640930500004D
:1000B000EF50504117650000130545BBEF40C026C7
:1000C000EF50D03013050000930500001306000028
:0C00D000EF0000016F40802667800000F8
:1000E000130101812324817E2326117E2322917E08
:1000F0002320217F232E317D232C417D9306000078
:10010000130101FD130600009305000013050020F4
:10011000EF30001A13040500171501001305C5CBB5
:10012000EF5000326306041613050400EF3040213F
:1001300017150100130545CCEF508030F32420B093
:10014000F32900B0971501009385C5D61306010069
:1001500013050400EF30C054732920B0732A00B097
:1001600017150100130545CAEF50802DB3059940BE
:1001700033063A4117150100130505CAEF50400731
:1001800037160000130606809715010093858552E7
:1001900013050100EF5080709304050063100504FF
:1001A000171501001305C5CEEF5080291305040073
:1001B000EF40401C130101038320C17E138504001E
:1001C0000324817E8324417E0329017E8329C17D0E
:1001D000032A817D1301017F67800000171501004C
:1001E000130585C6EF50C025B7170000938207801E
:1001F00013040100B3892200171901001309C9C8AB
:1002000003162400831504001305090013040402D7
:10021000EF40107E031664FE831544FE13050900AB
:10022000EF40107D0316A4FE831584FE130509001C
:10023000EF40107C0316E4FE8315C4FE130509008D
:10024000EF40107B031624FF831504FF13050900FC
:10025000EF40107A031664FF831544FF130509006D
:10026000EF4010790316A4FF831584FF13050900DE
:10027000EF4010780316E4FF8315C4FF130509004F
:10028000EF401077E31E34F7930410006FF09FF2F5
:1002900017150100130505B5EF50801A93041000DF
:1002A0006FF05FF10000000000000000000000009F
:1002B0001305000067800000130000001300000019
:1002C0001305000067800000130000001300000009
:1002D00013050000678000001300000013000000F9
:1002E00013050000678000001300000013000000E9
:1002F00013050000678000001300000013000000D9
:1003000013050000678000001300000013000000C8
:1003100013050000678000001300000013000000B8
:1003200013050000678000001300000013000000A8
:100330001305000067800000130000001300000098
:100340001305000067800000130000001300000088
:100350001305000067800000130000001300000078
:100360001305000067800000130000001300000068
:100370001305000067800000130000001300000058
:100380001305000067800000130000001300000048
:100390001305000067800000130000001300000038
:1003A0001305000067800000130000001300000028
:1003B0001305000067800000130000001300000018
:1003C0001305000067800000130000001300000008
:1003D00013050000678000001300000013000000F8
:1003E00013050000678000001300000013000000E8
:1003F00013050000678000001300000013000000D8
:1004000013050000678000001300000013000000C7
:1004100013050000678000001300000013000000B7
:1004200013050000678000001300000013000000A7
:100430001305000067800000130000001300000097
:100440001305000067800000130000001300000087
:100450001305000067800000130000001300000077
:100460001305000067800000130000001300000067
:100470001305000067800000130000001300000057
:100480001305000067800000130000001300000047
:100490001305000067800000130000001300000037
:1004A0001305000067800000170501001305D575CE
:1004B000EF4010796FF05FFF130101FC2320110062
:1004C0002322A1002324B1002326C1002328D10028
:1004D000232AE100232CF100232E01012320110304
:1004E0002322510223246102232671022328C103FF
:1004F000232AD103232CE103232EF103F3222034FA
:1005000013032000638862021303B0006388620053
:1005100013033000638862006F00C002EF00403EAA
:100520006F004003170501001305C569EF405071C6
:100530006F004002170501001305C563EF405070BE
:100540006F004001170501001305E569EF40506F8A
:100550006F004002F32210340383020013053000C1
:100560003373A3006314A3009382220093822200BA
:1005700073901234832001000325410083258100FC
:100580000326C1008326010103274101832781013E
:100590000328C1018328010283224102032381022F
:1005A0008323C102032E0103832E4103032F810302
:1005B000832FC10313010104730020307300203026
:1005C0003305A04023AEA1F41305F0FF67800000BF
:1005D00097070100938787651308500537070010B8
:1005E0002320070183C61700638006062320D70057
:1005F00083C22700638A02042320570003C3370005
:10060000630403042320670083C34700638E03024F
:100610002320770003C55700630805022320A700A5
:1006200083C56700638205022320B70003C67700F5
:1006300093878700630A06002320C70003C80700CA
:10064000E31008FA678000006780000013000000D4
:100650009307800523AEF1F41305F0FF67800000D7
:100660009307800523AEF1F41305F0FF67800000C7
:100670009307800523AEF1F41305F0FF67800000B7
:100680009307800523AEF1F41305F0FF67800000A7
:100690009307800523AEF1F41305F0FF6780000097
:1006A0001305F0FF67800000130000001300000036
:1006B0009307C00023AEF1F41305F0FF678000003C
:1006C000B707048023A0A700730050106F0000003C
:1006D0009307800523AEF1F41305F0FF6780000057
:1006E0009307B00023AEF1F41305F0FF678000001C
:1006F000B727000023A2F500130500006780000063
:100700009307800523AEF1F41305F0FF6780000026
:100710009307800523AEF1F41305F0FF6780000016
:10072000930780FA23AEF1F4130500006780000000
:100730001305100067800000130000001300000084
:10074000930780FA23AEF1F41305F0FF67800000F1
:100750001305F5FF13351500678000001300000036
:100760009307600123AEF1F41305F0FF67800000EA
:100770009307F00123AEF1F41305F0FF678000004A
:100780001305000067800000130000001300000044
:100790009307800523AEF1F41305F0FF6780000096
:1007A0001305F0FF67800000130000001300000035
:1007B0009307800523AEF1F41305F0FF6780000076
:1007C0001305000067800000130000001300000004
:1007D000B727000023A2F500130500006780000082
:1007E0001305F0FF678000001300000013000000F5
:1007F0001305F0FF678000001300000013000000E5
:100800009307200023AEF1F41305F0FF678000008A
:100810009307800523AEF1F41305F0FF6780000015
:100820009307A00023AEF1F41305F0FF67800000EA
:10083000130101FF23202101138981F4832709007B
:100840002324810023229100232611009384050094
:1008500013040600638A070213060400938504004C
:10086000172501001305856EEF0080598320C10014
:10087000130504000324810083244100032901009F
:100880001301010167800000B7C5010013063000A5
:1008900093850520172501001305456BEF0040499E
:1008A00093021000232059006FF01FFB130000007B
:1008B00023ACA1F2130500006780000013000000C4
:1008C000138781F3032307003305A3002320A70028
:1008D000637C250097F202009382C2726376550012
:1008E00013050300678000009307C0001303F0FFA7
:1008F00023AEF1F41305030067800000130000002D
:10090000130101FF232291002326110093071008F1
:100910009384050063CC170D9307F00263D6170389
:10092000938008FD9302100563E41202170301008F
:100930001303033293982000338768008323070052
:10094000B385630067800500930E1001638AD80F9A
:1009500093045005170701001307472DB70F001028
:1009600023A09F0083471700638E070423A0FF0086
:10097000834027006388000423A01F0083423700C0
:100980006382020423A05F0003434700630C030259
:1009900023A06F00834857006386080223A01F012D
:1009A000834367006380030223A07F0083457700B1
:1009B000638A05001307870023A0BF008344070054
:1009C000E39004FA8320C100832441001301010154
:1009D000678000008320C100130E800523AEC1F59F
:1009E0008324410013010101678000009300F0405F
:1009F000E3C010F79302F03F63D61203938808C058
:100A00001303F000E36613F5170701001307C73857
:100A1000939328003385E300832505003386E500A2
:100A200067000600130EC00AE38EC8F963461E0372
:100A3000130F9009E388E8F9930F900AE39AF8F10D
:100A4000130F80FA23AEE1F56FF0DFF737250000D2
:100A500023A2A4006FF01FF7930E600DE39AD8EF66
:100A600023ACA1F26FF01FF61308F00123AE01F5DD
:100A70006FF05FF59306200023AED1F46FF09FF482
:100A8000370404802320A400730050106F0000007E
:100A90009304600123AE91F46FF0DFF22320210173
:100AA000138981F42324810013040600032609001E
:100AB00063060602130604000324810003290100D3
:100AC0008320C10093850400832441001725010081
:100AD0001305C547130101016F008032B7C601003D
:100AE00013063000938506201725010013050546DF
:100AF000EF00002413081000232009016FF09FFB72
:100B00008327C500638807208328050163840820A4
:100B10000328050003469500032745018346480145
:100B2000B3E2C600A304550013F306026302031EDA
:100B3000B383E84093050001138F030063F475004D
:100B4000130F0001638AE81C338EE700834E0E000A
:100B5000930F1700130610002300D801232AF50174
:100B60006370761AB386F70183C206001303270069
:100B70009305200023005800232A650063F27518AE
:100B8000338E6700834E0E00130637009306300045
:100B90002300D801232AC50063F47616B382C70068
:100BA00003C3020093054700130E400023006800B2
:100BB000232AB50063767E14B38EB70083C60E0079
:100BC00013065700930250002300D800232AC500C3
:100BD00063F872123383C70083450300930E6700E6
:100BE000130E60002300B800232AD501637A7E101B
:100BF000B386D70183C20600130677001303700083
:100C000023005800232AC500637C730EB385C700F8
:100C100083CE050093068700130E80002300D801C1
:100C2000232AD500637E7E0CB382D70003C3020063
:100C3000130697009305900023006800232AC5003F
:100C400063F0750CB38EC70083C60E009302A70035
:100C5000130EA0002300D800232A550063727E0AD9
:100C600033835700834503001306B700930EB0008B
:100C70002300B800232AC50063F47E08B386C700AA
:100C800083C206001303C700130EC00023005800E0
:100C9000232A650063767E06B385670083CE050050
:100CA0001306D7009306D0002300D801232AC500DD
:100CB00063F87604B382C70003C302009305E7001C
:100CC000130EE00023006800232AB500637A7E0239
:100CD000B38EB70083C60E001306F7009302F00030
:100CE0002300D800232AC50063FC7200B387C70025
:100CF00003C307001307070123006800232AE50048
:100D000093050000638403009305FFFF3387F5011B
:100D10006384E800678000008348480023280500BA
:100D200013F5D80F2302A80067800000130000000D
:100D3000130101FE232A910083240500232C810046
:100D40002328210123263101232E110023820400B0
:100D500023840400930770FC2384F4002388040098
:100D60002322B5001304050013890500930906002A
:100D7000930600001386050037D512139305000073
:100D8000EF308011B7028000637455029350F50074
:100D9000130700F82386E40013F3F00F13557500D2
:100DA000238264009373F50F23807400238604006C
:100DB0002386340123043401A304040097050000B2
:100DC000938545D4232224018320C10123280400D4
:100DD00023260400232A0400232E0400232C0400CD
:100DE000232204022320B40203248101832441012D
:100DF000032901018329C10013010102678000005A
:100E0000130101FF23260100638C0522630A0622D9
:100E1000032505003386C5009307100303474501EA
:100E2000232601008326C1009372F70F63E2D70ADD
:100E30000323C10093031300232671000328C1007C
:100E400063E807098328C100138E18002326C10117
:100E5000832EC10063EED707032FC100930F1F003D
:100E60002326F1010327C10063E4E7068326C100BE
:100E700013831600232661008323C10063EA7704ED
:100E80000328C1009308180023261101032EC10076
:100E900063E0C705832EC100138F1E002326E101E6
:100EA000832FC10063E6F7030327C10093061700F1
:100EB0002326D1000323C10063EC67008323C10014
:100EC00013881300232601018328C100E3F217F7DA
:100ED00093F20202E38402F423260100032EC100F0
:100EE00063E2C70B832EC100138F1E002326E1018E
:100EF000832FC10063E8F7090327C1009306170099
:100F00002326D1000323C10063EE67068323C100BB
:100F100013881300232601018328C10063E4170707
:100F20008322C100138E12002326C101832EC1002B
:100F300063EAD705032FC100930F1F002326F10199
:100F40000327C10063E0E7048326C1001383160072
:100F5000232661008323C10063E677020328C100D2
:100F600093081800232611018322C10063EC570067
:100F7000032EC100930E1E002326D101032FC100B2
:100F8000E3F2E7F783CF05002300F50123260100F4
:100F90000327C10063E2E70A8326C100138316001A
:100FA000232661008323C10063E877080328C1007A
:100FB00093081800232611018322C10063EE57060F
:100FC000032EC100930E1E002326D101032FC10062
:100FD00063E4E707832FC10013871F002326E10086
:100FE0008326C10063EAD7040323C10093031300DF
:100FF000232671000328C10063E007058328C10090
:101000009382180023265100032EC10063E6C70314
:10101000832EC100138F1E002326E101832FC10000
:1010200063ECF7010327C100930617002326D100C4
:101030000323C100E3F267F693851500E390C5DE54
:10104000130101016780000013000000130000007D
:101050006388050E03C605006304060E832705009A
:10106000130101FF9386150003C747019372F70F21
:10107000A30751000343F100937303026396030A2D
:1010800003C547019375F50FA307B1000348F100AD
:1010900093780802639A080803CE4701937EFE0FF7
:1010A000A307D101034FF100937F0F02639E0F0648
:1010B00003C747019372F70FA30751000343F100E1
:1010C000937303026392030603C547019375F50FFB
:1010D000A307B1000348F10093780802639608045F
:1010E00003CE4701937EFE0FA307D101034FF1000A
:1010F000937F0F02639A0F0203C747019372F70FA2
:10110000A30751000343F10093730302639E03009E
:1011100003C547019375F50FA307B1000348F1001C
:1011200093780802E38208F4938616002380C700B0
:1011300003C6F6FFE31A06F21301010167800000FF
:10114000678000001300000013000000130000007F
:10115000630C0602638A0502032705009706000058
:101160009386469A2326B500834747002328C50067
:10117000232A05002320D50293E2270023025700EB
:10118000732340F16304030067800000B723000C61
:1011900017260100130686DB83A503003305C5402F
:1011A0001338150093081000339E0801B36EBE007B
:1011B00023A0D3016780000013000000130000008B
:1011C00083270500034795008326050183C2470155
:1011D00033E3E200A304650093F3F20F6398060083
:1011E00013D5630013751500678000001305000018
:1011F00067800000130000001300000013000000CF
:101200009307050063800518630E06160327050083
:101210000345950083464701B3E2A600A384570027
:1012200013F31600630003169373360013050000D2
:10123000638C0308130810006380030793082000E1
:101240006386130303470700130510002380E5009E
:1012500003A7070003CE9700834E470133EFCE016B
:10126000A384E70193FF1E0063820F1283460700E9
:10127000B382A500130515002380D20003A7070041
:1012800003C397008343470133E86300A384070146
:1012900093F81300638C080E034E07003387A500F4
:1012A000130515002300C70103A7070083CE97008D
:1012B000034F4701B36FDF01A384F70193761F004B
:1012C0006386060C6306A60C83420700B383A50061
:1012D000130515002380530003A8070003CE9700D1
:1012E0003383A5000347480193080500B36EC70187
:1012F000A384D701137F1700630A0F08834F0800E8
:1013000013051500B382A5002300F30183A3070092
:1013100083C6970003C343013368D300A384070146
:10132000137E130063040E0603C703001385280011
:10133000B38EA5002380E20003AF070083CF9700A0
:1013400083424F01B3E3F201A384770093F61200C6
:10135000638E060203430F001385380023806E005E
:1013600003A7070083C89700034E470133681E0197
:10137000A3840701937E1E00638A0E00E316A6F481
:101380006780000013050000678000006780000090
:10139000678000001300000013000000130000002D
:1013A000F32740F163960702B726000C17270100C8
:1013B0001307C7B903A60600B302E54013B3120032
:1013C0009303100033986300B368C80023A016018C
:1013D000370E0100930EFEFF638CD5010325050037
:1013E00093F5F500034F4500B36FBF002302F501ED
:1013F00067800000130000001300000013000000CD
:10140000638E05029307000C63EAC70203270500F9
:10141000232EB5008342870013F3F203B363C300A6
:1014200093F5F30F2304B7000346470093661600B5
:101430002302D700732840F163040800678000008E
:10144000B728000C972E0100938E4EB003AE080013
:101450003305D541133F1500930F1000B397EF01EB
:1014600033E7C70123A0E8006780000013000000F5
:1014700063840502032705002320B5022326050007
:10148000834747002328050093E2270023025700E3
:10149000732340F16304030067800000B723000C4E
:1014A00097250100938585AA83A603003305B540DF
:1014B0001336150013081000B318C80033EED80017
:1014C00023A0C30167800000130000001300000088
:1014D00063800502032705002322B50283474700E6
:1014E00093E2870023025700732340F16304030053
:1014F00067800000B723000C97250100938505A5A0
:1015000083A603003305B5401336150013081000F9
:10151000B318C80033EED80023A0C30167800000D1
:10152000638805126306061283270500834695002B
:1015300003C74701B362D700A30455001373070222
:1015400063080310930300011305060063F4C3004E
:101550001305000103C8050093081000238007014C
:1015600063FAC80E03CE1500930E20002380C70136
:1015700063F2CE0E03CF2500930F30002380E701E6
:1015800063FACF0C83C63500130740002380D700D1
:101590006372C70C83C245001303500023805700B9
:1015A000637AC30A83C35500130860002380770061
:1015B0006372C80A83C86500130E70002380170188
:1015C000637ACE0883CE7500130F80002380D70185
:1015D0006372CF0883CF8500930690002380F701C4
:1015E00063FAC60683C295001307A0002380570044
:1015F0006372C70603C3A5009303B000238067008E
:1016000063FAC30403C8B5009308C0002380070130
:1016100063F2C80403CEC500930ED0002380C70137
:1016200063FACE0203CFD500930FE0002380E701D9
:1016300063F2CF0283C6E5009302F0002380D70057
:1016400063FAC20083C5F5002380B70067800000FD
:101650001305000067800000130000001300000065
:10166000832705000347950083C24701A3040500B3
:1016700033E5E2001375E509678000001300000000
:101680008327050003C58701678000001300000061
:1016900003270500834795008342470133E3F200A7
:1016A000A304650013F50206678000001300000024
:1016B000032705008347C70093E20704230657006A
:1016C00067800000130000001300000013000000FA
:1016D000032705008347C70093F2F70B2306570043
:1016E0006780000000000000000000000000000013
:1016F000130101F923229106232C4105832447007D
:10170000032A0700232EB103938D060033089A02A3
:101710002322910523261106232481062320210755
:1017200023267105232481052320A105232E3105BD
:1017300023286105B38CCD02931028009306100076
:10174000930B06001304050013890500138C070092
:10175000330D1500939C2C006388D434330BCA02DC
:1017600093078700232A51052326F100939924002B
:10177000930A05000327C1009305090013850A0099
:1017800093070C0093860D0013060B00EFF05FF635
:10179000B38A3A01330999010327C10093070C006A
:1017A00093860D0013060B0013850A0093050900AC
:1017B00063025D11EFF0DFF3B38A3A013309990157
:1017C0000327C10093070C0093860D0013060B003E
:1017D00013850A0093050900630E5D0DEFF05FF1BC
:1017E000B38A3A01330999010327C10093070C001A
:1017F00093860D0013060B0013850A00930509005C
:10180000630A5D0BEFF0DFEEB38A3A013309990109
:101810000327C10093070C0093860D0013060B00ED
:1018200013850A009305090063065D09EFF05FEC7C
:10183000B38A3A01330999010327C10093070C00C9
:1018400093860D0013060B0013850A00930509000B
:1018500063025D07EFF0DFE9B38A3A0133099901CA
:101860000327C10093070C0093860D0013060B009D
:1018700013850A0093050900630E5D03EFF05FE72F
:10188000B38A3A01330999010327C10093070C0079
:1018900093860D0013060B0013850A0093050900BB
:1018A000630A5D01B38A3A01EFF09FE433099901BD
:1018B000E3125DED93024000E30C5A46832A410592
:1018C000130740006342473993002000E3001A38B1
:1018D0001308300063100A7D139A2B00338E4403E3
:1018E0000328CC0013091000139B2400330CC801FB
:1018F000831C2C00E3922B7F33076401373A0000EE
:10190000B70901003306670193080800930BAAAAE0
:10191000B7400000138DF9FF03130400831D24005A
:10192000B30E7303B3857D03338F1E009356FF40C0
:101930002310D400338E15001359FE4023112401C7
:10194000031B070083122700330C7B03B38372034E
:10195000B30F1C0013D5FF402310A700B38713005B
:1019600013DAF740231147018319060003132600F9
:10197000B38D7903B3057303B38E1D0013DEFE40F0
:101980002310C601338F15009356FF402311D60054
:1019900003592700035B280083520700035C0800FB
:1019A00093130901931F0B0133E55300B3E78F0134
:1019B0000B2AF50083D9280003D30800939D060164
:1019C000B375AE01939E090133EEBD0033EF6E0097
:1019D0008B26EE010B09DA000B1BDA0083520400A0
:1019E000131C090193530C4193DF13403385F241DB
:1019F0002310A70083572400135A194113084800E5
:101A0000B38947412311370103532400835D040048
:101A10009388880093150301B3EEB5010B8E2E0158
:101A2000135F0B41B3069F0313190B01135B0941AD
:101A300093520E012310C40123115400035C0700CC
:101A400013064600130747009384F4FFB3039B0378
:101A5000B38F160013D5FF409317050113DA070162
:101A6000B3098A01231E36FF0353E7FF1304440022
:101A7000B38D130093D5FD40939E050113DE0E0137
:101A8000330FC341231FE6FF8356C7FF0359E7FF08
:101A9000338B4641B3022E01231E67FF231F57FEDF
:101AA000E39C04E66F00805BB30FAD40138ECFFF65
:101AB00093592E00938E190093F07E0013070500B2
:101AC0006382000C6382900A130520006382A008E1
:101AD000130B3000638260071303400063826004CD
:101AE000930250006382500293036000E39E704EA5
:101AF0008355090013074700231EB7FE035629002C
:101B000033099901231FC7FE835D090013074700AE
:101B1000231EB7FF0358290033099901231F07FF2C
:101B2000035F090013074700231EE7FF83582900BE
:101B300033099901231F17FF835F0900130747002B
:101B4000231EF7FF035E290033099901231FC7FFF6
:101B50008359090013074700231E37FF835E2900BE
:101B600033099901231FD7FF83500900130747004A
:101B7000231E17FE0355290033099901231FA7FED1
:101B80006306ED0A035B090033039901130707029B
:101B9000231067FF03592900B3029301B383920115
:101BA000231127FF83570300B385930133869501E3
:101BB0002312F7FE835D2300B3069601338F96014F
:101BC0002313B7FF03D8020033099F01231407FF33
:101BD00083D82200231517FF83DF03002316F7FFA6
:101BE00003DE23002317C7FF83D90500231837FF1F
:101BF00083DE25002319D7FF83500600231A17FE22
:101C000003552600231BA7FE03DB0600231C67FFEA
:101C100003D32600231D67FE83520F00231E57FEA9
:101C200083532F00231F77FEE31EEDF4130D4000B6
:101C3000E318AAC9130A0000930C0000130C00005B
:101C4000930F10006F00102B1309500063142A45E6
:101C5000B3859B02232A5105832ACC009397240045
:101C6000330FF400B30EFF00338EFE003309FE0085
:101C700013962500B386CA00B38DC60003980D00E5
:101C800083982D008390060023260101232811014B
:101C9000839926006352903C130B1000E3986B5F0E
:101CA000138B0A00938C0A00138C0A00938B0A0092
:101CB000B7080100832A0101B72200001383F8FF4F
:101CC000130D0800232A0100138A9299B7470000D8
:101CD000232C6100232E9100831404000317240099
:101CE000B3854403330647033388F5009356F84021
:101CF0002310D400B303F60093DDF3402311B401A5
:101D0000831F0F0003152F00B3824F03B308450351
:101D10003383F2009354F34023109F003387F8007D
:101D20009355F7402311BF0003960E0003982E0031
:101D3000B3064603B3034803B38DF60093DFFD40BB
:101D40002390FE013385F3009352F54023915E000A
:101D500083180E0003132E00B38448033307430394
:101D6000B385F40013D6F5402310CE003308F700F6
:101D70009356F8402311DE0083130900831D2900C8
:101D8000B38F430333854D03B382FF0013D3F24077
:101D900023106900B308F50093D4F840231199008B
:101DA00003572F0003562B0003580F0083550B00D9
:101DB0009316070193130601B3ED0601B3EFB300C9
:101DC0008BA2FD0183D82E0003D72B0003D50E0074
:101DD00003D80B009395080113160701B3E6A5007D
:101DE000B36306018BAF7600835D2E0083582C0011
:101DF00003570E0003550C0013980D0113960801AC
:101E0000B365E800B366A6008BA3D50083DD2C0084
:101E10000327810183D80C00939404013373E300FA
:101E200013950D0133E86400336615018B25C80056
:101E30000B87B2008B9DB2000B867F008B937F00D7
:101E4000035524008354040093120501B3EF92005C
:101E50008B86EF008B86C6001358074193950D01C2
:101E60001313060193DD0D41135606419318070124
:101E70002328B10113D70541B30D180293D20841AD
:101E800093D806012310D4002311140113530341E6
:101E9000939F030193D303412326710093DF0F41E6
:101EA000B305A603B388FD0093DDF840B386F500C3
:101EB00093D5F640B386B501B303A303B305D500AC
:101EC00093950501B38D1202B383F30093D6F340CB
:101ED000B38DFD0093D3FD40B3867600B38DD4005F
:101EE00093930D01B3885F0393D60301B3E5D50047
:101EF0008326C100B30D3703B388F80093D3F840AD
:101F0000B38DFD0093D8FD40B3831301B30D704032
:101F10008323010193980D01B3865603B38D3303D8
:101F2000B386F60093D3F640B38DFD0093D6FD4003
:101F3000B383D300939D030193D60D01B3E3D8007F
:101F40008B98750093DD080123101F012311BF0139
:101F50008B8675003306160293D506012310D9002F
:101F60002311B9003308A803B303F60093D8F34054
:101F700033031302B30DF80093D6FD403386D80027
:101F80003305C50013180501B382A203B305F3009E
:101F900093D3F5408325C100B30857033387F2007C
:101FA0001353F740B38D6300B384B401832D010153
:101FB0009396040113D606013365C800B38F3F031F
:101FC0003388F8009352F840B3833503B388FF0099
:101FD00013D7F8403383E24093140301B3865D03C3
:101FE0003386F300935FF6403388F6009352F8404F
:101FF000B3855F409393050193D8030133E3140144
:102000000B076500935407012390EE0023919E0077
:102010000B15650083264101832FC101935D0501E6
:10202000138616002310AE002311BE01232AC1001F
:1020300013044400130F4F00938E4E00130E4E00F6
:1020400013094900130B4B00938B8B00130CCC002E
:10205000938C0C01E392CFC8832A41058320C106EB
:102060000324810683244106032901068329C1052F
:10207000032A8105032B0105832BC104032C810452
:10208000832C4104032D0104832DC1031301010797
:1020900067800000931C2A0013850C0003290C00A4
:1020A0008329CC00EF20402C631405006F104017EB
:1020B0006350907093001000E39E145A635A406F6F
:1020C000938ECCFF93D82E00378B0000130EFBFFAE
:1020D000370F010093F71800B3434E0313080400B1
:1020E000130C0500B38CAC0093060400B74000004D
:1020F000130DFFFF63940704831D040003172400DE
:10210000130C450093064400B3857D02B3027702A9
:10211000B38F150013D3FF4013160301935E06011E
:10212000B3F8AE01B387120013DBF740131E0B01A7
:1021300033EFC8012320E50163009C09839D06005D
:10214000839546008392260033877D02839F660035
:10215000130C8C00938686003383750233061700B8
:10216000935EF64093980E0193D7080133FBA701C5
:10217000338E7202330F1300935DFF4093950D0170
:1021800093D2050133F3A201B38F7F0233071E0000
:102190001356F740931E0601B368DB01232C1CFF86
:1021A000B3871F0013DBF740131E0B01336FC3010E
:1021B000232EECFFE3149CF9035E0500835E2500EB
:1021C000930310002310C4012311D40163027A5E2B
:1021D000930500009308000013034500B30C9A40D8
:1021E00093F03C009306030013860400930700005D
:1021F00063840010130D10006386A00B130C2000E5
:10220000638A80059387050063C42501B387254150
:1022100093962700B38DD9008352240003D62D0056
:10222000835F040003DB0D0013970201131F0601F7
:10223000B363F701832C0300B3606F018BB31C0001
:1022400013DD0301231074002311A401138614006D
:1022500093064300B387B70063C42701B3872741C0
:10226000139C2700B38D8901835F240003DB2D00BD
:102270008353040083D20D0013970F01131F0B012A
:10228000B36C770083A00600336D5F008BBCA001A8
:1022900013DC0C0123109401231184011306160092
:1022A00093864600B387B70063C42701B3872741ED
:1022B000939D2700B38FB901035B240003DF2F0038
:1022C0008353040083D20F0013170B01931C0F01DB
:1022D00003AD0600B360770033EC5C008B308D01FA
:1022E00093DD0001231014002311B401130616001E
:1022F00093864600630CCA12B387B70063C42701F4
:10230000B3872741939F2700338BF901035724009C
:10231000035F2B008353040083520B00931C0701BF
:1023200093100F0103AC060033ED7C00B3ED5000B9
:102330000B3DBC01935F0D012310A4012311F40197
:10234000B387B700938646001306160063C42701BF
:10235000B3872741139B2700B382690103572400E9
:1023600003DF22008353040083DC02009310070183
:10237000131D0F0183AD060033EC7000B36F9D0198
:102380000BBCFD01135B0C012310840123116401BC
:10239000B387B70063C42701B3872741939227000F
:1023A000B38C59000357240003DF2C00835304002F
:1023B00083D00C00131D0701131C0F0183AF4600CF
:1023C000B36D7D00336B1C008BBD6F0193D20D018B
:1023D0002310B40123115400B387B70063C427014D
:1023E000B3872741939C2700B380990103572400AA
:1023F00003DF20008353040003DD0000131C0701EA
:10240000931D0F0183AF8600336B7C00B3E2AD01F7
:102410000BBB5F00935C0B0123106401231194013B
:10242000130636009386C600E318CAEC938818009A
:1024300013084800B3857501630C1A3713040800AC
:102440002310C8012311D8016FF05FD9939924009C
:10245000130D10008325CC00330634016394AB3B8D
:10246000B7020100374A00001388F2FF831F0400FF
:10247000831024009399EF00139DE000B383F9418A
:10248000B3071D40B38843013385470113D3F84098
:10249000935DF540231064002311B401031F06006F
:1024A000831E26009316EF001397EE00338EE6414D
:1024B0003309D741330B4E01B30B4901135CFB4089
:1024C00093DCFB40231086012311960183522400E4
:1024D00083DF25008350040083D90500139D02018A
:1024E000B3730C0193970C0193980F0133651D0092
:1024F00033E3F300B3ED38012B0F65D8AB1EEFF1DA
:1025000093560F012310E4012311D40013D70E01B9
:102510002310D6012311E6009384F4FF9385450030
:102520001306460013044400E39204F46FF01FB353
:10253000139E1B0013031000938F0400B3087E0149
:10254000E37C93B033073401939E3400B305370125
:1025500033863501138304009306040093070000BB
:102560009303000093020000938D4E0013080000B7
:10257000130F100003D526008350270003DD06004B
:10258000835C0700131B050193990001B36AAB013B
:1025900033E999015B852A2903DC2500835E260047
:1025A00003DA05008350060013150C01139D0E017C
:1025B000B36C4501336B1D005B956C395B25087965
:1025C0005BBCF778DBC9F7785BD9F778DBEEF77897
:1025D000935A0C01239156012390860113DA0901C5
:1025E000231037012311470193500901239025013E
:1025F0002391150013D50E012310D6012311A60037
:1026000003DD6600835C670003DB4600035C470074
:1026100093190D0113990C01B3825B00B3037E0083
:10262000B387F800B3EE6901B36A89015B855E295F
:10263000338AB601B380ED0003552A0003DD200084
:10264000835C0A0003DB0000131C050193190D01D4
:10265000B36E9C0133E969015B952E395B250879DE
:102660005BBAF778DBC0F7785BDDF7785BE5F77886
:10267000935A0A01239246012393560193DC0001E9
:102680002312170023139701135B0D012392A50159
:1026900023936501135C05012312A6002313860111
:1026A0001303E3FFB3825B00B3037E00B387F8003C
:1026B000938686001307870093858500130686009E
:1026C000E36A6FEA9384E4FF93FB140093DD140044
:1026D000E3840B9813881D00330A0E03832A4105F7
:1026E000131F38003304E401B3880803131C1A00D5
:1026F000939C180093942F00B30B9400035724006D
:1027000003D92B008355040083D70B0033869B002D
:1027100093160701931D0901330F960033E8B600A5
:10272000B3E8FD00DB0618A1035E260083592F00E5
:10273000835E060083500F00131B0E0113950901E1
:102740003363DB01B3621500DB1653C09303000053
:10275000DBA673C85BBD9CC95BCA9CC95BDC9CC91A
:10276000DBEC9CC9935F0D012310A4012311F4013C
:1027700013540A0123904B0123918B0093540C01B5
:10278000231086012311960093DB0C0123109F0177
:1027900023117F016FF09F8C03270101130B1B0096
:1027A00013044400B387770163126771832A4105DC
:1027B000032481068320C1068324410603290106E0
:1027C0008329C105032A8105032B0105832BC1043D
:1027D000032C8104832C4104032D0104832DC103A8
:1027E000130101076F10103983D705001307440048
:1027F000338995012310F40083D625002311D400DA
:102800006FF00FAFB7070100139A2B00B74200001B
:102810001388F7FF83130400831824001393E30045
:102820001395E80033077340B30D1541B306570005
:10283000338F5D0093DEF640135EFF402310D4011A
:102840002311C40103190600031B2600931BE90092
:10285000131CEB00B38C2B41B30F6C41B3805C00B5
:10286000B3895F0013DDF04093D3F9402310A60134
:10287000231176008357240083D8250003550400D4
:1028800003D30500939D0701337F0D0113970301C7
:10289000939E0801B3E6AD00336EEF0033E96E009E
:1028A0002B8BC691AB1B6BB1135C0B012310640126
:1028B0002311840193DC0B0123107601231196016F
:1028C0009384F4FFB38545011306460013044400C6
:1028D000E39204F46FF08FF833076401B73200001D
:1028E000B70F0100939B3B00330667019308080074
:1028F0009380A2AAB7490000138DFFFF8313040041
:10290000831724003385130233831702B30D350177
:1029100013DFFD402310E401B30E330193D6FE40D4
:102920002311D40083150700031E270033891502E5
:10293000330B1E02330C39019352FC402310570015
:10294000B30F3B0193D3FF40231177008317060099
:102950000315260033831702B30D1502330F33011D
:10296000935EFF402310D601B3863D0193D5F64018
:102970002311B600035E270003592800035B0700FC
:10298000035C080093120E01931F0901B3E3620177
:10299000B3E78F010BA5F30003D3280083DD080004
:1029A000139F0501B3FEAE0193150301B3E6EE01DB
:1029B00033EEB5010BA9C6010B0B25010B1C25013C
:1029C00083520400931F0B0193D30F4193D71340FD
:1029D0003385F2402310A70003532400935D1B416D
:1029E00033084801B30EB3412311D701035F24001C
:1029F00083550400B388780193160F0133EEB600B7
:102A00000B096E01135B0C41B3029B03131C0C01F9
:102A100093530C41935F0901231024012311F40106
:102A20000355070013064600130747009384F4FF7D
:102A3000B387930333833201935DF340939E0D017B
:102A400093D50E01338FA500231EE6FF8356E7FFC3
:102A500013044400338E37011359FE40131B090140
:102A600093520B01338C5640231F86FF8353C7FFBD
:102A7000835FE7FF3385B340B387F201231EA7FED0
:102A8000231FF7FEE39C04E66FF04FDD13951B0058
:102A900033037501B70F0100139C4B0093932B0078
:102AA000139D3B00B7220000131A2300938BFFFFF6
:102AB00023208103232C7100232EA1012322410313
:102AC000138C0A00938C0A00938D0A00232A0100BC
:102AD00093829299B7470000232471032326910221
:102AE0008314040003172400B385540233065702ED
:102AF000B386F50013D8F64023100401B308F6009E
:102B000013DBF8402311640103150F0003132F009A
:102B1000B3035502330D5302338AF300935FFA4037
:102B20002310FF01B30BFD0093D4FB4023119F0042
:102B300083950E0003972E00338655023308570203
:102B4000B306F60093D8F64023901E01330BF8002D
:102B50001355FB402391AE0003130E0083132E0088
:102B6000330D5302338A5302B30FFD0093DBFF4052
:102B700023107E01B304FA0093D5F4402311BE0064
:102B8000031709000316290033085702B30656023B
:102B9000B308F80013DBF840231069013385F60011
:102BA0009353F5402311790003532F0003DD2A00CE
:102BB000035A0F0083DF0A00931B030193140D01D6
:102BC000B3E54B0133E7F4018BA6E50003D62E00F5
:102BD00003D52D0083D80E0003D80D001313060172
:102BE000131D0501336A1301B36F0D018B2BFA011D
:102BF00083542E0083D52C0003570E0003D60C00FF
:102C000013950401939805013368E50033E3C80088
:102C10000B2D6800035A2C0083248102835F0C0073
:102C200093930301337B9B0093150A0133677B0069
:102C300033E6F5018B28C7000B8516018B9616012C
:102C40000B88AB018B9BAB01035D2400035B04008D
:102C500013130D01336A63018B0FAA008B850F01DB
:102C6000832FC100131708019358074113530841DC
:102C700013D70B4113980B0193DB0501231174014A
:102C8000B30BF303931405011355054193D304418A
:102C90002310B400935408411396060113560641BD
:102CA00093D60641330A1502B38FFB0093DBFF4036
:102CB000832FC100B305FA00B38FF80313D8F54092
:102CC000B30578013308BD00931B0801338A130252
:102CD000B38FFF00330AFA001358FA4013DAFF40AB
:102CE00033084801B30F0B01139A0F0113580A015F
:102CF00033EA0B01832B0101B305360333887403D8
:102D0000B385F50093DFF540B30BF80013D8FB4013
:102D1000B38F0F01B30BF041832F0101B38536034D
:102D200013980B01B30BF703B385F50093DFF54060
:102D3000B38BFB0093D5FB40B38FBF00939B0F0178
:102D400093D50B013368B8008B1F0A0193DB0F0189
:102D50002310FF0123117F010B0A0A01832FC100F9
:102D60003303130293550A01231049012311B900BB
:102D7000B383F303330AF3003305F5033383F3001E
:102D800083230101935FFA40B38818023308F500EA
:102D9000935BF8403385FB01935BF340330DAD004B
:102DA00093150D01B38676023388F800135AF84064
:102DB000B38F4B01330BFB0113150B01135D0501A1
:102DC000B3E5A50133073703338BF6001355FB40FA
:102DD00033067602B303F70093DFF340338DAF4041
:102DE000B3843403B308F60013D3F840B38BF40074
:102DF00013D6FB403308C34093140D01131A080186
:102E000093D8040133631A010B876500935B0701B4
:102E10002390EE0023917E018B95650003284101EC
:102E2000832681018323C101832F4102032B0102E9
:102E30000325C10213D60501130A18002310BE0092
:102E40002311CE00232A410113044400130F4F0025
:102E5000938E4E00130E4E0013094900B38ADA0018
:102E6000B38D7D00B38CFC01330C6C01E31A45C7B4
:102E70006FF08F9E232A5105B38A9B02378D000085
:102E80001308FDFF370C0100939E2400B388AC00AB
:102E900093070000130B000023260101374E0000AA
:102EA0009303FCFF130F450013870400E358408F82
:102EB000B384A8400323C1001386C4FF935F260098
:102EC00093FD1F00B34C430393050500130D04004D
:102ED00063940D04831604008312240093054500B7
:102EE000330DD401B380960333889203338CC00131
:102EF0009354FC4013960401935F0601B3FD7F00D9
:102F00003303C8019356F34093920601B3E05D008A
:102F100023201500638A1507031C0D0083142D0060
:102F20003308DD0133069C03831D0800831F28003E
:102F3000330DD8019385850033839403B306C6010E
:102F400093D2F640B3F0720033889D03330CC30173
:102F50009354FC40939D040133E6B00123ACC5FEBD
:102F6000B38F9F033303C8019356F340B3F2760047
:102F7000B380CF0113D8F040131C0801B3E48201E1
:102F800023AE95FEE39A15F983540500835225007C
:102F9000930C100023109400231154001306040016
:102FA000630E9AFF1388070013030400930F0000B9
:102FB0002328E100130C100033078A41137D3700EA
:102FC00093050F001307000063020D1063068D0BBD
:102FD000930D2000630ABD05130708006344280110
:102FE0003307284193152700B380B90003DD200083
:102FF0008356260003DC0000835C0600939D0601D7
:1030000093150D01B3E09D0183260F0033ED85017B
:103010008BB0A60193DC000123101600231196014A
:10302000130C200093054F00330707016344270169
:1030300033072741931D2700B380B901835626002B
:1030400083DC2000835D060003DD0000939C0C01FF
:1030500093900601B3E6B00133EDAC0183AD0500FA
:103060008BB6AD0193D006012310D60023111600B4
:10307000130C1C00938545003307070163442701A7
:1030800033072741931C2700338D990183502D006E
:1030900083562600835D0600035D0D00939C0001AE
:1030A00093960601B3E0B60133EDAC0183AD0500A4
:1030B0008BB0AD0193D60001231016002311D6006A
:1030C000130C1C0093854500630C8A13330707011A
:1030D0006344270133072741931C2700B3809901DC
:1030E0008356260003DD2000835C060083DD00009C
:1030F000131D0D0193900601B3E69001B36DBD0160
:1031000083AC05008BB6BC0193D006012310D6001A
:10311000231116003307070193854500930C1C000B
:103120006344270133072741131C2700B38D89010E
:1031300083D02D0083562600035D060083DD0D003D
:10314000139C000193960601B3E0A601B36DBC0188
:1031500003AD05008B30BD0193D60001231016008E
:103160002311D600330707016344270133072741A2
:10317000131C2700B38089018356260003DC20003E
:10318000035D060083DD0000131C0C019390060113
:10319000B3E6A001B36DBC0103AD45008B36BD01A4
:1031A00093D006012310D600231116003307070120
:1031B0006344270133072741131C2700B38D89017E
:1031C00083D02D0083562600035D060083DD0D00AD
:1031D000139C000193960601B3E0A601B36DBC01F8
:1031E00003AD85008B30BD0193D60001231016007E
:1031F0002311D600138C3C009385C500E3188AED9B
:10320000938F1F003303D301330858016306FAD9A3
:103210001306030023109300231153006FF09FD96E
:103220001704010003244440832B0400130670019B
:103230009305100083A6CB0017F500001305054A7F
:10324000EF10106A03250400930510001306900187
:103250008326C50017F500001305C549EF10506817
:10326000032A0400032481068320C1068325CA00A3
:1032700083244106032901068329C105032A810508
:10328000032B0105832BC104032C8104832C4104EF
:10329000032D0104832DC1031305A00013010107B1
:1032A0006F10104513000000130000001300000011
:1032B000130101FE232C810093073500232E1100FA
:1032C00013040500139527006380060663020604B5
:1032D00083A0060063EEA00223A0A600130506004B
:1032E0008320C1012320850003248101970201006E
:1032F00083A2423317030100032343332322B50083
:103300002326550023246500130101026780000075
:1033100023A0A600130500008320C101032481011E
:1033200013010102678000002326B100EF10C003E3
:103330008325C100E31605FA130500006FF0DFFDD9
:1033400003260500635CC01A937676008327C500C8
:10335000130700006380060E93051000638CB60A05
:1033600093022000638A56081303300063886606C0
:103370009303400063867604130550006384A6021D
:10338000130860006394061983DF270083D50700C4
:1033900093960F01B3E2B6000B50570013071700C6
:1033A0009387470003D3270083D307001315030136
:1033B000336875000B500701130717009387470008
:1033C00083D8270003DE0700939E080133EFCE0168
:1033D0000B50E701130717009387470083DF27008F
:1033E00083D5070093960F01B3E2B6000B50570048
:1033F000130717009387470003D3270083D30700E1
:1034000013150301336875000B50070113071700EC
:103410009387470083D8270003DE0700939E0801A7
:1034200033EFCE010B50E7011307170093874700D6
:103430006306E60C83DF270083D5070093960F0110
:10344000B3E2B6000B50570003D3670083D34700A5
:103450001305170013180301B36878000B5015010A
:1034600003DEA70083DE8700130F2700931F0E01E2
:10347000B3E5DF010B50BF0083D6E70083D2C7005E
:10348000130337009393060133E553000B50A30059
:1034900003D8270183D80701130E4700931E0801A4
:1034A00033EF1E010B50EE0183DF670183D247012A
:1034B0009305570093960F0133E356000BD0650038
:1034C00083D3A70103D587011308670093980301ED
:1034D00033EEA8000B50C80183DEE70103DFC7010C
:1034E000930F770093920E01B3E5E2010BD0BF007A
:1034F0001307870093870702E31EE6F213063000E6
:10350000130700000B60E6006780000083D82700E7
:1035100003DE0700939E080133EFCE010B50E70155
:1035200013071000938747006FF01FE61300000099
:10353000130101FE232C8100232E1100130405002A
:103540006382C502032784009307040003248101DA
:103550008320C101130506001306100013010102A8
:103560006FE00F99232A9100938405006388050674
:1035700003250500232821012326310113152500E9
:1035800013890600EF00505E930905006308050AE1
:103590000327840093070400930609009385040021
:1035A00013061000EFE0CF94032604009385090072
:1035B0001385040013162600EF20807E032481016A
:1035C00083244101032901018320C10113850900DE
:1035D0008329C100130101026F00D0599704010033
:1035E00083A4840483A004001306700193051000D3
:1035F00083A6C00017F5000013058511EF10502EAB
:1036000083A30400930510001306100183A6C300D2
:1036100017F5000013054511EF10902C83A5040049
:10362000832441011305A00083A5C5000324810163
:103630008320C101130101026F10900B17040100D8
:10364000032484FE832704001306700193051000F1
:1036500083A6C70017F500001305450EEF1050288C
:1036600083220400930510001306800183A6C20084
:1036700017F500001305050EEF1090260323040034
:1036800083244101032901018325C3008329C1004B
:103690001305A0006FF09FF9130000001300000055
:1036A000130101FF232481002326110013040500C8
:1036B0006384C50203278400930704000324810068
:1036C0008320C100130506009306100013061000A6
:1036D000130101016FE0CF81232291009384050043
:1036E000638205060325050023202101131525000B
:1036F000EF009047130905006306050A03278400BD
:10370000930704009385040093061000130610002D
:10371000EFD01FFE03260400930509001385040063
:1037200013162600EF20C067032481008324410084
:103730008320C100130509000329010013010101C1
:103740006F0050439704010083A404EE83A004009B
:10375000130670019305100083A6C00017F5000042
:10376000130505FBEF10D01783A304009305100089
:103770001306100183A6C30017F500001305C5FA50
:10378000EF10101683A50400832441001305A00048
:1037900083A5C500032481008320C100130101011A
:1037A0006F10007517040100032404E88327040048
:1037B000130670019305100083A6C70017F50000DB
:1037C0001305C5F7EF10D0118322040093051000F4
:1037D0001306800183A6C20017F50000130585F7C4
:1037E000EF1010100323040083244100032901007B
:1037F0008325C3001305A0006FF0DFF9130000005C
:103800006780000013000000130000001300000098
:10381000937715009306300013075000130810002B
:10382000639407189307050013D6F701B302F60057
:1038300093D7124013D3F70193F51700B303F300A6
:103840006394050893D7134093D8F70193FE1700AC
:10385000338EF800639A0E0693571E4013DFF7016C
:1038600013F61700B30FFF006310060693D71F402F
:1038700093D2F70193F317003383F20063960304A6
:103880009357134093D5F70113FE1700B388F50043
:10389000631C0E0293D7184093DEF70193FF1700C5
:1038A000338FFE0063920F0293571F4013D6F70128
:1038B00013F31700B302F6006318030093D7124006
:1038C00093F31700E38203F6B3E5D702639205068C
:1038D000B3C7D702B3E8D702639C0804B3C7D702C3
:1038E00033EED70263160E04B3C7D702B3EED70286
:1038F00063900E04B3C7D70233EFD702631A0F02E7
:10390000B3C7D702B3EFD70263940F02B3C7D7028E
:1039100033E6D702631E0600B3C7D702B3E2D7026D
:1039200063980200B3C7D70233E3D702E30203FA76
:10393000B3E3E70263920306B3C7E702B3E5E70226
:10394000639C0504B3C7E702B3E8E7026396080483
:10395000B3C7E70233EEE70263100E04B3C7E70212
:10396000B3EEE702639A0E02B3C7E70233EFE70252
:1039700063140F02B3C7E702B3EFE702639E0F00C1
:10398000B3C7E70233E6E70263180600B3C7E702EE
:10399000B3E2E702E38202FA635CF8001305150064
:1039A00093771500E38007E8930705006FF0DFF1D8
:1039B0006780000000000000000000001308000005
:1039C00063C6051263DC0600B337C000B306D040FF
:1039D0001348F8FFB386F6403306C040930806004C
:1039E0001307050013830500639A060E63F4C516DA
:1039F000B70701006364F622B70700019306800150
:103A00006374F60093060001B7270180335ED60089
:103A10009387C776B387C70183C70700130E0002D9
:103A2000B387D700B306FE40630CFE003393D50086
:103A3000B357F500B318D60033E367003317D5004A
:103A400013D608013355C3029396080193D6060195
:103A5000935707013373C302B385A60213130301FF
:103A6000B3E7670063FCB700B387F8001303F5FF03
:103A700063E4170163E6B74013050300B387B7405B
:103A8000B3D5C7021317070113570701B3F7C702CE
:103A9000B386B602939707013367F700637ED700BA
:103AA0003387E8009387F5FF636617019385E5FF89
:103AB0006364D70093850700131505013365B500CE
:103AC00093050000630A0800B337A000B305B040B7
:103AD000B385F5403305A0406780000063F4D5024C
:103AE00093050000130500006FF0DFFDB337A00061
:103AF000B305B040B385F5403305A0401308F0FF8F
:103B00006FF05FECB707010063E8F61EB70700012E
:103B10009308800163F4F60093080001B727018041
:103B200033D716019387C776B387E70003C707002B
:103B30009307000233071701B388E7406396E71C39
:103B400063E4B6303335C500133515009305000026
:103B50006FF05FF7630C060CB7070100637CF62C6F
:103B6000133306101333130013133300B3566600D8
:103B7000B72701809387C776B387D70083C607002E
:103B800093070002B3866600B38ED7406394D70CC8
:103B9000B386C540135306011316060113560601DA
:103BA0009305100033D5660293570701B3F66602FA
:103BB000330EC50293960601B3E7D70063FCC70135
:103BC000B387F8009306F5FF63E4170163E4C72B9E
:103BD00013850600B387C741B3D6670213170701E1
:103BE00013570701B3F767023386C602939707019D
:103BF0003367F700637EC7003387E8009387F6FFDB
:103C0000636617019386E6FF6364C7009386070027
:103C1000131505013365D5006FF0DFEA9336061002
:103C200093B61600939636006FF01FDEB72701801B
:103C3000930600009387C776B387D70083C6070033
:103C40001303000093070002B3866600B38ED740CB
:103C5000E380D7F4B318D60133DED50013D30801BF
:103C6000B3576E021396080113560601B356D500DA
:103C70003317D501B395D501B3E6B60093D5060148
:103C8000337E6E023305F602131E0E01B3E5C50145
:103C900063FEA500B385B800138EF7FF63E4151D1E
:103CA00063F2A51C9387E7FFB3851501B385A54093
:103CB00033D565029396060193D60601B3F56502E6
:103CC000330EA60293950501B3E6B60063FEC60166
:103CD000B386D8009305F5FF63EE161763FCC6178D
:103CE0001305E5FFB386160193950701B386C64118
:103CF000B3E5A5006FF01FEB93B8061093B818005A
:103D0000939838006FF09FE1B35EE600B39616011A
:103D1000B3EEDE0033D3E50013DF0E01B357E30348
:103D2000139E0E01B3951501135E0E013357E50086
:103D30003367B70093560701331616013373E30355
:103D4000B305FE0213130301B3E6660063FEB6007B
:103D5000B386DE001383F7FF63EAD61163F8B6106B
:103D60009387E7FFB386D601B386B640B3D5E603A3
:103D70001317070113570701B3F6E6033303BE0217
:103D8000939606013367D700637E67003387EE00A2
:103D90009386F5FF6364D70D6372670C9385E5FF27
:103DA0003307D70193970701370F0100B3E7B70037
:103DB0009306FFFFB3F5D70013DE0701B376D600F5
:103DC00013560601B38ED50233076740B306DE02F1
:103DD00013D30E01B385C502B385D500B305B30077
:103DE000330ECE0263F4D500330EEE0193D60501F7
:103DF000B386C601636AD7026308D700138507003C
:103E0000930500006FF01FCCB70601009386F6FF04
:103E100033F7D50013170701B3FEDE003315150184
:103E20003307D701E37CE5FC1385F7FF930500001A
:103E30006FF05FC9B7070001637AF6049356060175
:103E4000130300016FF0DFD293050000130510008B
:103E50006FF05FC7138505006FF01FE993850600BB
:103E60006FF05FF493070E006FF05FE493070300B9
:103E70006FF09FEF1305E5FFB38717016FF09FD534
:103E80001305E5FFB38717016FF05FBF93568601F7
:103E9000130380016FF0DFCD1308060093080500BF
:103EA000138705006390060E63FEC512B707010075
:103EB000636EF61EB7070001930680016374F60077
:103EC00093060001B72701803353D6009387C77646
:103ED000B387670083C7070013030002B387D700C7
:103EE000B306F340630CF3003397D500B357F500E6
:103EF0003318D60033E7E700B318D500135608018E
:103F00003355C7029316080193D6060193D70801CB
:103F10003377C702B385A60213170701B3E7E7009B
:103F200063FCB700B307F8001307F5FF63E407016C
:103F300063E0B73E13050700B387B74033D7C70226
:103F40009398080193D80801B3F7C702B386E60235
:103F500093970701B3E8F80063FED800B30818018F
:103F60009307F7FF63E608011307E7FF63E4D80050
:103F700013870700131505013365E500930500005D
:103F80006780000063F8D50093050000130500006A
:103F900067800000B707010063E8F61EB70700015D
:103FA0001308800163F4F60013080001B7270180AD
:103FB00033D706019387C776B387E70003C70700A7
:103FC00093070002330707013388E7406396E71C35
:103FD00063E4B6303335C500133515009305000092
:103FE00067800000630C060CB7070100637CF62CA9
:103FF000133706101337170013173700B356E600B0
:10400000B72701809387C776B387D70083C7070098
:1040100093060002B387E700B38EF6406394F60C74
:10402000B387C540935606011316060113560601C1
:104030009305100033D5D70213D70801B3F7D70281
:104040003303C50293970701B367F70063FC67006A
:10405000B307F8001307F5FF63E4070163E4672A79
:1040600013050700B387674033D7D7029398080139
:1040700093D80801B3F7D7023306C7029397070115
:10408000B3E8F80063FEC800B30818019307F7FF10
:1040900063E608011307E7FF63E4C800138707001E
:1040A000131505013365E50067800000933606109F
:1040B00093B61600939636006FF0DFE0B7270180C5
:1040C000930600009387C776B387D70083C707009E
:1040D0001307000093060002B387E700B38EF64093
:1040E000E380F6F43318D60133D3F5009356080174
:1040F000335ED30213160801B395D501135606019A
:10410000B357F500B3E7B70013D70701B318D501CC
:104110003373D302B305C603131303013367670078
:10412000637EB7003307E8001305FEFF6364071DD5
:104130006372B71C130EEEFF330707013307B74056
:104140003355D7029397070193D707013377D702E7
:104150003303A60213170701B3E7E70063FE670006
:10416000B307F8001307F5FF63EE071763FC671644
:104170001305E5FFB387070193150E01B387674069
:10418000B3E5A5006FF01FEB13B806101338180045
:10419000131838006FF09FE1335EE600B396060116
:1041A000336EDE00B3D8E500935E0E01B3D7D803BB
:1041B00013130E01B3950501135303013357E500A3
:1041C0003367B7009356070133160601B3F8D803D7
:1041D000B305F30293980801B3E6160163FEB60037
:1041E000B306DE009388F7FF63EAC61163F8B610E2
:1041F0009387E7FFB386C601B386B640B3D5D6032F
:104200001317070113570701B3F6D603B308B30218
:10421000939606013367D700637E17013307EE00DC
:104220009386F5FF6364C70D6372170D9385E5FFF1
:104230003307C70193970701B70E0100B3E7B70033
:104240009386FEFFB3F5D70013D30701B376D600EC
:1042500013560601338ED50233071741B306D30236
:1042600093580E01B385C502B385D500B385B80058
:104270003303C30263F4D5003303D30193D605019E
:10428000B3866600636AD7026308D7001385070008
:104290009305000067800000B70601009386F6FFD3
:1042A00033F7D50013170701337EDE003315050100
:1042B0003307C701E37CE5FC1385F7FF9305000096
:1042C00067800000B7070001637AF6049356060181
:1042D000130700016FF0DFD29305000013051000F3
:1042E00067800000130507006FF01FE99385060043
:1042F0006FF05FF4130E05006FF05FE49387080022
:104300006FF09FEF1305E5FFB38707016FF09FD5AF
:104310001305E5FFB38707016FF01FC293568601AF
:10432000130780016FF0DFCD9305050093060000B1
:1043300013060000130500006F109049130101FFE0
:104340009305000023248100232611001304050097
:10435000EF10905183A781F563840700E780070081
:1043600013050400EFC0CFB59305050003A541F484
:104370006F0000019305050003A541F46F109075CF
:10438000130101FD232E3101232611022324810272
:1043900023229102232021039387B5001307600194
:1043A000930905006360F7089307000163E0B720F5
:1043B000EF0000789307800193052000930400012B
:1043C00013898182B307F90003A44700138787FF8D
:1043D0006300E434832744008326C400032684005A
:1043E00093F7C7FFB307F40003A747002326D600BF
:1043F00023A4C600136717001385090023A2E70052
:10440000EF004073130584008320C102032481025E
:1044100083244102032901028329C10113010103FD
:104420006780000093F487FF63C2071863E0B41845
:10443000EF0000709307701F63F6973E93D79400C8
:10444000638E071613074000636CF73293D764003E
:104450009385970313888703139635001389818208
:104460003306C90003244600130686FF630886024C
:104470001305F0006F0040018326C400635607282F
:10448000630ED600138406008327440093F7C7FF0A
:1044900033879740E352E5FE9305080003240901A2
:1044A00093088900630E1425832744009306F000C7
:1044B00093F7C7FF3387974063CCE636232A190169
:1044C00023281901635007341307F01F03254900FF
:1044D0006368F72413F787FF130787003307E900A2
:1044E0008326070013D6570093071000B397C70021
:1044F0003365F500930787FF2326F4002324D400B7
:104500002322A9002320870023A6860093D72540D5
:10451000130610003316F600636AC50AB377A600C7
:10452000639407021316160093F5C5FFB377A60030
:1045300093854500639A070013161600B377A6000B
:1045400093854500E38A07FE1308F00013933500B6
:1045500033036900130503008327C500138E05008C
:104560006302F52403A747001384070083A7C7004D
:104570001377C7FFB30697406342D824E3C206FE11
:104580003307E400832647000326840013850900CF
:1045900093E616002322D7002326F60023A4C700A3
:1045A000EF004059130584006FF01FE69307C00029
:1045B00023A0F900130500006FF01FE5130600208B
:1045C000930500041308F0036FF05FE903248900EA
:1045D000232861018327440013FBC7FF63689B0006
:1045E00033079B409307F00063CAE70C2322910135
:1045F000232A510103A7C1F383AA41F5232C4101CA
:10460000232671019307F0FF330A6401B38A540132
:104610006306F73CB71700009387F700B38AFA00E8
:10462000B7F7FFFFB3FAFA0093850A001385090074
:10463000EF10804D9307F0FF930B0500630AF544DC
:1046400023248101636E4523138C81F683250C009E
:10465000B385BA002320BC00138705006316AA2A7D
:10466000931745016392072A832B8900B3075B01E7
:1046700093E7170023A2FB0083A601F563F4B600BD
:1046800023A8B1F483A6C1F463F4B60023A6B1F461
:10469000032C810013840B0093F7C7FF33879740E7
:1046A00063EA97389307F00063D6E738032A81015D
:1046B000832A4101832BC100832C410093E714001E
:1046C0002322F400B30494002324990013671700F5
:1046D0001385090023A2E400EF00C0458320C10236
:1046E0001305840003248102032B0101832441026A
:1046F000032901028329C10113010103678000001E
:10470000032549006FF09FE0032684006FF09FCDE2
:1047100003A4C70093852500E38287D86FF09FCB61
:1047200013D797009306400063F2E6149306400106
:1047300063E4E6321306C7059306B7051316360081
:104740003306C90003270600130686FF6318E60038
:104750006F004029032787006308E600832647008F
:1047600093F6C6FFE3E8D7FE0326C7002326C4005E
:104770002324E40023248600232687006FF01FD91A
:10478000130740016378F710130740056364F72EA1
:1047900093D7C4009385F7061388E7061396350070
:1047A0006FF0DFCB130E1E0093773E0013058500DC
:1047B000638007108327C5006FF09FDA032684000B
:1047C00093E514002322B4002326F60023A4C70097
:1047D000B3049400232A99002328990093E7160034
:1047E00023A6140123A4140123A2F4003307E40038
:1047F000138509002320D700EF00C0331305840080
:104800006FF09FC0B307F40003A7470013850900AA
:104810001367170023A2E700EF00C03113058400DF
:104820006FF09FBE93D53400938784006FF05FB91B
:1048300093E614002322D400B3049400232A9900A1
:10484000232899009366170023A6140123A41401BA
:1048500023A2D400B307F4001385090023A0E700C6
:10486000EF00402D130584006FF01FBA13D76700C7
:104870001306970393068703131636006FF05FEC59
:10488000630C240703248900032C81008327440040
:104890006FF09FE09385C7051388B7051396350021
:1048A0006FF0DFBB832783009385F5FF639E672648
:1048B00093F73500130383FFE39607FE03274900B0
:1048C0009347F6FFB3F7E7002322F900131616000B
:1048D000E3EEC7CEE30C06CE3377F600631A07008B
:1048E000131616003377F600130E4E00E30A07FE88
:1048F00093050E006FF09FC5138C81F603270C0003
:104900003387EA002320EC0083A6C1F39307F0FF6E
:104910006386F618B3874B41B387E7002320FC007A
:1049200093FC7B00638C0C0CB38B9B41B71700008E
:1049300093878700938B8B00B3859741B38A5B0184
:10494000B38555419395450113DA450193050A0056
:1049500013850900EF10401B9307F0FF6300F51863
:1049600033057541B30A450103270C00232479015F
:1049700093E71A00B305EA002320BC0023A2FB0042
:10498000E30C24CF9306F00063F0660B032744008A
:1049900093074BFF93F787FF137717003367F700F1
:1049A0002322E400130650003307F4002322C7003B
:1049B0002324C70063E6F60083A74B006FF0DFCB2C
:1049C0009305840013850900EF10D010832B890014
:1049D00083250C0083A74B006FF01FCA938A0A013E
:1049E0006FF09FC493D6264093071000B397D7006B
:1049F0003365F5002322A9006FF05FD7B3855B0113
:104A0000B305B0409395450113DA450193050A00BB
:104A100013850900EF10400F9307F0FFE312F5F440
:104A2000130A00006FF05FF4032C8100930710005D
:104A300023A2FB0013850900EF00C00F130500003F
:104A4000032A8101832A4101032B0101832BC10029
:104A5000832C41006FF05F9B9306400563E4E604FE
:104A600013D7C7001306F7069306E706131636009A
:104A70006FF01FCD130740156364F70493D7F4005C
:104A80009385870713887707139635006FF01F9D6E
:104A900003248900832744006FF01FC023AE71F305
:104AA0006FF01FE89306401563E4E60413D7F700A0
:104AB0001306870793067707131636006FF05FC853
:104AC000130740556364F70493D724019385D707F0
:104AD0001388C707139635006FF05F98938C8CFF8F
:104AE000B38A9A01B38A7A41130A00006FF0DFE7B4
:104AF0009306405563E4E60213D727011306D70750
:104B00009306C707131636006FF09FC31306803F46
:104B10009305F0071308E0076FF05F941306803FDA
:104B20009306E0076FF0DFC1832749006FF01FDABB
:104B300067800000678000001305000067800000A8
:104B4000B7950080138601C39385456B138501C417
:104B50006F000041130101FF8325450023248100DC
:104B60002322910023261100138401F993040500E8
:104B700063848500EF40103483A584009307840686
:104B80006386F50013850400EF40D03283A5C4008E
:104B90001304040D638E8500032481008320C1006B
:104BA0001385040083244100130101016F409030FC
:104BB0008320C100032481008324410013010101EB
:104BC000678000001305000067800000130101FEEC
:104BD000232C8100B7570080138401F9938707B411
:104BE000232E1100232A910023282101232631019D
:104BF0002324410123ACF1F4130680009307400005
:104C0000930500001305C4052326F40023200400A7
:104C10002322040023240400232204062328040062
:104C2000232A0400232C0400EF10C009B707010059
:104C3000375A0080B759008037590080B754008038
:104C4000130ACA449389094B130989539384045B5B
:104C50009387970013068000930500001305440C0A
:104C600023204403232234032324240323269402F1
:104C7000232AF406232E8400232404062326040674
:104C8000232804062326040C232C0406232E0406C2
:104C900023200408EF100003B7070200130784065F
:104CA000938727011305C4121306800093050000A3
:104CB000232444092326340923282409232A940879
:104CC000232EF40C2322E4082328040C232A040CAA
:104CD000232C040C232A04122320040E2322040E66
:104CE0002324040EEF00107E9307040D2328440FA5
:104CF000232A340F232C240F232E940E8320C1014A
:104D00002326F40E03248101832441010329010198
:104D10008329C100032A810013010102678000007A
:104D200083A781F5130101FE23263101232E1100F3
:104D3000232C8100232A91002328210193090500B7
:104D40006386070E138901C39304F0FF832749008C
:104D5000032489009387F7FF63D807006F000008DA
:104D600013048406638C97060317C4009387F7FF28
:104D7000E31807FEB707FFFF938717002326F40009
:104D800023220406232004002324040023220400F9
:104D900023280400232A0400232C04001306800087
:104DA000930500001305C405EF00D0712328040209
:104DB000232A040223220404232404048320C1019F
:104DC0001305040003248101832441010329010107
:104DD0008329C10013010102678000000324090038
:104DE00063060400130904006FF05FF69305C01A10
:104DF00013850900EFF0CFD813040500630C0502FA
:104E00001305C50093074000232004002322F4006B
:104E10002324A4001306001A93050000EF00906AF3
:104E200023208900130904006FF05FF2EFF01FDA0E
:104E30006FF05FF1232009009307C00023A0F90061
:104E40006FF0DFF783274503638407006780000066
:104E500003A781F5B7570080938747B5232AF5024A
:104E6000E31607FE6FF09FD66780000067800000A2
:104E7000B7550080138601C3938585B313050000E1
:104E80006F00000EB7550080138601C3938545BCA3
:104E9000130500006F00C00C130101FE232C8100DC
:104EA000232E110013040500630605008327450324
:104EB000638C070013050400032481018320C101D2
:104EC000130101026F0080372326C1002324B100A3
:104ED000EFF05FF713050400032481010326C100EE
:104EE000832581008320C101130101026F00003579
:104EF000130101FE232A910083A441F4232C810095
:104F0000232E110013040500138605006386040098
:104F100083A74403638007029305040003248101EF
:104F20008320C10113850400832441011301010280
:104F30006F00C030138504002326B100EFF09FF00E
:104F400093050400032481010326C1008320C101CD
:104F50001385040083244101130101026F00002E18
:104F6000130101FD23202103232E3101232C4101B4
:104F7000232A5101232861012326710123261102CE
:104F80002324810223229102130B0500938B050039
:104F9000930A0600130A0000930910001309F0FF9A
:104FA00083A44A0003A48A009384F4FF63C8040224
:104FB0008357C40063FEF9008317E40093050400DF
:104FC00013050B0063862701E7800B00336AAA00F4
:104FD0009384F4FF13048406E39C24FD83AA0A004F
:104FE000E3900AFC8320C10203248102832441024E
:104FF000032901028329C101832A4101032B0101F5
:10500000832BC10013050A00032A81011301010348
:1050100067800000130101FB232021053389C602AC
:105020009307C1012322F102930710002324810476
:1050300023229104232E3103232EB10023261104B1
:105040002324F102232021032326210393090600B0
:10505000138406009304050093050700630605000A
:1050600083274503638607068397C50013972701A7
:105070006342070203A74506B7E6FFFF9386F6FFE4
:1050800037260000B3E7C7003377D7002396F50033
:1050900023A2E5061306410213850400EF405025C4
:1050A000630805008327C1023309F94033543903EB
:1050B0008320C104130504000324810483244104D4
:1050C000032901048329C10313010105678000003E
:1050D0002326E100EFF01FD78325C1006FF0DFF832
:1050E000130101FB23229104B384C502232E310353
:1050F00083A941F49307C1012322F1029307100011
:10510000232481042320210523261104232EA1001A
:105110002324F10223209102232691021389050002
:1051200013040600938506006386090083A74903DC
:10513000638607068397C50013972701634207021A
:1051400003A74506B7E6FFFF9386F6FF3726000064
:10515000B3E7C7003377D7002396F50023A2E5060F
:105160001306410213850900EF40901863080500FB
:105170008327C102B384F44033D424038320C104C1
:10518000130504000324810483244104032901043A
:105190008329C103130101056780000013850900FD
:1051A0002326D100EFF01FCA8325C1006FF09FF8BE
:1051B000130101FC2324C1022326D1022328E1028A
:1051C000232AF102232C0103232E11031386050049
:1051D0008325850093068102232E11002326D1000A
:1051E000EF10803F8320C10113010104678000009C
:1051F00003A341F4130101FC2324C1022326D1029D
:105200002322B1022328E102232AF102232C0103E5
:10521000232E110383258300930641021306050004
:1052200013050300232E11002326D100EF10C03AEE
:105230008320C1011301010467800000130101FEF6
:10524000232C8100232E11001304050063060500A2
:105250008327450363800706832786009387F7FF2C
:105260002324F60063DC07000327860163CAE702F4
:1052700093F7F50F1307A0006384E7028327060066
:1052800013F5F50F138717002320E6002380B700DE
:105290008320C10103248101130101026780000002
:1052A00013050400032481018320C10113010102BD
:1052B0006F0080302326C1002324B100EFF09FB897
:1052C0000326C100832581006FF01FF9130101FE41
:1052D000232A210103A941F4232C9100232E11003C
:1052E00093040500630609008327490363880706C2
:1052F00083A785009387F7FF23A4F50063DC0700ED
:1053000003A7850163CCE70293F7F40F1307A0000E
:105310006386E70283A7050013F5F40F13871700D0
:1053200023A0E500238097008320C101832481010D
:105330000329410113010102678000008320C1019C
:105340001386050013050900938504000329410114
:1053500083248101130101026F0000261305090057
:105360002326B100EFF01FAE8325C1006FF05FF878
:10537000130101FC232C8102130405001385050091
:10538000232A9102232E110293840500EF00903B03
:10539000B73701809387C7862324F1029307100053
:1053A0002326F10203274403930701029306150005
:1053B000232AF10093072000232091022322A10237
:1053C000232ED100232CF1008325840063000706DF
:1053D0008397C500139727016342070203A7450679
:1053E000B7E6FFFF9386F6FF37260000B3E7C70056
:1053F0003377D7002396F50023A2E5061306410173
:1054000013050400EF40C06E8320C1030324810311
:10541000133515003305A0401375B50083244103EF
:105420001305F5FF13010104678000001305040054
:105430002326B100EFF01FA18325C1006FF05FF9B3
:105440009305050003A541F46FF09FF2130101FFDE
:1054500023248100138405008395E5002326110091
:10546000EF00006463400502832704058320C10028
:10547000B387A7002328F40403248100130101014A
:10548000678000008357C40037F7FFFF1307F7FF5B
:10549000B3F7E7008320C1002316F4000324810042
:1054A0001301010167800000130500006780000000
:1054B0008397C500130101FE232C8100232A91004C
:1054C0002328210123263101232E110013F7071071
:1054D0001384050093040500130906009389060050
:1054E0006310070437F7FFFF1307F7FFB3F7E70071
:1054F0008315E4002316F400032481018320C101F5
:1055000093860900130609008329C10003290101BC
:105510001385040083244101130101026F0080649C
:105520008395E5009306200013060000EF00C050AD
:105530008317C4006FF01FFB130101FF23248100B8
:10554000138405008395E50023261100EF00C04E6B
:105550009307F0FF6308F5028357C4003717000074
:105560008320C100B3E7E7009397070193D7074172
:105570002328A4042316F40003248100130101014D
:10558000678000008357C40037F7FFFF1307F7FF5A
:10559000B3F7E7009397070193D707418320C10032
:1055A0002316F40003248100130101016780000029
:1055B0008395E5006F004036130101FE232C810026
:1055C000232A910023282101232E1100130905000D
:1055D0009384050013040600630605008327450332
:1055E00063800716832784010317C4002324F40073
:1055F000937787006380070883270401638C07067D
:10560000232631019316270193F9F40F93F4F40F35
:1056100063D806080327040083264401B307F74034
:1056200063D8D70A83268400130617002320C400FA
:105630009386F6FF2324D400230037010327440177
:10564000938717006302F70C8357C40093F7170082
:10565000639A070C8329C1008320C10103248101BF
:105660000329010113850400832441011301010270
:10567000678000009305040013050900EF00000E89
:10568000631E05080317C400232631018327040184
:105690009316270193F9F40F93F4F40FE3CC06F675
:1056A0008326440637E6FFFFB72500003367B700BF
:1056B0001306F6FFB3F6C6002316E4000327040022
:1056C0002322D40683264401B307F740E3CCD7F462
:1056D0009305040013050900EF40C033631E050263
:1056E0000327040083268400930710001306170085
:1056F0009386F6FF2320C4002324D400230037011F
:1057000003274401E312F7F493050400130509008D
:10571000EF404030E30005F48329C1009304F0FF1B
:105720006FF09FF39307A000E396F4F29305040053
:1057300013050900EF40002EE30E05F06FF0DFFDCA
:10574000EFF04FF06FF01FEA9307050003A541F457
:1057500013860500938507006FF01FE683A741F4C9
:10576000130101FF2324810023229100232611002D
:1057700093040500138405006386070003A747030D
:10578000630C070E8317C40013F78700630A07062C
:10579000032704016306070893F6170063880602CF
:1057A000832644012324040013050000B306D040DF
:1057B000232CD400630A07028320C1000324810044
:1057C00083244100130101016780000093F6270044
:1057D0001306000063940600032644012324C4003A
:1057E00013050000E31A07FC13F70708E30607FC9C
:1057F00093E707042316F4001305F0FF6FF0DFFBB7
:1058000013F707016300070813F74700631C07023B
:105810000327040193E787002316F400E31E07F62D
:1058200093F6072813060020E388C6F693050400C4
:1058300013850400EF40C07C8317C40003270401D4
:105840006FF09FF583250403638E0500130704049E
:105850006388E50013850400EF00D0278317C40098
:10586000232804020327040193F7B7FD2322040031
:105870002320E4006FF01FFA13850700EFF08FDCA0
:105880006FF05FF01307900023A0E40093E7070494
:105890002316F4001305F0FF6FF01FF2930730009A
:1058A00063FEC702B3E7A50093F7370063940702CE
:1058B000930630006F0040011306C6FF1305450034
:1058C0009385450063FCC6000327050083A70500F8
:1058D000E304F7FE9306F6FF6F00C0009306F6FFA1
:1058E0006308060293861600B306D5006F00800099
:1058F0006380A6028347050003C705001305150052
:1059000093851500E386E7FE3385E7406780000056
:105910001305000067800000130101FF23248100AC
:10592000232291001304050013850500232611008E
:1059300023AE01F4EFA0DFD69307F0FF630CF50070
:105940008320C1000324810083244100130101014D
:105950006780000083A7C1F5E38407FE8320C100B0
:105960002320F4000324810083244100130101015A
:105970006780000083A741F4638EA70A832545044E
:10598000130101FE232A9100232E11009304050028
:10599000638C05042328210123263101232C810057
:1059A0001309000093090008B387250103A4070029
:1059B000630E04009305040003240400138504000F
:1059C000EF005011E31804FE83A5440413094900B5
:1059D000E31C39FD13850400EF00D00F032481017F
:1059E000032901018329C10083A58403638605007F
:1059F00013850400EF00100E83A5C4046386050020
:105A000013850400EF00100D83A74403638C070087
:105A10008320C10113850400832441011301010285
:105A2000678007008320C101832441011301010223
:105A30006780000067800000130101FF13870500E5
:105A400023248100232291009305060013040500FE
:105A500013860600130507002326110023AE01F468
:105A6000EFA01FD29307F0FF630CF5008320C10065
:105A70000324810083244100130101016780000099
:105A800083A7C1F5E38407FE8320C1002320F4002F
:105A90000324810083244100130101016780000079
:105AA000130101FF138705002324810023229100A5
:105AB000930506001304050013860600130507006E
:105AC0002326110023AE01F4EFA09FCF9307F0FF30
:105AD000630CF5008320C10003248100832441006E
:105AE000130101016780000083A7C1F5E38407FE6D
:105AF0008320C1002320F40003248100832441007B
:105B00001301010167800000130101FF23248100BC
:105B1000232291001304050013850500232611009C
:105B200023AE01F4EFA0DFD99307F0FF630CF5007B
:105B30008320C1000324810083244100130101015B
:105B40006780000083A7C1F5E38407FE8320C100BE
:105B50002320F40003248100832441001301010168
:105B600067800000130101FF1387050023248100D3
:105B700023229100930506001304050013860600F6
:105B8000130507002326110023AE01F4EFA05FCA1E
:105B90009307F0FF630CF5008320C100032481000C
:105BA00083244100130101016780000083A7C1F530
:105BB000E38407FE8320C1002320F4000324810036
:105BC000832441001301010167800000130101FFDC
:105BD00023248100B737018037340180232021013D
:105BE000938787F4130784F423261100232291005E
:105BF0003389E7406382E70213592940130484F490
:105C000093040000832704009384140013044400C9
:105C1000E7800700E3E824FF37340180B7370180CD
:105C2000938787F4130784F43389E7401359294095
:105C30006380E702130484F49304000083270400C4
:105C40009384140013044400E7800700E3E824FF72
:105C50008320C10003248100832441000329010023
:105C60001301010167800000130101FF232481005B
:105C7000B737018037340180938787F4130484F4A5
:105C80003304F4402322910023261100935424402E
:105C9000638004021304C4FF3304F4008327040068
:105CA0009384F4FF1304C4FFE7800700E39804FE25
:105CB0008320C100032481008324410013010101DA
:105CC000678000001303F00013070500637EC30222
:105CD0009377F7006390070A63920508937606FFAF
:105CE0001376F600B386E6002320B7002322B70020
:105CF0002324B7002326B70013070701E366D7FE66
:105D00006314060067800000B306C3409396260024
:105D100097020000B38656006780C6002307B700CD
:105D2000A306B7002306B700A305B7002305B700F5
:105D3000A304B7002304B700A303B7002303B700ED
:105D4000A302B7002302B700A301B7002301B700E5
:105D5000A300B7002300B7006780000093F5F50F9C
:105D600093968500B3E5D50093960501B3E5D5007C
:105D70006FF0DFF69396270097020000B386560077
:105D800093820000E78006FA93800200938707FF62
:105D90003307F7403306F600E378C3F66FF0DFF31E
:105DA000B3C7A50093F73700B308C500639407068F
:105DB0009307300063F0C70693773500130705009B
:105DC000639A070613F6C8FFB306E640930700027E
:105DD00063CED70893860500930707006378C70250
:105DE00003A80600938747009386460023AE07FF6B
:105DF000E3E8C7FE9307F6FFB387E74093F7C7FFD3
:105E0000938747003307F700B385F50063681701F0
:105E100067800000130705006378150583C7050038
:105E20001307170093851500A30FF7FEE398E8FE0C
:105E30006780000083C605001307170093773700BB
:105E4000A30FD7FE93851500E38E07F683C60500E2
:105E50001307170093773700A30FD7FE938515001C
:105E6000E39A07FC6FF01FF667800000130101FF43
:105E7000232681001304000283A3050083A24500AA
:105E800083AF850003AFC50083AE050103AE4501B6
:105E900003A3850103A8C50183A6050213074702D2
:105EA000B307E640232E77FC232057FE2322F7FF7B
:105EB0002324E7FF2326D7FF2328C7FF232A67FED3
:105EC000232C07FF232ED7FE93854502E346F4FAE1
:105ED00093860500930707006378C70203A80600AE
:105EE000938747009386460023AE07FFE3E8C7FE8B
:105EF0009307F6FFB387E74093F7C7FF9387470001
:105F00003307F700B385F500636817010324C10068
:105F1000130101016780000083C705001307170004
:105F200093851500A30FF7FEE382E8FE83C7050003
:105F30001307170093851500A30FF7FEE39EE8FCF7
:105F40006FF0DFFC9377350013070500639C0704AF
:105F5000B7867F7F9386F6F79305F0FF0326070049
:105F600013074700B377D600B387D700B3E7C7005E
:105F7000B3E7D700E384B7FE8346C7FFB307A74064
:105F8000638406048346D7FF638C06020345E7FF5C
:105F90003335A0003305F5001305E5FF67800000E9
:105FA000E38806FA83470700130717009376370044
:105FB000E39807FE3307A7401305F7FF678000004B
:105FC0001385D7FF678000001385C7FF6780000037
:105FD00083A701F6638C070403A747001308F001A9
:105FE0006340E8081318270063060502338307019E
:105FF0002324C30883A88718130610003316E6006D
:10600000B3E8C80023A417192324D3109306200053
:106010006306D5021307170023A2E700B387070121
:1060200023A4B70013050000678000001388810CCB
:1060300023A001F79387810C6FF01FFA83A6C7187E
:106040001307170023A2E700B3E6C60023A6D7185C
:10605000B387070123A4B700130500006780000081
:106060001305F0FF67800000130101FD232C41019F
:106070002320210303A901F6232611026308090A3C
:10608000232E3101232A5101232861012326710186
:10609000232481022322910223248101130B050072
:1060A000938B05009309F0FF930A100083244900A5
:1060B0001384F4FF634E040493942400B304990002
:1060C00063900B088327490083A644009387F7FF5A
:1060D000638C870A23A2040063860602832789183B
:1060E00033978A00032C4900B377F70063960706BD
:1060F000E78006000327490083A701F6631087099C
:10610000639E27071304F4FF9384C4FFE31A34FB50
:1061100003248102832441028329C101832A41018E
:10612000032B0101832BC100032C81008320C102BA
:1061300003290102032A8101130101036780000082
:1061400083A74410E38077F91304F4FF9384C4FF1A
:10615000E31834FF6FF0DFFB8327C91883A54408D9
:106160003377F7006316070213050B00E78006007C
:106170000327490083A701F6E30487F9E38A07F8B8
:10618000138907006FF09FF2232289006FF0DFF47C
:1061900013850500E78006006FF0DFF5130101FEAF
:1061A00023263101B7390180232C8100232A910055
:1061B0002328210123244101232E1100138A0500E5
:1061C00013090500938909F7EFE09F9603A789005B
:1061D000B71700009387F7FE8324470037170000A6
:1061E00093F4C4FF3384F400330444411354C400D3
:1061F0001304F4FF1314C400634EE400930500007D
:1062000013050900EFF05F9083A78900B38797001B
:106210006308F50213050900EFE0DF918320C10157
:106220000324810183244101032901018329C10041
:10623000032A81001305000013010102678000009A
:10624000B305804013050900EFF01F8C9307F0FFA2
:106250006308F504938781F603A7070083A68900E6
:10626000B384844093E41400330787401305090086
:1062700023A2960023A0E700EFE0DF8B8320C1017B
:106280000324810183244101032901018329C100E1
:10629000032A81001305100013010102678000002A
:1062A0009305000013050900EFF01F8603A789007E
:1062B0009306F000B307E540E3DEF6F483A6C1F3EE
:1062C00093E717002322F7003305D54023A4A1F656
:1062D0006FF05FF463820518130101FF232481002E
:1062E0002322910013840500930405002326110046
:1062F000EFE01F840325C4FF130784FFB735018037
:106300009377E5FF3306F700938505F7832646006C
:1063100003A8850093F6C6FF6302C81A2322D6009D
:10632000137515003308D6006310050A032384FF94
:1063300003284800373501803307674083288700EA
:10634000130585F7B3876700137818006382A814D4
:106350000323C70023A66800232413016306081A39
:1063600093E617002322D7002320F6009306F01FA0
:1063700063ECF60693F687FF9386860003A5450037
:10638000B386D50003A6060013D857009307100064
:10639000B3970701B3E7A700138586FF2326A7005D
:1063A0002324C70023A2F50023A0E6002326E6004D
:1063B000032481008320C10013850400832441004D
:1063C000130101016FE00FF7032548001375150055
:1063D0006306050893E61700232ED4FE2320F6005B
:1063E0009306F01FE3F8F6F893D6970013064000E3
:1063F0006360D61293D667001385960313868603CF
:10640000131535003385A50083260500130585FF88
:106410006318D5006F00401583A686006308D50079
:1064200003A646001376C6FFE3E8C7FE03A5C60031
:106430002326A7002324D700032481002324E5007A
:106440008320C100138504008324410023A6E600B5
:10645000130101016FE00FEE678000003735018006
:10646000B387D700130585F783268600638CA60CB7
:106470000328C60013E517003306F70023A606011C
:106480002324D8002322A7002320F6006FF01FEE5C
:10649000631C0812832586000326C600B386F60017
:1064A00093E7160023A6C5002324B6002322F70095
:1064B0003307D7002320D7006FF09FEF1375150027
:1064C000B386D70063100502032584FF3307A74076
:1064D0008327C70003268700B386A6002326F6007D
:1064E00023A4C70013E6160083A701F42322C700E4
:1064F00023A4E500E3EEF6EA83A541F51385040045
:10650000EFF0DFC96FF0DFEAB387D7006FF0DFF598
:10651000130640016370D602130640056364D60675
:1065200093D6C7001385F6061386E60613153500C5
:106530006FF05FED1385C6051386B605131535009C
:106540006FF05FEC23AAE50023A8E50093E61700AF
:106550002326A7002324A7002322D7003307F70010
:106560002320F7006FF0DFE403A845001356264010
:1065700093071000B397C700B3E7070123A2F50004
:106580006FF01FEB13064015636CD60093D6F7002F
:106590001385860713867607131535006FF09FE67F
:1065A00013064055636CD60093D627011385D60792
:1065B0001386C607131535006FF0DFE41305803F1F
:1065C0001306E0076FF01FE493E617002322D700BD
:1065D0002320F6006FF0DFDD130101ED23261112F9
:1065E00023229112232A511123267111938A050027
:1065F000930406002324D100930B0500EF30507E56
:1066000083270500138507002322F102EFF09F93F3
:106610002320A10263880B0083A74B036394070028
:106620006F1040738397CA001397270163460702D0
:1066300003A74A0637260000B7E6FFFFB3E7C70007
:106640009386F6FF9397070193D707413377D700D7
:106650002396FA0023A2EA0613F787006302072EA7
:1066600003A70A01630E072C93F7A7011307A000E5
:10667000638AE72EB7370180232861112324811113
:10668000130B010B9387478B373C01802324811226
:10669000232C4111232EB10F23202113232E31113E
:1066A000232291112320A111232E61072322010807
:1066B00023200108232A0100232C0100232E01009E
:1066C00013040B00232401022328010223220100CA
:1066D0002326F100130A0001130C8CA22320710160
:1066E000938D040083C70D00638C071E93840D00F7
:1066F000130750026386E72A83C7140093841400AB
:10670000E39A07FE3389B441638CB41D0327410823
:10671000832701082320B40133072701938717003B
:10672000232224012322E1082320F108130770000B
:1067300013048400634EF7260327410083C7040037
:10674000330727012322E100638C07189384140088
:10675000A30F01049309F0FF930B0000130900003D
:106760009306800503CD0400938D140093070DFE5E
:1067700063E6F6040327C10093972700B387E70079
:1067800083A7070067800700930B000093070DFDA8
:106790001306900003CD0D0013972B00B30B770168
:1067A000939B1B00B38B770193070DFD938D1D0009
:1067B000E372F6FE93070DFEE3FEF6FA63020D1296
:1067C0002304A109A30F0104130710009304100070
:1067D000930C8108130F090093090000232801007E
:1067E000930F000093724F0803294108639602003B
:1067F000B387EB40E342F0448347F105638A070225
:10680000832701089306F1052320D40013091900FA
:1068100093061000938717002322D4002322210916
:106820002320F108930670001304840063C0F61A55
:10683000638A0F0283270108930601062320D400F0
:106840001309290093062000938717002322D40000
:10685000232221092320F1089306700013048400E9
:10686000E3CEF64E93070008E38AF208B389994015
:10687000E34E301993770F10639407748327010850
:106880003309990023209401938717002322940051
:10689000232221092320F1089306700063CCF620FF
:1068A00013048400137F4F0063060F00B384EB4092
:1068B000E342904E13830B0063D4EB0013030700F5
:1068C00083274100B38767002322F100E31A0922DE
:1068D00083C70D002320010813040B00E39807E091
:1068E00083274108832B0100638407006F104075E4
:1068F00083D7CA00032481120329011293F70704E6
:106900008329C111032A8111032B0111032C81104A
:10691000832C4110032D0110832DC10F63840700C8
:106920006F10901D8320C112032541008324411262
:10693000832A4111832BC1101301011367800000CA
:1069400093850A0013850B00EFE05FE16304050007
:106950006F10901A8397CA001307A00093F7A7013E
:10696000E39AE7D08397EA00E3C607D08326810045
:106970008320C1121386040093850A0083244112E8
:10698000832A411113850B00832BC11013010113BE
:106990006F1010381369090193840D006FF09FDCAC
:1069A0003389B441E394B4D783C704006FF0DFD9CF
:1069B000032501001306C10793850A00EF10505408
:1069C000E31805F213040B006FF01FD70325010035
:1069D0001306C10793850A00232EE102232CE1034D
:1069E000232A51022326F103EF109051E31205F000
:1069F000032941080327C103032F81038322410395
:106A0000832FC10213040B006FF09FE2832701085C
:106A1000B73601809386068B2320D4001309190012
:106A200093061000938717002322D4002322210904
:106A30002320F108930670001304840063D4F60049
:106A40006F108010630406006F108045832641019B
:106A500093771F00B3E7D700E38607E4832741025B
:106A6000832601022320F40083270108B385260131
:106A70002322D400938717002322B1082320F10892
:106A80009306700063D4F6006F10806413048400D2
:106A90008326410193871700232094013389B60090
:106AA0002322D400232221092320F1089306700019
:106AB000E3D8F6DE032501001306C10793850A001B
:106AC0002326E1022328E101EF109043E31205E2BF
:106AD00003294108032F01010327C10213040B00FE
:106AE0006FF05FDC93778900E39C07608327810068
:106AF0009387770093F787FF03A7070093878700A3
:106B0000232CE10003A7C7FF2324F100232EE1007B
:106B1000832CC10103A781EE8326810183A7C1EEE7
:106B200093941C0093D414001385060093850400ED
:106B30001306070093860700EF90D0176304050043
:106B40006F1000048326810103A781EE83A7C1EEA5
:106B5000138506009385040013060700938607003B
:106B6000EF80D0066344A0006F10800103278101ED
:106B700093850C0013060000130507009306000020
:106B8000EF80D004635405006F1040438346F10545
:106B90009307700463D4A7016F108041B73C018054
:106BA000938C0C8723280100137FF9F7130730001B
:106BB0009304300093090000638406001307170054
:106BC000937F2F00E3800FC213072700930F20004D
:106BD0006FF05FC1832681009377090103A7060048
:106BE000938646002324D10063920712937609040A
:106BF00093070700E390064E634E07108346F105A6
:106C000063C40904137FF9F7631E0702130710001A
:106C1000639E0920E314073C93741900930C0B0046
:106C20006382040493070003A307F10A930CF10A9B
:106C30001387040063CC340323280100E39006F893
:106C40006FF01FF813090F0013079000E364F76C4F
:106C500093870703A307F10A130F09009304100099
:106C6000930CF10A13870400E3D834FD138709005D
:106C7000232801006FF09FFC8327810083AB07006E
:106C8000938747002324F100E3D80BD0B30B704166
:106C90001369490093840D006FF0DFAC03CD0D0044
:106CA0009307A002938D1D006314FD006F10807D7B
:106CB00093070DFD93059000130700001306900045
:106CC00093090000E3E4F5AA03CD0D009319270012
:106CD000B389E900939919003387F90093070DFDF3
:106CE000938D1D00E372F6FE93090700E35007A899
:106CF0009309F0FF6FF09FA78327810013690901B3
:106D000003A70700938747002324F1009307070098
:106D1000E35607EEB307E0409306D00213071000D6
:106D20006F00000A1369090893840D006FF09FA398
:106D30001369090493840D006FF0DFA2032781001B
:106D4000A30F0104930410008327070013074700D3
:106D50002324E1002304F10813071000930C810899
:106D60006FF05FA79307B002A30FF10493840D00A7
:106D70006FF05F9F1369190093840D006FF09F9E61
:106D80008347F105E39A07C093070002A30FF104BC
:106D900093840D006FF01F9D1369890093840D008B
:106DA0006FF05F9C032781001369090183270700A7
:106DB000130747002324E100130710009306000087
:106DC000A30FD10463C80900137FF9F7E38207E436
:106DD00013090F0013061000E308C7E6130620008E
:106DE0006306C706930C0B0013F77700130707031E
:106DF000A38FECFE93D7370013860C00938CFCFF17
:106E0000E39407FE93771900638407069307000352
:106E10006300F7061306E6FFA38FFCFEB304CB4026
:106E2000130F0900930C06006FF0DFE393071000C7
:106E30006314F7006F10C03F9307200013090F0081
:106E40006304F7006F1000219307000003268102FE
:106E5000930C0B0013F7F7003307E6000347070016
:106E600093D74700938CFCFF2380EC00E39407FE4C
:106E7000B3049B41130F09006FF0DFDE032781008D
:106E80001369090183270700130747002324E10042
:106E9000130700006FF09FF283268100137709012A
:106EA00083A70600938646002324D100E31607F04B
:106EB00013770904E30207F09397070193D70701BB
:106EC000130710006FF09FEF83278100A30F0104C9
:106ED00083AC070013884700E3800C3223240101B0
:106EE00063D409006F104007138609009305000062
:106EF00013850C00EF3080510328810063140500D6
:106F00006F10803AB30495418346F10513C7F4FF2F
:106F10001357F741232401012328010033F7E4002C
:106F2000130F090093090000E39A06C86FF05FC9C8
:106F30008326810037870000130707832310E106AB
:106F4000138746002324E100373701801307478960
:106F50002324E10283A706001369290013072000F8
:106F6000130D80076FF09FE58326810013770901D9
:106F700083A70600938646002324D100E31A07F076
:106F800013770904E30607F09397070193D70701E6
:106F9000130700006FF09FE293770901E384071461
:106FA000832781000327410083A7070023A0E70070
:106FB00083278100938747002324F1006FF08FF22D
:106FC0009307500663DAA735832681018327C10121
:106FD0001306000013850600938507009306000042
:106FE000232AE1022326E103EF808025032FC1023B
:106FF000032741036316056683270108B73601801E
:107000009386068B2320D4001309190093061000E1
:10701000938717002322D400232221092320F1087B
:107020009306700013048400E3C0F64C83274106E6
:1070300083264101E3D8D708832741028326010232
:1070400013048400232CF4FE832701083309D9009C
:10705000232ED4FE93871700232221092320F10831
:1070600093067000E3CCF60E832741019384F7FF6B
:10707000E35A9082930600018327010863C49600B7
:107080006F10003DB7360180938686A22326E10269
:10709000032D010013070400930900011384040069
:1070A000930C70002328E101938406006F00C00058
:1070B000130404FFE3D6894A1309090193871700D3
:1070C0002320970023223701232221092320F108BE
:1070D00013078700E3DEFCFC1306C10793850A0053
:1070E00013050D00EF10C061E3140580032941086A
:1070F0008327010813070B006FF09FFBB387EB405A
:107100006356F0F6930600010326010863C4F600F7
:107110006F10C01DB7360180938686A2232A910284
:10712000930509009308000113090700930F7000ED
:10713000130704002326E103138407009384060049
:107140006F00C000130404FF63DA8804938505010F
:107150001306160023209700232217012322B108CB
:107160002320C10813078700E3DECFFC03250100BD
:107170001306C10793850A00EF108058631A05F6BD
:1071800093080001130404FF832541080326010826
:1071900013070B00930F7000E3CA88FA938604006C
:1071A000032FC10283244103930704001304070043
:1071B00013070900138905003309F90013061600A7
:1071C0002322F4002320D400232221092320C108F4
:1071D000930770001304840063DAC7E803250100F5
:1071E0001306C10793850A00232AE1022326E1033F
:1071F000EF100051631E05EE0329410803274103E8
:10720000032FC10213040B006FF04FE6B736018065
:1072100083270108938686A2635A3A0993060900D8
:1072200093087000130907002326E10313070400E5
:107230001384090093090C006F00C000130404FFBD
:1072400063588A04938606019387170023208701D9
:10725000232247012322D1082320F10813078700A6
:10726000E3DEF8FC032501001306C10793850A003D
:10727000EF100049631E05E6130404FF832641084E
:107280008327010813070B0093087000E34C8AFA68
:10729000032FC10213860900930904001304070099
:1072A0001307090013890600930606003309390104
:1072B000938717002320D40023223401232221099D
:1072C0002320F108930670001304840063D4F6DAD7
:1072D000032501001306C10793850A00232AE10252
:1072E0002326E103EF10C041631405E003294108A0
:1072F00003274103032FC10213040B006FF08FD744
:10730000032501001306C10793850A00EF10403FD3
:10731000630005DC6FF0CFDD832401088326410183
:10732000930710002320940113091900938414007B
:107330009309840063DAD74A930710002322F400EC
:1073400023222109232091089307700063CC9774AE
:107350008327010283264102938414003309F90034
:1073600023A2F90023A0D900232221092320910878
:10737000930770009389890063C297768327C101C0
:1073800083268101130600009385070083274101AE
:1073900013850600930600002326E1022328E1015D
:1073A0001384F7FFEF70D069032F01010327C10297
:1073B00063040548938C1C009384140033098900EE
:1073C00023A0990123A289002322210923209108C7
:1073D0009307700093898900E3C297148326010301
:1073E0009307C106938414003389260123A0F90072
:1073F00023A2D9002322210923209108930770009A
:107400001384890063D097CA032501001306C107BE
:1074100093850A002326E1022328E101EF10402E84
:10742000631805CC032941080327C102032F01017A
:1074300013040B006FF00FC7930600010326010829
:10744000E3D6F668B7360180938686A1232E910293
:1074500093050900930800011309070093037000C6
:10746000130704002326F103232A5102232CE103EE
:1074700013840700938406006F00C000130404FF08
:1074800063DA88049385050113061600232097000C
:10749000232217012322B1082320C10813078700E4
:1074A000E3DEC3FC032501001306C10793850A0030
:1074B000EF100025631E05C293080001130404FFAA
:1074C000832541080326010813070B00930370006E
:1074D000E3CA88FA93860400832FC1028322410302
:1074E000032F81038324C1039307040013040700BF
:1074F00013070900138905003309F9001306160064
:107500002322F4002320D400232221092320C108B0
:10751000930770001304840063D0C7AE03250100F5
:107520001306C10793850A00232EE102232CE103F1
:10753000232A51022326F103EF10801C631A05BA97
:10754000032941080327C103032F81038322410339
:10755000832FC10213040B006FF00FAA0325010053
:107560001306C10793850A00232CE102232AE103B5
:1075700023265102EF10C018631C05B603294108E9
:1075800003278103032F41038322C10213040B004D
:107590006FF04FAD9306000183270108E3D29654A4
:1075A000B7360180938686A1138D040093090001EC
:1075B000930C70002328E100938406006F00C00044
:1075C000130D0DFF63D6A905130909019387170051
:1075D0002320940023223401232221092320F108AF
:1075E00013048400E3DEFCFC032501001306C1073D
:1075F00093850A00EF10C010631C05AE130D0DFF3C
:10760000032941088327010813040B00E3CEA9FBDB
:10761000032701019386040093040D0033099900A8
:10762000938717002320D4002322940023222109CA
:107630002320F1089306700063DEF6A603250100FF
:107640001306C10793850A002328E100EF10400BC1
:10765000631005AA03294108032701016FF08FA5D4
:10766000032641066354C0BA8327410183260101E2
:107670009389070063C8F62C6356300383270108FB
:107680003309390123209401938717002322340101
:10769000232221092320F10893067000130484009B
:1076A000E3CEF61A93C7F9FF93D7F741B3F9F90080
:1076B00083270101B3893741634030378326410670
:1076C0008327410163D6F62883274102032601025E
:1076D00013048400232CF4FE832701083309C90016
:1076E000232EC4FE93871700232221092320F108AB
:1076F00013067000E342F63083274101032601019F
:10770000B386D740B389C74063D436019389060056
:10771000635A300383270101032601083309390125
:10772000B38CFC001306160023209401232234019D
:10773000232221092320C108930770001304840029
:10774000E3C0C73213C6F9FF1356F641B3F7C900B9
:10775000B384F64063589094930600018327010890
:10776000E3D8964EB7360180938686A22326E1029F
:10777000032D010013070400930900011384040082
:10778000930C70002328E101938406006F00C00071
:10779000130404FF63D6895C13090901938717005A
:1077A0002320970023223701232221092320F108D7
:1077B00013078700E3DEFCFC1306C10793850A006C
:1077C00013050D00EF00D0736314059203294108DF
:1077D0008327010813070B006FF09FFB9304000041
:1077E000930C0B006FF00FC893761F00E39606B45E
:1077F0002322F400232221092320910893077000FB
:10780000E3DE97BC032501001306C10793850A0038
:107810002326E1022328E101EF00906E631A058C14
:1078200003294108832401080327C102032F010112
:1078300093090B006FF09FBA832641019307100054
:10784000E3DED7B893071001E3DED73EB7360180F9
:10785000938686A293870900930C00019309070081
:10786000130D7000130709002328E1011389060096
:107870006F00C000130404FF63DA8C701307070164
:107880009384140023A0270123A297012322E10857
:107890002320910893878700E35E9DFC0325010068
:1078A0001306C10793850A00EF0090656304050085
:1078B0006FF00F84032741088324010893070B000E
:1078C0006FF05FFB93771F00639407006FE09FFDED
:1078D0006FF08FF61317070113570741930707003F
:1078E0006FF00FC3937F0904638C0FEA8327810035
:1078F0000327410083A707002390E7006FF04FEBB9
:107900000327810013050104832707009304470020
:1079100003A707002320E10403A747002322E10473
:1079200003A787002324E10483A7C7002326F104CB
:10793000EF80905D232CA100232EB1002324910021
:107940006FF00F9D93890600E34A30D36FF09FD507
:1079500093771F00E38207DA6FF01FD7032501003A
:107960001306C10793850A002326E1022328E101BB
:10797000EF001059630405006FE09FF703294108E9
:107980000327C102032F010113040B006FF0CFED99
:10799000B7370180938707882324F102832681006B
:1079A0001377090183A70600938646002324D1009C
:1079B000631A07001377090463060700939707010A
:1079C00093D707019376190013072000638806BE3A
:1079D000638607BE930600032300D106A300A10718
:1079E000136929006FF08FBDB737018093874789EE
:1079F0002324F1026FF09FFA93076000938409003B
:107A000063E83769B73C0180138704002324010130
:107A1000938C8C8A6FE01FDC93060001832701089A
:107A2000E3DC3625B736018093050700938686A2EE
:107A3000130704001306090013840900130D000145
:107A4000930470002326E10313890600938905003F
:107A50006F00C000130404FF635A8D56130606011D
:107A600093871700232027012322A7012322C1087F
:107A70002320F10813078700E3DEF4FC032501004F
:107A80001306C10793850A00EF00904763040500C1
:107A90006FE01FE6032641088327010813070B0048
:107AA0006FF05FFB032501001306C10793850A00F1
:107AB0002326E1022328E101EF009044630405003E
:107AC0006FE01FE303294108832401080327C10253
:107AD000032F010193090B006FF09F87032501001D
:107AE0001306C10793850A002326E1022328E1013A
:107AF000EF001041630405006FE09FDF0329410898
:107B0000832401080327C102032F010193090B00FD
:107B10006FF0DF86930C0B001306A0001305900096
:107B200033F7C702938CFCFF938507001307070305
:107B30002380EC00B3D7C702E364B5FEB3049B41D6
:107B4000130F09006FF00F92032501001306C10700
:107B500093850A002326E1022328E101EF00503A31
:107B6000630405006FE0DFD80326410603294108BE
:107B70000327C102032F010113040B006FE09FECE8
:107B8000032881018327C10113060800130508009B
:107B90009386070093850700EF80D011E31205025A
:107BA0001377FDFD9307F0FF2326E102136F091001
:107BB0006388F96E930770046302F7688327C10135
:107BC000930200009384070063C0074E930760068A
:107BD00013870900930630006310FD4E03268101D0
:107BE0001308810693074106130506009305050057
:107BF000032501009308410713860400232A51023C
:107C0000232AE1012328E100EF20907103270101DD
:107C100093076006032F410183224103930C050063
:107C20003308E500631CFD0083C60C0093070003C6
:107C30006380F656832741063308F80083278101C5
:107C400093850400130600001385070093060000C7
:107C5000232A5102232A01012328E101EF70405E0B
:107C6000032F0101032841018322410363060542DA
:107C70008327410763FE070193060003138717005C
:107C8000232AE1062380D70083274107E3E807FF83
:107C9000032741062328E100B3879741232AF100F7
:107CA0008327C102130770046384E71493076006F7
:107CB0006312FD180327010193771900B3E7370119
:107CC0006356E07E639C077283240101130D6006F6
:107CD00013870400638802509307D002A30FF104B6
:107CE000930900006FE09FED032501001306C10713
:107CF00093850A002326E1022328E101EF005020AA
:107D0000630405006FE0DFBE032941080327C102B9
:107D1000032F010113040B006FF04FB10325010085
:107D20001306C10793850A002326E1022328E101F7
:107D3000EF00101D630405006FE09FBB032941089D
:107D400083240108032F01010327C10293090B00BB
:107D50006FF0CFE813850B00EFD0CF8E6FE09F8CD4
:107D600093860400032F0101930404001304070009
:107D70000327C10233099900938717002320D400F9
:107D80006FE0DFB063CC07688324C1019302000079
:107D900093091000032781019307410693084107C7
:107DA000130507009305050003250100130881064C
:107DB000138709009306200013860400232A51002C
:107DC0002328E101EF20D05593771900032F0101FB
:107DD00083224101930C05006390075083274106DD
:107DE0002328F10083274107B387A740232AF10006
:107DF000032701019307D0FF634CF70263CAE9022E
:107E00008327410103270101634CF750937F190039
:107E10008327010163960F5C13C7F7FF1357F741E0
:107E200033F7E70093840700130D70066FF09FEAA5
:107E3000130DEDFF032701012306A1079307B002ED
:107E40009308F7FF2322110763CC0832A306F1063B
:107E50009307900063C0172D93870803130700034F
:107E6000A307F106930740002307E1062328F10248
:107E7000032741018326010393071000B304D700B1
:107E800063D2E7488327010223280100B384F4006A
:107E900013C7F4FF1357F74133F7E4006FF09FE384
:107EA000832741028326010213048400232CF4FE5D
:107EB00083270108B3852601232ED4FE938717005C
:107EC0002322B1082320F1089306700063C2F62034
:107ED000634406006FE0DFBB930600FFB304C040BD
:107EE0006356D660B7360180938686A22328E100C8
:107EF000930900011307040013097000130D0F000C
:107F0000138406006F00C000938404FF63D4994477
:107F100093850501938717002320870023223701CB
:107F20002322B1082320F10813078700E35EF9FC40
:107F3000032501001306C10793850A00EF00407C6A
:107F4000630405006FE0DF9A832541088327010859
:107F500013070B006FF05FFB13850C00EFD09FFE43
:107F60008346F1051347F5FF1357F7412328010016
:107F7000930405003377E500130F0900930900000F
:107F8000638406006FE09FC36FE09FC3032F01016E
:107F90009306090013090700138709009389070056
:107FA000330989009384140023A0D9006FF08FC196
:107FB000B73C0180938C4C876FE0DFBE9307D00203
:107FC000A30FF1049306D0026FE09FBC032FC10200
:107FD000938509009306090093090400130906001C
:107FE000130407001387050033093901938717002D
:107FF0002320D40023223401232221092320F10845
:10800000930670001304840063DAF6EA0325010086
:108010001306C10793850A00232AE1022326E10300
:10802000EF00006E630405006FE09F8C0329410898
:1080300003274103032FC10213040B006FF00FE865
:108040001306C10793850A0013850B00EF00406BF0
:108050006FE01F8A930700006FE0DFD8032501005F
:108060001306C10793850A00232AE1022326E103B0
:10807000EF000069630405006FE09F870329410852
:1080800003274103032FC10213040B006FF08FE19C
:10809000930460006FF01F97832741062328F100A7
:1080A000930708006FF05FBFB7040080B3C4F4000B
:1080B0009302D0026FF09FB10327C10293075004CF
:1080C000E31AF7CC13871900930620006FF01FB155
:1080D000032501001306C10793850A002326E10248
:1080E0002328E101EF00C061630405006FE05F80B9
:1080F0000326410683254108832701080327C1027F
:10810000032F010113040B00634406006FE05F9826
:108110006FF09FDC1305B107930605001306A0005E
:108120001308300633E7C8029387060093850800DA
:108130009386F6FF13070703A38FE7FEB3C8C802B1
:10814000E342B8FE938808031387E7FFA38F16FF67
:108150006378A7389306E106034607001307170064
:1081600093861600A38FC6FEE318A7FE1307010F20
:10817000B307F7409387F7F82328F1026FF05FCF3A
:1081800093071000B388E7409307D0026FF01FCC2D
:1081900083268101938504001306000013850600E1
:1081A00093060000232C5102232A0103232AE10015
:1081B0002328E101EF70C008032F010103274101CB
:1081C0000328410383228103631405268327410684
:1081D0003308F8002328F100B3079841232AF1005F
:1081E0006FF05FAD8346F1059309000063840600DC
:1081F0006FE0DF9C6FE0DF9C032501001306C107E1
:1082000093850A00232AE1022326E103EF00404F71
:10821000630405006FE0CFED832641060329410882
:1082200003274103032FC10213040B006FF0CFCCCF
:1082300013090F00930700006FE09FA18327C1017E
:10824000E38209B49384070093020000E3D407B4E7
:10825000B7040080B3C4F4009302D0026FF09FB360
:10826000032501001306C10793850A002326E102B6
:108270002328E101EF00C048630405006FE04FE7E9
:108280008326410683274101032941080327C102B0
:10829000032F010113040B00B386D7406FF08FCA80
:1082A000930960006FF09F918346F1052328010038
:1082B0001387090093840900130F09009309000034
:1082C000638406006FE09F8F6FE09F8FB736018059
:1082D000938686A16FF04FA2330835016FF01F9689
:1082E000B7360180938686A16FF04FB3B736018011
:1082F000938686A26FE05FEC9307F0FF2322F100E4
:108300006FE04FE2937719002328F100E39C07B652
:1083100013C7F4FF1357F74133F7E4006FF09F9B47
:108320008327410103270102B384E700832701016A
:108330006348F000832701013388F4409304180058
:1083400013C7F4FF1357F74133F7E400130D70061A
:108350006FF05F98930604001304070003270101E0
:10836000130F0D00B3859500938717002320D400C9
:10837000232294002322B1082320F10893067000E1
:1083800063C4F6006FE08FF0032501001306C107F8
:1083900093850A002326E1022328E101EF004036FD
:1083A000630405006FE0CFD48325410883270108CB
:1083B0000327C102032F010113040B006FE04FEDEF
:1083C0008327C10163C2070A8346F105930770043E
:1083D00063C6A709B73C0180938C8C876FE08FFC44
:1083E00003270102130D7006B384E70013C7F4FFDF
:1083F0001357F74133F7E4006FF0DF8D8327010255
:108400003388E900130D6006B304F80013C7F4FFC6
:108410001357F74133F7E4006FF0DF8BB7040080A8
:10842000B3C4F4009302D002930910006FF09F963A
:1084300093071000B387E7402322F1063308F800C2
:108440006FF0CFFFB7360180938686A26FF05FB5DD
:10845000B7360180938686A26FF0DF91B73C01802A
:10846000938CCC876FE00FF49307D002A30FF10435
:108470009306D0026FF09FF5B7360180938686A2EF
:108480006FF09FB68327810083A907009387470079
:1084900063C809002324F10093840D006FE08FACC2
:1084A0009309F0FF2324F1006FF01FFF639A070088
:1084B00013071000130D6006930410006FF09F81E6
:1084C00083270102130D600613881700B3043801D7
:1084D00013C7F4FF1357F74133F7E4006FF08FFF32
:1084E000930720002328F1026FF09F98B736018090
:1084F000938686A26FF01FE79307050003A541F45A
:108500009306060013860500938507006FE0CF8C65
:10851000130101B88397C50003D7E500232C8146DA
:1085200013840500B70501009385D5FF032E44068B
:108530000323C4018328440213170701B3F7B700CC
:10854000B3E7E70013080040232AF10093058100F8
:1085500093070107232A914623282147232E1146FA
:10856000130905002326C1072322610223261103D4
:108570002324F100232CF10023280101232E0101E3
:1085800023200102EFE04F8593040500635C0502A0
:108590008357410193F70704638807008357C4009A
:1085A00093E707042316F4008320C147032481477F
:1085B000032901471385040083244147130101481F
:1085C000678000009305810013050900EF108044C7
:1085D000E30005FC9304F0FF6FF09FFB83A74506C3
:1085E000130101FD2328610123261102139727019E
:1085F000130B06006358070E8327860023202103F0
:10860000232E3101232A51012326710113890500EC
:10861000832B060093090500930AF0FF6388070A7D
:108620002324810223229102232C4101232481014E
:1086300003AC4B0003A40B00135A2C0063060A067C
:10864000930400006F00C00013044400630C9A04FC
:10865000832504001306090013850900EF109050CC
:1086600093841400E31255FF032481028324410202
:10867000032901028329C101032A8101832A4101BF
:10868000832BC100032C81001305F0FF8320C1025E
:1086900023240B0023220B00032B010113010103F0
:1086A0006780000083278B00137CCCFFB387874152
:1086B0002324FB00938B8B00E39C07F603248102A9
:1086C00083244102032A8101032C81000329010232
:1086D0008329C101832A4101832BC10013050000B6
:1086E0006FF0DFFAEF10C0408320C10223240B009B
:1086F00023220B00032B01011301010367800000FB
:1087000003278600630407006FF05FED2322060055
:108710001305000067800000130101F22326310DCC
:10872000232C810B2326B10B232E110C2320A10017
:1087300093890500930D0600138C0600630605005F
:1087400083274503E38E07588397C90013972701B2
:108750006346070203A7490637260000B7E6FFFF76
:10876000B3E7C7009386F6FF9397070193D70741B6
:108770003377D7002396F90023A2E90613F7870081
:108780006308071203A709016304071293F7A701FF
:108790001307A000638EE712B73701802328210D4D
:1087A000232E710B13090106938787A3B73B018022
:1087B000232C810C232A910C2324410D2322510DBB
:1087C0002320610D232A910B2328A10B23262103AB
:1087D000232A01022328010213070900232601008E
:1087E000232201002328F10013040001938BCBBA4C
:1087F00083C70D006386071093840D009306500213
:108800006386D72E83C7140093841400E39A07FE6F
:10881000338AB4416386B40F83264103832701035F
:108820002320B701B306DA009387170023224701FC
:10883000232AD1022328F1021306700013078700B0
:108840006350F602E382062E032501001306C102DF
:1088500093850900EFF09FD86318050A13070900F4
:108860008326410083C70400B38646012322D1003A
:108870006388070893871400A30301029306F0FF9F
:1088800093040000930C00001305800503C6070045
:10889000938D1700930706FE6368F50E832501018B
:1088A00093972700B387B70083A707006780070067
:1088B0000325010093850900EFC05FEAE31E054C24
:1088C0008397C9001307A00093F7A701E396E7EC8D
:1088D0008397E900E3C207EC032501008320C10D63
:1088E00093060C0013860D00032C810B832DC10A07
:1088F000938509008329C10C1301010E6F00D04E2E
:1089000083274103E39C074283D7C9000324810DD9
:108910008324410D93F707040329010D032A810CD9
:10892000832A410C032B010C832BC10B832C410B9D
:10893000032D010BE39207468320C10D032541005F
:108940008329C10C032C810B832DC10A1301010E55
:108950006780000093040000930706FD1308900051
:1089600003C60D0093952400B385950093951500DB
:10897000B384B700930706FD938D1D00E372F8FEE4
:10898000930706FEE37CF5F0E30C06F6230CC10228
:10899000A3030102130A1000130B1000930A8103B2
:1089A00093060000130F00000326010393FF4C08F9
:1089B0008327410393051600138E050063960F006D
:1089C000338D4441E340A00383457102638A05026D
:1089D00013067102938717002320C70013061000A7
:1089E0002322C700232AF1022328C10313067000A3
:1089F0006342C67913060E0013078700130E1E008C
:108A000063000F0613068102938727002320C70007
:108A1000130620002322C700232AF1022328C103C2
:108A2000130670006358C67BE38607100325010018
:108A30001306C10293850900232AD1002324F101E2
:108A4000EFF0DFB9E31205EC0326010383274103AE
:108A500083264101832F810013070900130E16009E
:108A6000930500086382BF54338D66416348A06359
:108A7000B307FB002320570123226701232AF102B9
:108A80002328C1039306700063D4C6516388070688
:108A9000032501001306C10293850900EFF01FB4FE
:108AA000E31405E6832741031307090013F34C0081
:108AB00063060300338B4441634E600563D4440175
:108AC00093040A0003274100330797002322E100A3
:108AD000639E076623280102130709006FF05FD128
:108AE00093EC0C0193870D006FF05FDA338AB44189
:108AF000E394B4D383C704006FF09FD72328010207
:108B000013F34C006300037C338B4441635C607B54
:108B1000130709009306000103260103E3D8662525
:108B2000373E0180130ECEB9130D0001930A700079
:108B30006F00800193052600130787001386060047
:108B4000130B0BFF635C6D059387070193061600FB
:108B50002320C7012322A701232AF1022328D102BF
:108B6000E3DADAFC638A0742032501001306C10237
:108B7000938509002324C101EFF05FA6E31605D811
:108B800003260103130B0BFF83274103032E8100F0
:108B90001307090093051600E3486DFBB3876701CF
:108BA0002320C70123226701232AF1022328B102CF
:108BB00013077000E354B7F06386077003250100C4
:108BC0001306C10293850900EFF05FA1E31E05D2F1
:108BD000832741036FF09FEE93F70C0103260C00EF
:108BE000130C4C00639A071093F50C0493070600CE
:108BF000E3920500634006040345710263C806045E
:108C000093FCFCF763140604E39A0616130A0000AB
:108C1000130B0000930A090063040500130A1A00ED
:108C200013FF2C00E3020FD8130A2A00130F2000B1
:108C30006FF09FD79307D002A303F102B307C040A0
:108C400063C4060093FCFCF71305D00213069000E2
:108C50006364F6749387070393F7F70FA30FF10488
:108C6000138A06006344D000130A1000130B10008F
:108C7000930AF105E31405FA6FF09FFA83240C00C0
:108C8000130C4C00E3D004E6B304904093EC4C008A
:108C900093870D006FF09FBF03C60D009307A002DE
:108CA00093881D00E300F610930706FD93069000DD
:108CB0009305000013089000E3E4F60A03C60800D9
:108CC00093962500B386B60093961600B385D70019
:108CD000930706FD93881800E372F8FE938605005B
:108CE00063C00574938D08006FF0DFBA03260C0093
:108CF00093EC0C01130C4C00930706006FF09FEFF0
:108D000093EC0C0893870D006FF05FB89307B002E7
:108D1000A303F10293870D006FF05FB793EC1C0083
:108D200093870D006FF09FB683477102E39C07DACB
:108D300093070002A303F10293870D006FF01FB5A4
:108D400083270C00A3030102130C4C00230CF10237
:108D5000130A1000130B1000930A81036FF05FC415
:108D600083270C0013EB0C01130C4C00A30301022E
:108D700013061000930C0B0013050000E3C806EC6B
:108D8000937CFBF76392075663920674631E065E3C
:108D9000137B1B0063020B6493070003A30FF10412
:108DA000130A0B00930AF1056FF09FE783270C006D
:108DB00013EB0C01130C4C00A3030102130600007B
:108DC000930C0B00E3DE06FA930A090013F6770012
:108DD00013060603A38FCAFE93D7370093850A00B4
:108DE000938AFAFFE39407FE93F71C00638A071641
:108DF000930700036306F6169385E5FFA38FFAFE3B
:108E0000330BB940138A060063C66661938A050076
:108E10006FF01FE113F60C0183270C00130C4C00BC
:108E2000631A060013F60C04630606009397070105
:108E300093D70701138B0C006FF01FF893F70C0109
:108E40006390070213F30C04630C030083270C00E8
:108E500083264100130C4C002390D7006FF05F99DC
:108E600083270C0083264100130C4C0023A0D7005D
:108E70006FF01F9893EC0C0493870D006FF01FA107
:108E800013F60C0183270C00130C4C00631A060028
:108E900013F60C04630606009397070193D70701A6
:108EA000138B0C006FF09FEC832A0C00A3030102CC
:108EB000130C4C00638A0A6263CA065613860600C6
:108EC0009305000013850A00232AE1002324D10022
:108ED000EF10C0538326810003274101138B060046
:108EE00063040500330B554183477102134AFBFFAE
:108EF000135AFA41337A4B0193060000130F000016
:108F0000E39E07D06FF05FAA378600001306068342
:108F10002314C102373601801306468983270C00CB
:108F200093EC2C00130C4C002326C100A303010278
:108F3000138B0C0013062000E3D406E4930A090007
:108F40008325C10013F6F700938AFAFF3386C50024
:108F50000346060093D747002380CA00E39207FE2A
:108F6000330B5941138A0600E3DC66CB130A0B006E
:108F70006FF01FCB130710002328E10293070B00AB
:108F80002320510723226107232A610313070900C5
:108F9000130787006FF09FB19305100013060000C0
:108FA000130709006FF0DFB9338D4441E35EA0ABD6
:108FB0009305000163D8A55DB73501809385C5BAD7
:108FC0002324B100130E0001130F70006F00800105
:108FD000130526001307870013860500130D0DFFE8
:108FE0006352AE070325810093870701930516009E
:108FF0002320A7002322C701232AF1022328B1023C
:10900000E358BFFC63800716032501001306C10265
:1090100093850900232AD100EFF04FDCE316058E7B
:1090200003260103130E0001130D0DFF83274103D7
:10903000832641011307090013051600130F700062
:10904000E342AEFB03268100B387A7012322A701D9
:109050002320C700232AF1022328A102130670004F
:109060006352A6386388074A032501001306C1022C
:10907000938509002324D100EFF04FD6E31605882D
:10908000832681000326010383274103338D664134
:1090900013070900130E1600E35CA09D6354A44758
:1090A00023247101930E70006F008001130E2600BF
:1090B0001307870013860500130D0DFF635AA405DF
:1090C0009387070193051600232077012322870049
:1090D000232AF1022328B102E3DABEFC63800706EB
:1090E000032501001306C10293850900EFF00FCF9D
:1090F000E31C058003260103130D0DFF83274103A5
:1091000013070900130E1600930E7000E34AA4FB28
:1091100083268100B387A7012322A7012320D7003C
:10912000232AF1022328C1039306700063C8C61DD9
:1091300013078700130E1E006FF09F93130E10008D
:1091400013060000130709006FF01FF70325010045
:109150001306C10293850900EFF04FC8E30C059692
:109160006FF08FFA130510001306000013070900B3
:109170006FF0DFE663820704032501001306C102D6
:1091800093850900232CD100232AF1012324E10136
:10919000EFF0CFC4631A05F60326010383274103CA
:1091A00083268101832F4101032F810013070900CA
:1091B000130E16006FF0DF8463060F2493078102FD
:1091C0002320F106930720002322F106130E10003E
:1091D0001307090013060E0013078700130E1E0065
:1091E0006FF01F88130500016354A537373E0180D7
:1091F000130ECEB9930E0001930270006F00C001F0
:10920000130526001307870013860500130D0DFFB5
:1092100063DCAE0793051600938707012320C7017F
:109220002322D701232AF1022328B102E3DAB2FC78
:1092300063820708032501001306C1029385090014
:10924000232EC101232CD100232AF1012324E10183
:10925000EFF0CFB8631A05EA03260103930E00016D
:10926000130D0DFF83274103032EC10183268101C6
:10927000832F4101032F81001307090013051600F6
:1092800093027000E3C8AEF9B387A7012320C7019A
:109290002322A701232AF1022328A102130670002A
:1092A0006342A60A13078700130E15001306050074
:1092B0006FF08FF11306000013051000130709006B
:1092C0006FF0DFF463D4440193040A008327410064
:1092D000B38797002322F1006FF0CFFF13F3FCF761
:1092E000936C23001306200093051000630EB62C28
:1092F00093052000E31AB6AC6FF05FC4E38C07C699
:10930000032501001306C10293850900EFF00FAD9C
:10931000631C05DE032E01038327410313070900A5
:10932000130E1E006FF0CFF423280102130709006B
:109330006FF00FD3130E100013060000130709007F
:109340006FF00FF263820716032501001306C102B6
:1093500093850900232CD100232AF1012324E10164
:10936000EFF0CFA7631205DA032601038327410339
:1093700083268101832F4101032F810013070900F8
:10938000130E16006FF04FE4130A0000130B0000D9
:10939000930A09006FF0DF88930A09009305A00083
:1093A000930E900033F6B702938AFAFF138E0700EC
:1093B000130606032380CA00B3D7B702E3E4CEFF47
:1093C000330B5941138A0600E3D86685130A0B0054
:1093D000E31605846FF0DF84130A0000930A090086
:1093E0006FF01F8413078700130E15001306050086
:1093F0006FF08FE713160601135606419307060018
:109400006FF04FFF13060000130E10001307090042
:109410006FF00FE5130A0B00938A05006FF05F8071
:109420009306F0FF938D08006FF0CFC613850A00F6
:109430002324E100EFC01FB103278100130B0500B7
:109440006FF09FAAB7370180938707882326F10022
:1094500093F50C0183270C00130C4C00639A050054
:1094600093F50C04638605009397070193D70701D2
:1094700093F51C00E38C05AAE38A07AA9305000371
:109480002304B102A304C102A3030102E3D806E44A
:1094900093EC2C006FF09FAAB73701809387478920
:1094A0002326F1006FF0DFFA03477102630007081B
:1094B000930771022320F106930710002322F1067F
:1094C000130E1000130709006FF0CFD293051000A0
:1094D000E310B6E213050000930700036FF00FF8E6
:1094E000EFB05F966FF04FA693076000138B0600F6
:1094F00063EAD70237380180130A0B00930A888A7F
:109500006FF00FCAB73601809386C6BA2324D10004
:109510006FF01FC0130E10001306000013070900A0
:109520006FF08FD4130B60006FF0DFFC13060000A8
:10953000130E1000130709006FF08FCC03250100F4
:109540001306C10293850900EFF04F896FF0CFBB7E
:10955000373E018013850500130ECEB96FF0DFD2C0
:10956000938D0800930600006FF0CFB2373E018064
:1095700093051600130ECEB96FF04FE29307000368
:109580006FF0CFED373601801306C6BA13050E0013
:109590002324C1006FF01FAB9307F0FF2322F100DB
:1095A0006FF08FB983260C00130C4C0063C80600C3
:1095B000938D080093870D006FF04FAD9306F0FF79
:1095C000938D08006FF01FFF130500006FF00FE888
:1095D0009307050003A541F49306060013860500D2
:1095E000938507006FF04F93130101B88397C5006F
:1095F00003D7E500232C814613840500B70501003D
:109600009385D5FF032E44060323C4018328440217
:1096100013170701B3F7B700B3E7E70013080040DB
:10962000232AF1009305810093070107232A91461D
:1096300023282147232E1146130905002326C1079D
:1096400023226102232611032324F100232CF1009D
:1096500023280101232E010123200102EFF0CF8BEB
:1096600093040500635C05028357410193F70704E7
:10967000638807008357C40093E707042316F400A8
:109680008320C14703248147032901471385040030
:10969000832441471301014867800000930581003E
:1096A00013050900EF000037E30005FC9304F0FF09
:1096B0006FF09FFB130101FF2326110023202101DE
:1096C000638805022324810023229100138405006E
:1096D000930405006306050083274503638C070C8C
:1096E0008317C4006392070203248100832441008E
:1096F0008320C1001309000013050900032901009C
:109700001301010167800000930504001385040024
:10971000EF00800B8327C40213090500638A07004A
:109720008325C40113850400E78007006344050610
:109730008357C40093F7070863960706832504033D
:10974000638C0500930704046386F5001385040009
:10975000EFC05FB823280402832544046388050012
:1097600013850400EFC01FB723220404EFB0CFEF2E
:1097700023160400EFB08FEF8320C1000324810083
:10978000832441001305090003290100130101018D
:10979000678000008357C4001309F0FF93F70708A0
:1097A000E38E07F88325040113850400EFC09FB200
:1097B0006FF0DFF8EFB00FE96FF09FF2930505004F
:1097C00003A541F46FF01FEF0397C500130101FEDD
:1097D000232C810023263101232E1100937787004B
:1097E000138405009309050063900712B717000062
:1097F0009387078083A64500B367F7002396F5009B
:109800006352D018032884026304080E232A9100AF
:109810009316370183A4090023A009008325C401FE
:1098200063CE061613060000930610001385090088
:10983000E70008009307F0FF130605006304F51A1C
:109840008317C400032884028325C40193F74700CB
:10985000638E070003274400832704033306E64092
:10986000638607008327C4033306F640930600008F
:1098700013850900E70008009307F0FF6314F51251
:1098800083A609009307D0010317C40063EAD71623
:10989000B707402093871700B3D7D70093F7170077
:1098A0006380071603260401B7F7FFFF9387F77F4E
:1098B000B377F7002316F400232204002320C4000A
:1098C0009317370163D407006382061083250403CE
:1098D00023A0990063840510930704046386F500B0
:1098E00013850900EFC01F9F832441012328040230
:1098F000130500008320C101032481018329C100D5
:1099000013010102678000002328210103A905013A
:1099100063020908232A910083A405001377370006
:1099200023A02501B384244193070000631407009A
:1099300083A745012324F400634890006F0040058D
:109940003309A90063569004832744028325C40188
:10995000938604001306090013850900E7800700B9
:10996000B384A440E34EA0FC0317C4000329010103
:1099700013670704832441012316E4001305F0FF55
:109980006FF05FF783A6C503E34ED0E66FF05FF696
:1099900083244101032901016FF09FF5032604058B
:1099A0006FF0DFEA0317C40083260401B7F7FFFF57
:1099B0009387F77FB377F7002316F4002322040080
:1099C0002320D40093173701E3D207F08325040343
:1099D0002328A40423A09900E39005F083244101E7
:1099E0006FF01FF183A70900E38C07E41307D00190
:1099F000638CE700130760016388E7000317C40066
:109A0000136707046FF01FF723A099008324410117
:109A10006FF01FEE130101FE232C8100232E110095
:109A2000130405006306050083274503638A0702C4
:109A30008397C500639C07008320C1010324810133
:109A400013050000130101026780000013050400E4
:109A5000032481018320C101130101026FF0DFD6CD
:109A60002326B100EFB00FBE8325C1006FF05FFC6D
:109A7000630005069305050003A541F46306050090
:109A800083274503638C07008397C500639607000F
:109A900013050000678000006FF01FD3130101FE63
:109AA0002326B1002324A100232E1100EFB08FB98B
:109AB0008325C100032581008397C50063940702B5
:109AC0008320C1011305000013010102678000001B
:109AD000B7A50080138601C3938545A1138501C4F2
:109AE0006FB00FC88320C101130101026FF0DFCDF9
:109AF000832786006384072C8396C500130101FD2C
:109B000023248102232C41012328610123261102F1
:109B100093F78600130B0600130A05001384050053
:109B2000638E070883A70501638A07082322910231
:109B300023202103232E3101232A510193F72600EC
:109B400083240B006384070A832744028325C4010E
:109B5000B70A00809309000013090000938A0AC025
:109B60001386090013050A0063020904930609001D
:109B700063F42A0193860A00E78007006350A04639
:109B800083278B00B389A9003309A940B387A74075
:109B90002324FB006386071A832744028325C4011C
:109BA0001386090013050A00E31209FC83A90400C7
:109BB00003A94400938484006FF09FFA9305040086
:109BC00013050A00EFB09FB9631C051C8316C4007F
:109BD0002322910223202103232E3101232A510124
:109BE00093F7260083240B00E39007F623267101E8
:109BF0002324810193F716006396071C8327040032
:109C000003278400B70A008023229101930B0000F0
:109C100093090000938AFAFF13850700130C0700CD
:109C20006382091013F6062063080628930C0700C8
:109C300063E6E93213F70648630A0708032644017E
:109C400083250401131716003307C7003389B74073
:109C5000135CF701330CEC0093071900135C1C40F4
:109C6000B387370113060C006376FC00138C0700E2
:109C70001386070093F60640638E063093050600B0
:109C800013050A00EFA0CFEF930C0500630C053419
:109C90008325040113060900EFC08F908357C40089
:109CA00093F7F7B793E707082316F40033852C01E1
:109CB000B3072C4123289401232A84012320A400E4
:109CC000138C09002324F400938C090013860C00E4
:109CD00093850B00EF00D01D032784008327040029
:109CE0001389090033078741B38797012324E400D0
:109CF0002320F4009309000083278B00B38B2B01F2
:109D0000B38727412324FB006386070283270400CF
:109D1000032784008316C40013850700130C070073
:109D2000E39209F083AB040083A944009384840088
:109D30006FF09FEE832BC100032C8100832C410028
:109D40008320C102032481028324410203290102EA
:109D50008329C101832A4101032A8101032B0101C7
:109D60001305000013010103678000009305040040
:109D700013050A00EFF01FCA630E050A8317C4001B
:109D8000832BC100032C810083244102032901029B
:109D90008329C101832A410193E707042316F400B4
:109DA0008320C10203248102032A8101032B0101C4
:109DB0001305F0FF13010103678000001305000085
:109DC00067800000930A000013050000130C0000D8
:109DD0009309000063820908630A050893870A0053
:109DE000938B090063F43701938B0700032504006C
:109DF00083270401032984008326440163F6A70016
:109E00003309D9006344790963C0DB168327440210
:109E10008325C40113060C0013050A00E780070020
:109E200013090500E35CA0F4B38A2A41130510006E
:109E3000E38E0AF283278B00330C2C01B38929416E
:109E4000B38727412324FB00E39607F8832BC10047
:109E5000032C81006FF0DFEE83A944009387040098
:109E600093848400E38A09FE03AC0700138609008B
:109E70009305A00013050C00EF004059630A051478
:109E800013051500B30A85416FF05FF593050C00CB
:109E900013060900EF00D001832704009305040096
:109EA00013050A00B38727012320F400EFF09FB6C3
:109EB000E30C05F66FF09FEC8326040163E2F604E1
:109EC0000326440163EEC9029387090063F43A0153
:109ED00093870A00B3E6C702032744028325C4011F
:109EE00013860B0013050A00B386D740E70007006E
:109EF00013090500635AA004B38929416FF0DFDF1D
:109F00001309070063F4E9001389090013850700AA
:109F10001306090093850B00EF0080790327840066
:109F20008327040033072741B38727012324E40054
:109F30002320F400E31207FC9305040013050A0034
:109F4000EFF05FADE30A05FA8317C400832BC1006D
:109F5000032C8100832C41006FF01FE3138C090058
:109F6000938C09006FF09FD613860B0093050C00AD
:109F7000EF000074032784008327040013890B007B
:109F800033077741B38777012324E4002320F400CB
:109F90006FF09FE913050A00EF300041930C0500B4
:109FA000E31605D08325040113050A00EFC08FB224
:109FB0008317C4001307C000832BC100032C81004A
:109FC000832C41002320EA0093F7F7F76FF0DFDBE3
:109FD00093871900938A07006FF09FE08317C400EE
:109FE0006FF09FDA1307C0008317C400832BC100F2
:109FF000032C8100832C41002320EA006FF0DFD87E
:10A000008397C500130101F8232C8106232E110626
:10A0100013F72700138405006304070293873504B0
:10A0200023A0F50023A8F5009307100023AAF5004C
:10A030008320C10703248107130101086780000002
:10A040008395E500232A910623282107232631073B
:10A05000232441079304050063C605081306810005
:10A06000EF000059634E05068327C10037F9000051
:10A07000B71900003379F900B7E7FFFF3309F9009A
:10A0800013391900130A00409389098093050A00C7
:10A0900013850400EFA0CFAE8317C4006308050644
:10A0A00093E707082320A4002328A4002316F40024
:10A0B000232A44016310090AB3E737018320C1074B
:10A0C0002316F40003248107832441070329010791
:10A0D0008329C106032A8106130101086780000055
:10A0E0008317C40093F7070813090000638E070461
:10A0F000130A000493050A0013850400EFA04FA87B
:10A100008317C40093090000E31C05F813F7072028
:10A11000631E070493F7C7FF93E727001307340470
:10A120002316F40093071000832441070329010735
:10A130008329C106032A81062320E4002328E400A2
:10A14000232AF4006FF0DFEE130A004093090000A9
:10A150006FF0DFF38315E40013850400EF00804FF8
:10A16000631005028317C4006FF01FF583244107B5
:10A17000032901078329C106032A81066FF05FEBDB
:10A180008357C40093F7C7FF93E71700939707011E
:10A1900093D707416FF05FF2130101F92324810681
:10A1A000138405008395E5002322910623202107CF
:10A1B00023261106930406001389060063CA0504CA
:10A1C00013068100EF00C042634405040327C10069
:10A1D000B7F700008320C106B3F7E70037E7FFFFBA
:10A1E000B387E7000324810693B717002320F90003
:10A1F0001307004023A0E400371500008324410624
:10A20000032901061305058013010107678000007B
:10A210008357C40093F70708638807028320C106A9
:10A2200003248106930700002320F900130700048C
:10A2300023A0E4000329010683244106130500003E
:10A2400013010107678000008320C10603248106F3
:10A250002320F9001307004023A0E400032901068E
:10A2600083244106130500001301010767800000E5
:10A27000130101FE232C8100232A910023282101B0
:10A28000232E110013090500938405001304060012
:10A29000EF00002C93071000631CF5009387F4FF78
:10A2A0001307E00F6366F700230691006F0040027A
:10A2B0009306C405138604009305C1001305090025
:10A2C000EF3000699307F0FF6304F508630C0502A3
:10A2D000832784008345C1009387F7FF2324F4007C
:10A2E00063DA07000327840163CCE7029307A00029
:10A2F0006388F50283270400138717002320E400F6
:10A300002380B7008320C1010324810103290101B7
:10A3100013850400832441011301010267800000BA
:10A320001306040013050900EFB00FA99307F0FF0F
:10A33000E31AF5FC1305F0FF8320C101032481011A
:10A3400083244101032901011301010267800000F8
:10A350008357C4001305F0FF93E707042316F400A6
:10A360006FF09FFD8317C600139727016340070214
:10A3700003274606B7260000B3E7D700B72600003C
:10A380003367D7002316F6002322E6066FF05FEE50
:10A39000130101FE232C810003A441F4232E11009C
:10A3A0001386050093050500630604008327440314
:10A3B000638007048317C6001397270163400702D1
:10A3C00003274606B7260000B3E7D700B7260000EC
:10A3D0003367D7002316F6002322E6061305040090
:10A3E000032481018320C101130101026FF05FE8A2
:10A3F0002324A100130504002326C100EFA09FA47D
:10A400000326C100832581006FF0DFFA93773500C2
:10A4100093F6F50F638A07029307F6FF630E0602B1
:10A420001306F0FF6F008001130515001377350048
:10A43000630E07009387F7FF6380C7020347050099
:10A44000E314D7FE6780000093070600130730006F
:10A450006368F7006390070613050000678000003B
:10A4600093F5F50F13978500B305B7001397050112
:10A47000B708FFFE37888080B385E5009388F8EF42
:10A4800013080808130330006F0000019387C7FF0B
:10A4900013054500E370F3FC0327050033C7E5000F
:10A4A000330617011347F7FF3377E60033770701C9
:10A4B000E30E07FCB307F5006F00C000130515009D
:10A4C000E38CA7F803470500E31AD7FE6780000076
:10A4D000130101FF2326110023229100630E0602BF
:10A4E000B7350180938505BC130506002324810040
:10A4F00013040600EF00802CB734018063120502BC
:10A50000032481001385C4BB8320C1008324410040
:10A510001301010167800000B73401806FF09FFED6
:10A520009385C4BB13050400EF004029E30A05FC32
:10A53000B7150180938505E413050400EF0000289A
:10A54000E30005FC03248100130500006FF0DFFB2E
:10A5500003C581E867800000130101FF2326110075
:10A5600023229100638E05022324810013840500B9
:10A57000B7350180938505BC13050400EF00002466
:10A58000B734018063120502032481001385C4BB24
:10A590008320C10083244100130101016780000072
:10A5A000B73401806FF09FFE9385C4BB1305040090
:10A5B000EF00C020E30A05FCB7150180938505E490
:10A5C00013050400EF00801FE30005FC0324810055
:10A5D000130500006FF0DFFB1305050F6780000017
:10A5E000138501E567800000138501E567800000A1
:10A5F000130101FF1387050023248100232291000A
:10A600001304050093050600130507002326110017
:10A6100023AE01F4EF60CF8D9307F0FF630CF500DC
:10A620008320C10003248100832441001301010120
:10A630006780000083A7C1F5E38407FE8320C10083
:10A640002320F4000324810083244100130101012D
:10A6500067800000130101FF232481002322910061
:10A6600013040500138505002326110023AE01F411
:10A67000EF600F8E9307F0FF630CF5008320C1009D
:10A68000032481008324410013010101678000003D
:10A6900083A7C1F5E38407FE8320C1002320F400D3
:10A6A000032481008324410013010101678000001D
:10A6B00063F6A5023387C5006372E502B307C500E0
:10A6C000630606048346F7FF9387F7FF1307F7FF38
:10A6D0002380D700E318F5FE678000009307F000A1
:10A6E00063E8C702930705009306F6FF6302060CB2
:10A6F00093861600B386D70003C70500938717001B
:10A7000093851500A38FE7FEE398D7FE67800000CE
:10A71000B367B50093F7370063960708930806FF01
:10A7200093F808FF93880801B30615011387050005
:10A730009307050003280700130707019387070104
:10A7400023A807FF032847FF23AA07FF032887FF43
:10A7500023AC07FF0328C7FF23AE07FFE39CD7FC0A
:10A760001378C600B38515011377F6006304080457
:10A770001308C7FF1378C8FF13084800B387060102
:10A7800013870500832807009386460013074700B8
:10A7900023AE16FFE398F6FE13763600B385050167
:10A7A0006FF09FF49306F6FF930705006FF05FF4D8
:10A7B00067800000130607006FF01FF33367B500D2
:10A7C0009303F0FF1377370063100710B7877F7F7D
:10A7D0009387F7F70326050083A60500B372F600FA
:10A7E0003363F600B382F200B3E262006392721048
:10A7F0006316D6080326450083A64500B372F6000B
:10A800003363F600B382F200B3E26200639E720C1F
:10A810006316D6060326850083A68500B372F6006C
:10A820003363F600B382F200B3E262006398720C05
:10A830006316D6040326C50083A6C500B372F600CE
:10A840003363F600B382F200B3E262006392720CEB
:10A850006316D6020326050183A60501B372F6002E
:10A860003363F600B382F200B3E26200639C720AC3
:10A870001305450193854501E30ED6F41317060130
:10A8800093970601631EF7001357060193D706013D
:10A890003305F7409375F50F63900502678000005C
:10A8A0001357070193D707013305F7409375F50F49
:10A8B00063940500678000001377F70F93F7F70F95
:10A8C0003305F740678000000346050083C6050096
:10A8D00013051500938515006314D600E31606FED4
:10A8E0003305D64067800000130545009385450079
:10A8F000E31CD6FC130500006780000013058500EB
:10A9000093858500E312D6FC1305000067800000E4
:10A910001305C5009385C500E318D6FA130500009A
:10A92000678000001305050193850501E31ED6F835
:10A930001305000067800000130101FE232A910027
:10A940008327050183A40501232E110063C0971CF2
:10A950009384F4FF13932400232C81001384450176
:10A960002326310123244101B3096400130A450160
:10A9700083A7090033036A0003270300232821016A
:10A9800023225101938717003359F702930A0500D8
:10A99000636AF70A370501009308040013080A00E8
:10A9A000930E0000930600001305F5FF03A70800AF
:10A9B000032E0800130848003376A7001357070139
:10A9C000B377AE00135E0E0193884800330626036A
:10A9D000330727033306D601B37EA600B387D741DA
:10A9E00013560601B387D70093D60741B3F7A700E4
:10A9F0003307C7003376A700B386C640B386C601C7
:10AA000013960601B3E7C700232EF8FE935E0701F5
:10AA100093D60641E3FC19F98327030063940702E8
:10AA20001303C3FF63686A006F0080019384F4FF1F
:10AA300063786A00832703001303C3FFE38807FEDC
:10AA400023A89A0013850A00EF20401C634C0508D8
:10AA50003705010093050A00130700001305F5FFF1
:10AA600083A605000326040093854500B3F7A600DE
:10AA70003378A600B3870741B387E70013D70741B0
:10AA80001356060193D606013307C7403307D70094
:10AA900093160701B3F7A700B3E7D70013044400E8
:10AAA00023AEF5FE13570741E3FC89FA9397240080
:10AAB000B307FA0003A70700631407029387C7FFD1
:10AAC0006368FA006F0080019384F4FF6378FA00F2
:10AAD00003A707009387C7FFE30807FE23A89A0090
:10AAE00013091900032481018320C1018329C100B6
:10AAF000032A8100832A41008324410113050900B0
:10AB00000329010113010102678000008320C101B4
:10AB10008324410113050000130101026780000036
:10AB200003238503130101F4232C810A232A910AAC
:10AB30002328210B2322510B2326B109232E110A8E
:10AB40002326310B232EE100232AF10023281101B3
:10AB50002326B1022324C10013040500938D0500B0
:10AB600093040600938A0600130908006302030297
:10AB70000327C5039307100093050300B397E7006D
:10AB80002322E3002324F300EF10006C232C0402A3
:10AB9000938904009306000063DC0400939414007E
:10ABA00093D714002324F100938907009306100023
:10ABB0003707F07F2320D900B3F6E9006388E66009
:10ABC0008324810013850D00130600009385040083
:10ABD000930600002320B10323229102EF40406638
:10ABE000631A050403274101930710002320F7008F
:10ABF0000327010163080700B73701809387178B8C
:10AC00002320F700B73901809389098B8320C10B7A
:10AC10000324810B8324410B0329010B832A410A5E
:10AC2000832DC108138509008329C10A1301010C72
:10AC30006780000013860400130781079306C1078D
:10AC400093850D00130504002324410B2320610B81
:10AC5000232E7109232C8109232A91092328A10974
:10AC600013D94901EF20403E930405006312095AAD
:10AC7000832B81070329C1079307000233892B0126
:10AC800013072943E3D0E73293070004B387E74073
:10AC900013052941B397F90033D5AD0033E5A7007B
:10ACA000EF50501AB70710FE930610001307050067
:10ACB000B387B7001309F9FF2324D10403A601EFDA
:10ACC00083A641EF1305070093850700EF40106E40
:10ACD00003A681EF83A6C1EFEF40C07F03A601F07A
:10ACE00083A641F0EF308050130A050013050900D8
:10ACF00093890500EF50900903A681F083A6C1F067
:10AD0000EF40407D130605009386050013050A00F9
:10AD100093850900EF30804D130B050093890500E2
:10AD2000EF50807E130A05009385090013050B0080
:10AD30001306000093060000EF40406963500502CF
:10AD400013050A00EF50900413060B0093860900C8
:10AD5000EF40004F3335A000330AAA4033892B411E
:10AD600093076001130BF9FFE3E8471D37370180B4
:10AD700093173A00130707C7B387E70003A6070036
:10AD800083A647000325010283254102EF400064AA
:10AD9000E35A051E130AFAFF232E0102232C010099
:10ADA000634C0B4863540A4A8327810123244103DF
:10ADB000B3874741232CF100B3074041232CF10214
:10ADC00093079000130A000063EC57499307500063
:10ADD000E3D0571F938ACAFF93073000130900007E
:10ADE000E388FA62E3D0575F93074000E390FA529A
:10ADF000930710002328F1020326C101E352C0602B
:10AE00002326C104130C06009306700113071000DB
:10AE10009307400063C4C6006F10802F93971700FC
:10AE2000938647019305070013071700E378D6FEC2
:10AE3000232EB40213050400EF10C035930905005A
:10AE4000631405006F10002B232CA4029307E0006D
:10AE500063E6874F6304094E83268102E35AD05E7E
:10AE600093F7F60037370180130707C7939737002A
:10AE700093DC4640B387E70093F60C0103A8070074
:10AE800003A74700E3880652B737018003A607D817
:10AE900083A647D803250102832541022328E10424
:10AEA00023200105EF301041032801040327010589
:10AEB00093FCFC0013030500138D050013093000FB
:10AEC000638C0C04B73B018023208104938B0BD649
:10AED00013040900930507001309030093F71C00EE
:10AEE000638E070003A60B0083A64B001305080022
:10AEF00013041400EF40005E1308050093DC1C40AF
:10AF0000938B8B00E39C0CFC1303090013090400D2
:10AF100003240104138705009306070013060800A5
:10AF20001305030093050D00EF30D038130705001B
:10AF3000938705008326C1036388060203A601F1F7
:10AF400083A641F113050700938507002328E10438
:10AF50002320F104EF4080478327010403270105E4
:10AF6000635405006F100001130509002320F1064A
:10AF70002320E104EF5080610327010483270106A9
:10AF800013060700938607002328E1042320F10419
:10AF9000EF40405403A601F283A641F2EF300025B2
:10AFA000B706C0FC8327010403270105930C0500A5
:10AFB000B38BB600630E0C328326810223208107F7
:10AFC0002324D10613050700938507002328E104F5
:10AFD0002320F104EF5040538327010637360180C8
:10AFE000130905009386F7FF93963600930706C76B
:10AFF000B386D70003A846002326F10683A70600E0
:10B00000232E010523229107232CF104EF50005831
:10B010000327010583270104130605009386050015
:10B020001305070093850700EF40503803270103FD
:10B03000138D1900130309032320A105930C0500A8
:10B040001373F30FE304075A03A501F303268105E5
:10B050008326C1052320B10483A541F3232861047D
:10B06000EF3050250326410693860B00EF40103445
:10B07000832801040323010513860C00938608002E
:10B080002380690013090500938B0500EF4000241D
:10B09000832801046354A0006F00507883A701F156
:10B0A00003A841F1232C41052328F104232A01059B
:10B0B00003A8C1F183A781F1232261072326810719
:10B0C0002320F10493070000032C0106232201052D
:10B0D000138B070023205107138A08006F00000913
:10B0E000130B1B0063448B016F005078032601048F
:10B0F000832641041305090093850B00EF40803D32
:10B10000032601048326410413090500938B0500DF
:10B1100013850C0093050A00EF40C03B938C05009B
:10B12000930A0500EF50403E130A0500EF50004619
:10B13000130605009386050013850A0093850C000D
:10B14000EF40D02693070A031306090093860B00ED
:10B150002300FD00130D1D00930C0500138A05004C
:10B16000EF40C026635405006F00506B03250105B6
:10B170008325410513860C0093060A00EF40102337
:10B180001306090093860B00EF404024E35A05F4B0
:10B1900083278106930B0D00138C17001306900371
:10B1A0006F008000E386796583C6FBFF138D0B007B
:10B1B000938BFBFFE388C6FE9386160093F6F60F8B
:10B1C0002380DB00930D0C006F00004D83264101AE
:10B1D000372700009397C9001307F77093D7C7006C
:10B1E00023A0E600B3E7B7016380070A83270101C4
:10B1F000B7390180938949BDE38A07A0B737018039
:10B20000938777BD032701012320F7006FF01FA06C
:10B2100083274102B706F03F832B81079397C7002E
:10B2200093D7C70003270102B3E7D700130919C05A
:10B23000232401046FF09FA893071000B3872741D0
:10B24000232CF100130B0000E3400AB62324410332
:10B25000232C010293079000330B4B01E3F857B7FF
:10B260009307100013091000930A00002328F1022D
:10B27000130CF0FF232E0100232E04022326810548
:10B28000930500006FF01FBB83270101B7390180D0
:10B29000938989BCE38C0796B7370180938707BDF4
:10B2A0006FF05FF6130509002320F1062320E10467
:10B2B000EF50C02D03270104832701061306070062
:10B2C000938607002328E1042320F104EF40802027
:10B2D00003A601F283A641F2EF20507183270104F7
:10B2E00003270105B706C0FC930C0500B38BB6001D
:10B2F00003A681F283A6C1F2130507009385070018
:10B30000EF40D00A13860C0093860B00130D050046
:10B3100013890500EF30907BE342A04EB707008011
:10B32000B3C7770113860C0013050D009386070041
:10B3300093050900EF408009634805068327C1078C
:10B3400063CE0718832681021307E0006348D718ED
:10B350008327810237370180130707C79397370088
:10B36000B387E70003AA070083AA47008327C10128
:10B3700063D807046346800563180C0203A681F2B4
:10B3800083A6C1F213050A0093850A00EF408014DA
:10B39000130605009386050003250102832541025B
:10B3A000EF40C002E34CA044138D090023200102AA
:10B3B000130900008327C10193CDF7FF6F00406997
:10B3C000938719002320F104032B01020329410272
:10B3D00013060A0093860A0013050B009305090063
:10B3E000EF30406DEF504012130D0500EF50001A82
:10B3F00013060A0093860A00EF40C00D13060500ED
:10B400009386050013050B0093050900EF40007AB1
:10B4100093070D032380F90013061000832B01040A
:10B420001307050093860500E30CCC0C83A781F17C
:10B4300003A8C1F1930D10002324F100232601017C
:10B440006F00000613060A0093860A0013050B001E
:10B4500093050900EF300066EF50000B130D050057
:10B46000EF50C01213060A0093860A00EF408006D0
:10B4700093860500130605009305090013050B00CC
:10B48000EF40C072938B1B0093070D03938D1D003B
:10B49000A38FFBFE1307050093860500E302BC079C
:10B4A00003268100938506008326C100130507004B
:10B4B000EF4040021306000093060000130B050046
:10B4C00013890500EF30D057E31E05F6832781026C
:10B4D000138D0B00938D17006F00001C03270103D1
:10B4E00063160726832B8103832C81012328010205
:10B4F0001309000063820C026350600393870C0001
:10B5000063449B6703278101B38CFC40330BFB40F2
:10B510003307F740232CE10083278103638207026E
:10B520008327010363840700E39C0B060326810342
:10B530009385040013050400EF10403F93040500B9
:10B540009305100013050400EF1000102320A10242
:10B55000631C0A509307100063DC5755B3876701DB
:10B5600093F7F7016380071E130700023307F740C4
:10B570009306400063D4E6581307C001B307F740B1
:10B5800003278101B38CFC00330BFB003307F7006A
:10B59000232CE100832781016340F014635C600188
:10B5A0008325010213060B0013050400EF10004D64
:10B5B0002320A1028327C103639C071263548045A3
:10B5C000832701036390072683278102938D170049
:10B5D000832A0102130A10006F0000029385040001
:10B5E000930600001306A00013050400EF001048A6
:10B5F00093040500130A1A0093850A0013850400BA
:10B60000EFF08FB3930B0503B3874901A38F77FF47
:10B61000E3468AFD130A100063448055338A4901CA
:10B62000930A00009385040013061000130504001C
:10B63000EF10C0448325010293040500EF10005D64
:10B64000635EA04E930690036F008000638A495F9B
:10B650008347FAFF130D0A00130AFAFFE388D7FEA7
:10B66000938717002300FA008325010213050400C5
:10B67000EF00903D63020902638A0A0063882A0191
:10B6800093850A0013050400EF00103C93050900A0
:10B6900013050400EF00503B9385040013050400DC
:10B6A000EF00903A8327410123000D0023A0B7014A
:10B6B000832701016384070023A0A701032A810ACD
:10B6C000032B010A832BC109032C8109832C410917
:10B6D000032D01096FF08FD39385040013860700B3
:10B6E00013050400EF108039930405006FF01FEB81
:10B6F0008325010213850400EF104051E35005EC4F
:10B700008327810293850400930600001306A0009E
:10B7100013050400138BF7FFEF0050358327010357
:10B7200093040500639E070C032CC104E35A8015A3
:10B73000832D81026FF0DFE993071000232EF102C1
:10B740006FF0CFE59307C0016FF09FE31307100080
:10B750006354574D83278103930BFCFF63CA7741E2
:10B76000B38B774183278101B38C8741E3500C0E63
:10B770009305100013050400EF00106D1309050078
:10B780006FF05FD7232E0102232C0100E34020AD90
:10B7900093071000B3872741232CF100130B0000FF
:10B7A0006FF0DFAAB387E7403395FD006FF04FCF0E
:10B7B0009307300013091000638CFA4463C657E303
:10B7C00093072000E38CFA14232E04029305000053
:10B7D00013050400EF00101C93090500E30C05108D
:10B7E000930710002328F1029307F0FF232CA402F3
:10B7F0002326F104130CF0FF232E01006FF01FB479
:10B8000093050900930600001306A0001305040029
:10B81000EF00D025032CC10413090500E35680096D
:10B8200023246103635C90019305090013860C00D7
:10B8300013050400EF10802413090500130B090001
:10B84000631E0A508327C102138DF9FF938C0900F0
:10B85000232C31018329010293F71700330D8D0149
:10B860002324F100232EB1019385090013850400E0
:10B87000EFF08F8C130C050093050900138504006D
:10B88000EF10C038130A050013060B00938509005A
:10B8900013050400EF10003D0327C500930B0C03B4
:10B8A000930D0500631C070893050500138504002C
:10B8B000EF10C0351307050093850D001305040034
:10B8C000930D0700EF005018B3E65D01639A060E72
:10B8D00083278100638A077463420A7623807C0190
:10B8E000138A1C0063049D6793850400930600007F
:10B8F0001306A00013050400EF0050179304050081
:10B90000930600001306A000930509001305040028
:10B91000630E6909EF00901593050B0013090500EC
:10B92000930600001306A00013050400EF00101496
:10B93000130B0500930C0A006FF01FF3930505002D
:10B940001305040083298101832DC101EF00D00F6D
:10B95000634A0A0013F71D00336A5A01336747012F
:10B96000631E0706938504001306100013050400E8
:10B97000EF10C0108325010293040500EF10002989
:10B980006358A02413079003638CEB24930B1C03D0
:10B9900083278102930A0900138D1C0023807C01F8
:10B9A000938D170013090B006FF01FCCEF00100CE4
:10B9B00013090500130B0500930C0A006FF0DFEA72
:10B9C00063440A7283278100336A5A0133EA4701CC
:10B9D000630C0A70E354B0F18329810113079003CB
:10B9E0006380EB200327810293871B00930A0900E1
:10B9F000138D1C00930D17002380FC0013090B000E
:10BA00006FF09FC693072000E3DC57BB138D09003E
:10BA1000E3120C9A832501029306000013065000DE
:10BA200013050400EF009004930505002320A102F4
:10BA300013850400EF10801DE35EA09693071003AA
:10BA40002380F90083278102138D1900938D17003D
:10BA50008325010213050400938D1D00EF00C07EB5
:10BA6000E31609C26FF05FC39305050013060A00D1
:10BA700013050400EF00906B930710002320A10230
:10BA800063DE5711130A0000032701028327070111
:10BA90009387370093972700B307F70003A5470064
:10BAA000EF00102593070002B387A7406FF01FAB8C
:10BAB0008327C10263900704832781009397C700FF
:10BAC000639A0702832681009307000013D746017B
:10BAD0001377F77F630C070083278101130B1B008B
:10BAE00093871700232CF10093071000631C0A545E
:10BAF000138A0700930710006FF05FA6E30CD7A826
:10BB00001307C003B307F7406FF09FA79307100018
:10BB1000930A50002328F1028327C10103278102E1
:10BB2000B387E700138C17002326F10413060C00DB
:10BB3000634C80AD130610006FF00FAD6316050067
:10BB400093F71B00E39007B0930600038347FAFFC7
:10BB5000130D0A00130AFAFFE38AD7FE6FF0DFB075
:10BB6000130A0C006FF09FAB93070B006FF09F99C7
:10BB70008327810303278101232C7103B387FB40B3
:10BB8000330AFA00B3078701930C0700330B8B01CC
:10BB9000232CF100930B00006FF09FBD8327C1029F
:10BBA000E39207EE832781009397C700E39C07EC9D
:10BBB0006FF05FF103230102032D410213092000FE
:10BBC0006FF00FB0930A2000232801026FF0CFA27C
:10BBD000E31005DC13F71B00E31607DA6FF05FDBF9
:10BBE000930790032380FC0083278102930A0900B6
:10BBF000138A1C00938D170013090B006FF09FA48C
:10BC000093071000130C1000232EF1006FF0CFE605
:10BC1000232801026FF05FF00327810463040730DB
:10BC20000327810193873743330BFB00B307F700EA
:10BC3000832B8103930C0700232CF1006FF05FB37B
:10BC4000930710032380F900938D1D006FF0DFA18F
:10BC50008327810263880730B30BF04093F7FB0022
:10BC600037370180130707C793973700B387E7007B
:10BC700003A6070083A6470003250102832541028E
:10BC800093DB4B40EF301005138D050063880B42AA
:10BC900013092000B73C018023208104938C0CD62B
:10BCA000130409001307050013060000130905001B
:10BCB00093F61B006380060203A60C0083A64C00CB
:10BCC0001305070013041400EF30D000130705001C
:10BCD0001306100093DB1B40938C8C00E39A0BFC43
:10BCE00013050900938705001309040003240104C8
:10BCF000631206A41307050093070D006FF08FA3CE
:10BD0000938506001306070013050700EF20004E79
:10BD10008327810213060A0093860A00938D170079
:10BD2000130B050013890500138C0D00EF30005A2A
:10BD30006346A0C613050B009305090013060A000D
:10BD400093860A00EF30C04F63160500137D1D0077
:10BD500063160DC4138D0B006FF01F9483254900EB
:10BD600013050400EF000043130A050063000536C5
:10BD7000032609019305C9001305C5001306260013
:10BD800013162600EFA0CF811306100093050A00BA
:10BD900013050400EF00904E130B05006FF09FAAEF
:10BDA0009305090013860B0013050400EF001038FB
:10BDB000138604009305050013090500130504000C
:10BDC000EF0090139307050093850400130504000A
:10BDD00093840700EF00404783278103B3877741AF
:10BDE000232CF102638E07F46FF04FF403268105D4
:10BDF0008326C105032541062328B10493850B0042
:10BE000023286102EF30006D03230103832701061D
:10BE100093061000238069002324A10483280105D0
:10BE200013890500B38BF900638CD72683A781F1B2
:10BE300003A8C1F1232891042328F102232A010336
:10BE40002320810613850C00938508000326010337
:10BE500083264103130D1D00EF30C06713840500D6
:10BE600093040500EF40406A930C0500EF40007218
:10BE7000130605009386050013850400930504004E
:10BE8000938C0C03EF309052A30F9DFFE390ABFD1A
:10BE90008324010503240106930C05009388050003
:10BEA00003A601F383A641F303258104930509004A
:10BEB00023281103EF2080338328010313860C000D
:10BEC00093860800EF308050634C051803268104E8
:10BED00003A501F383A541F393060900EF30104D4C
:10BEE0008328010313860C0093860800EF30003E80
:10BEF000634CA0108327C10763C607DE03278102B6
:10BF00009307E00063C0E7DE832781020327C106B1
:10BF100093973700B307F70003AA070083AA4700E7
:10BF20006FF08FCA0327810783268101930760037F
:10BF3000B387E740330BFB00B387F600832B810305
:10BF4000938C0600232CF1006FF09F8283278102DF
:10BF5000930A090083298101938D170013090B00AF
:10BF60006FF04FEC032701028327410213092000E1
:10BF70006FE05FFC63080CB2032DC1046350A0BDE9
:10BF8000938507008327810283A6C1F103A681F16F
:10BF90009387F7FF130507002324F106EF30805342
:10BFA00013070500130519002328E1042320B10419
:10BFB000EF40C05D03270105832701041306070036
:10BFC00093860700EF30005103A601F283A641F2E9
:10BFD000EF20C021B706C0FC832701040327010519
:10BFE000930C0500B38BB6002320A1076FE09FFDE3
:10BFF00093061003130C1C006FF08F9C232001028A
:10C00000130900006FF09FA31306000383C7FBFF13
:10C01000138D0B00938BFBFFE38AC7FE83278106FA
:10C02000938D17006FF04FE7130790038329810169
:10C03000E388EBBAE34C40956FF09F95832981012B
:10C040006FF01F95138A07006FF01FA4938C0700F1
:10C05000B3878701330B8B01232CF1006FF04FF175
:10C0600083278106138C17006FF04F93032A8105F5
:10C07000032B4106032CC106832A01066FF00FAC87
:10C080009307200063C85701832D8102032CC1044C
:10C090006FF00FD4032CC104232461036FF01F97AA
:10C0A000832B01046FF0DFDF93072000E3C457FF09
:10C0B000032CC104232461036FF0CFF6130705009E
:10C0C00093870500130920006FE0DFE6B736018093
:10C0D00037350180938686BD130600009305F02E48
:10C0E0001305C5BEEF10D01683298101E34CB0873C
:10C0F0006FF01F8AB736018037350180938686BD81
:10C10000130600009305F01A1305C5BEEF10501476
:10C11000232E0402930500006FE0DFD123280102E3
:10C120006FE09FCD83A741E467800700638005022D
:10C1300063020604638806048347060023A0F50013
:10C14000034506003335A00067800000130101FF9E
:10C150009305C10063040602638A06028347060052
:10C1600023A0F500034506003335A00013010101AB
:10C1700067800000130500006780000013050000C1
:10C180006FF0DFFE1305E0FF678000001305E0FF9E
:10C190006FF0DFFD83274504130101FF2324810095
:10C1A0002322910023261100130405009384050027
:10C1B000638C070213972400B387E70003A50700E9
:10C1C000630405040327050023A0E70023280500D6
:10C1D000232605008320C10003248100832441001D
:10C1E000130101016780000013061002930540004F
:10C1F000EF10900C2322A40493070500E31C05FA1A
:10C20000130500006FF01FFD23202101130910000A
:10C2100033199900130659001316260093051000D0
:10C2200013050400EF105009630A050023242501BB
:10C2300023229500032901006FF05FF90329010013
:10C24000130500006FF01FF96380050203A7450086
:10C250008327450413172700B387E70003A70700C8
:10C2600023A0E50023A0B70067800000130101FEB2
:10C27000232A910083A4050137030100232C8100A8
:10C280002328210123263101232E110013890500C3
:10C2900093090500138406001388450193080000E4
:10C2A0001303F3FF8327080013084800938818003E
:10C2B00033F767003307C70293D60701B386C60278
:10C2C000B307870013D70701B3F76700B386E6000B
:10C2D00013970601B307F700232EF8FE13D40601C7
:10C2E000E3C298FC630204028327890063DEF40240
:10C2F0009387440093972700B307F90023A2870090
:10C3000093841400232899008320C1010324810110
:10C31000832441018329C100130509000329010178
:10C32000130101026780000083254900138509007D
:10C330002324410193851500EFF0DFE5130A050082
:10C34000630E0504032609019305C9001305C50002
:10C350001306260013162600EF909FA4032749001A
:10C3600083A7490413172700B387E70003A7070033
:10C370002320E90023A027019387440013090A0022
:10C3800093972700B307F900032A810093841400D0
:10C3900023A28700232899006FF01FF7B73601808A
:10C3A00037350180938686BD130600009305A00BE8
:10C3B000130545C2EF10C069130101FE232C810053
:10C3C000232A91002328210123263101232441011E
:10C3D000938906009307900093868600232E110010
:10C3E000B3C6F6021309050013840500130A0600FC
:10C3F0009304070063DA370D9307100093050000DC
:10C400009397170093851500E3CCD7FE1305090019
:10C41000EFF05FD893050500630C050A9307100041
:10C420002328F500232A95009307900063D8470935
:10C4300023225101930A940093840A003304440197
:10C4400083C604001306A00013050900938606FDA9
:10C45000EFF0DFE19384140093050500E39284FE7E
:10C4600013048AFF33848A00832A410063563A0307
:10C47000B3894941B3093401834604001306A0007F
:10C4800013050900938606FDEFF05FDE1304140028
:10C4900093050500E31234FF8320C10103248101C9
:10C4A00083244101032901018329C100032A81005A
:10C4B0001385050013010102678000001304A40026
:10C4C000130A90006FF09FFA930500006FF01FF4BD
:10C4D000B736018037350180938686BD130600008C
:10C4E0009305300D130545C223225101EF1040562C
:10C4F00093070500370701001305000063F6E70006
:10C5000093970701130500013707000163F6E70061
:10C5100013058500939787003707001063F6E7003F
:10C5200013054500939747003707004063EAE7008B
:10C5300093C7F7FF93D7F7013305F5006780000035
:10C540009397270063CA070013971700634A0700F1
:10C5500013050002678000001305250067800000B6
:10C5600013053500678000008327050013070500C9
:10C5700093F677006384060293F617001305000014
:10C58000639E060493F627006388060A93D7170074
:10C590002320F70013051000678000009396070121
:10C5A00093D6060113050000638E060693F6F70F77
:10C5B0006380060693F6F7006382060493F637005D
:10C5C0006384060293F61700639C060093D7170056
:10C5D000130515006396070013050002678000002D
:10C5E0002320F7006780000093D7270093F61700F9
:10C5F00013052500E39606FE6FF05FFD93D7470015
:10C6000093F6370013054500E39E06FA6FF0DFFD51
:10C6100093D7870093F6F70013058500E39006FA99
:10C620006FF0DFFD93D7070193F6F70F13050001B5
:10C63000E39206F86FF0DFFD93D727002320F70081
:10C64000130520006780000083274504130101FFC4
:10C6500023248100232291002326110013040500C6
:10C6600093840500638C070203A547006302050657
:10C670000327050023A2E7008320C10003248100D3
:10C6800093071000232A9500232605002328F50090
:10C69000832441001301010167800000130610028A
:10C6A00093054000EF1040412322A40493070500A6
:10C6B000E31C05FAB736018037350180938686BDC5
:10C6C0001306000093055014130545C2EF104038BF
:10C6D0001306C0019305100013050400EF10C03DC0
:10C6E000E30A05FC930710002322F50093072000BE
:10C6F0002324F5006FF05FF8130101FE23282101C8
:10C700002326310103A9050183290601232A91006B
:10C7100023244101232E1100232C8100138A0500BC
:10C7200093040600634C39011387090093840500C4
:10C7300093090900130A06001309070083A7840060
:10C7400083A5440033842901B3A78700B385F5008E
:10C75000EFF05FA4630E051A13034501931824003C
:10C76000B3081301930703006378130123A00700A4
:10C7700093874700E3EC17FF13084A01131E2900B3
:10C78000938E440193952900330EC801B385BE00F2
:10C790006376C81393875401130F400063F0F516B6
:10C7A000B70601009386F6FF6F00800193DF0F014B
:10C7B00063980F0813084800130343006370C811FF
:10C7C000832F0800B3F3DF00E38203FE930203002C
:10C7D000938F0E009304000083A70F0003A60200AE
:10C7E0009382420033F7D7003307770293D70701CC
:10C7F0003379D60013560601938F4F00B387770223
:10C800003307270133079700935407013377D70085
:10C81000B387C700B3879700139607013367E60015
:10C8200023AEE2FE93D40701E3E8BFFAB307E301C6
:10C8300023A09700832F080093DF0F01E38C0FF6EE
:10C84000032703009302030013860E0093040700DE
:10C85000930300008327060093D904013377D700A0
:10C86000B3F7D700B387F70383A442009382420053
:10C870001306460033F9D400B3877700B387370136
:10C880009393070133E7E30023AEE2FE0357E6FF8D
:10C8900093D707013307F703330727013307F7005F
:10C8A00093530701E368B6FAB307E30123A0E70057
:10C8B0001308480013034300E364C8F16348800091
:10C8C0006F0080011304F4FF6308040083A7C8FF0E
:10C8D0009388C8FFE38807FE8320C10123288500D1
:10C8E0000324810183244101032901018329C1001B
:10C8F000032A81001301010267800000B38795407D
:10C900009387B7FE93F7C7FF138F47006FF05FE978
:10C91000B736018037350180938686BD1306000047
:10C9200093052016130545C2EF108012130101FE76
:10C93000232C81002328210123263101232E1100DD
:10C940009377360013040600930905001389050048
:10C95000639C070A13542440630A0406232A9100A7
:10C9600083A409046386040C937714006390070280
:10C9700013541440630A040403A504006306050667
:10C980009304050093771400E38407FE13860400E4
:10C990009305090013850900EFF01FD66300090213
:10C9A0000327490083A7490413172700B387E7002B
:10C9B00003A707002320E90023A0270113541440F4
:10C9C00013090500E31A04FA832441018320C101FD
:10C9D000032481018329C1001305090003290101F2
:10C9E0001301010267800000138604009385040090
:10C9F00013850900EFF05FD023A0A40023200500D9
:10CA0000930405006FF01FF89387F7FF3737018015
:10CA1000130707C693972700B307F70003A607007D
:10CA200093060000EFF09F84130905006FF09FF25A
:10CA30009305100013850900EFF0CFF5930405006E
:10CA40006300050293071027232AF50093071000BF
:10CA50002328F50023A0A904232005006FF0DFF0B0
:10CA6000B736018037350180938686BD13060000F6
:10CA700093055014130545C2EF00907D130101FE8C
:10CA80002322510183AA050183A7850023263101B2
:10CA900093595640B38A5901232C8100232A9100CF
:10CAA0002328210123244101232E110013891A0078
:10CAB000938405001304060083A54500130A0500AE
:10CAC00063D827019397170093851500E3CC27FFC0
:10CAD00013050A00EFF00FEC630C05101308450175
:10CAE0006354300393895900939929003307350122
:10CAF000930708009387470023AE07FEE39CE7FEF9
:10CB00009389C9FE3308380183A80401938744013F
:10CB10001376F40193982800B38817016304060A7A
:10CB200093050002B385C540130308009306000077
:10CB300003A7070013034300938747003317C70079
:10CB40003367D700232EE3FE83A6C7FFB3D6B60014
:10CB5000E3E017FF938754011307400063EAF800EE
:10CB6000B38798409387B7FE93F7C7FF13874700B3
:10CB70003308E8002320D8006394060013890A00D4
:10CB800003A7440083274A048320C1011317270009
:10CB9000B387E70003A707002328250103248101A9
:10CBA00023A0E40023A0970003290101832441016D
:10CBB0008329C100032A8100832A41001301010255
:10CBC0006780000003A70700938747001308480009
:10CBD000232EE8FEE3F417FB03A707009387470023
:10CBE00013084800232EE8FEE3EE17FD6FF01FF94F
:10CBF000B736018037350180938686BD1306000065
:10CC00009305E01D130545C2EF009064032705015D
:10CC100083A70501130805003305F7406312F704E5
:10CC20009397270013084801938545013307F800BF
:10CC3000B387F5006F0080006374E8020326C7FF26
:10CC400083A6C7FF1307C7FF9387C7FFE306D6FE78
:10CC5000130510006376D6001305F0FF678000000F
:10CC60006780000003A7050183270601130101FF68
:10CC70002324810023229100232611002320210157
:10CC80001384050093040600B306F740631EF718EB
:10CC9000939627001386450113874401B307D600F6
:10CCA0003307D7006F008000637CF61883A5C7FFA9
:10CCB0008326C7FF9387C7FF1307C7FFE386D5FE09
:10CCC0001309100063EAD5009387040013090000DC
:10CCD000930404001384070083A54400EFF08FCB76
:10CCE0006306051A83A8040183220401938F44017B
:10CCF00013932800130844019392220093054501E1
:10CD0000370E01002326250133836F00B30258003C
:10CD1000138F0500938E0F0093060000130EFEFF85
:10CD200003A70E0003260800130F4F00B377C701B7
:10CD3000B373C601B3877740B387D7001357070192
:10CD40001356060193D607413307C7403307D70070
:10CD500093160701B3F7C701B3E7D70013084800DC
:10CD6000232EFFFE938E4E0093560741E36A58FA36
:10CD700013075401338482401304B4FEB3B2E200BB
:10CD800013CF120013542400130740006384020AD7
:10CD9000B38FEF003388E500B70E0100130E0800D3
:10CDA00013860F00938EFEFF63F46F0C832706003B
:10CDB000130E4E001306460033F7D7013307D70092
:10CDC00093D50701135707413307B700B387D7003F
:10CDD000B3F7D70193160701B3E7D700232EFEFE62
:10CDE00093560741E36466FC1303F3FF3303F341F7
:10CDF0001373C3FF33076800639A07008327C7FFD5
:10CE00009388F8FF1307C7FFE38A07FE8320C1005A
:10CE100003248100232815018324410003290100F4
:10CE2000130101016780000013091000E3DE06E82A
:10CE30006FF09FEA13071400131727006FF05FF5D8
:10CE400093050000EFF00FB5630005068320C100D5
:10CE500003248100930710002328F500232A0500EE
:10CE600083244100032901001301010167800000B0
:10CE70001307000063160F003387E5006FF0DFF73C
:10CE8000131724003387E5006FF01FF7B7360180D2
:10CE900037350180938686BD130600009305502424
:10CEA000130545C2EF00D03AB7360180373501800F
:10CEB000938686BD1306000093057023130545C2B3
:10CEC000EF001039B707F07FB3F5B700B707C0FC24
:10CED000B385F500930700006356B0001385070083
:10CEE00067800000B305B04093D5454193073001FA
:10CEF00063CCB700B7070800B3D5B740930700006D
:10CF000013850700678000009385C5FE1307E001C5
:10CF1000930710006346B700B7070080B3D7B70088
:10CF2000930500001385070067800000130101FED0
:10CF3000232A910083240501232C81001304450139
:10CF400093942400B30494002328210103A9C4FF6F
:10CF5000232631012324410113050900938905008B
:10CF6000232E1100EFF0CFD813070002B307A7401C
:10CF700023A0F9009307A000138AC4FF63DCA7086D
:10CF8000130655FF6370440583A784FF630C0604F2
:10CF9000B306C74033D7D7003319C9003369E90056
:10CFA000938584FF3707F03F3367E900B397C700E5
:10CFB000637EB40203A644FFB356D600B3E7D7009E
:10CFC0006F00C0029307B000630CF5003319C9006D
:10CFD0003707F03F3367E900930700006F00000157
:10CFE000930700003707F03F3367E9008320C10152
:10CFF0000324810183244101032901018329C10004
:10D00000032A81001385070093050700130101021D
:10D01000678000009306B000B386A640B707F03FD4
:10D020003357D9003367F700930700006376440154
:10D0300083A784FFB3D7D700130555013319A9007F
:10D04000B367F9006FF09FFA130101FD232A510124
:10D05000938A05009305100023229102232E3101AB
:10D06000232C4101232611022324810223202103A2
:10D0700093040600138A060093090700EFF08F91CE
:10D08000630205103707100013D944019307F7FF17
:10D090001379F97F13040500B3F7970063040900BF
:10D0A000B3E7E7002326F10063920A061305C100E7
:10D0B000EFF08FCB0327C1009304100023289400C6
:10D0C000232AE40093070502630809081309D9BC61
:10D0D0003309F9009304500323202A013385F440D7
:10D0E00023A0A9008320C1021305040003248102A8
:10D0F00083244102032901028329C101032A8101FA
:10D10000832A410113010103678000001305810098
:10D1100023245101EFF04FC50327C10093070500F9
:10D12000630E05040326810093060002B386A64021
:10D13000B316D7003357A700B3E6C6002326E10095
:10D14000B334E00093841400232AD400232CE40099
:10D1500023289400E31C09F6139724003307E40006
:10D16000032507019387E7BC2320FA00EFF04FB8AF
:10D17000939454003385A4406FF09FF6832681007A
:10D180006FF01FFCB736018037350180938686BD6E
:10D19000130600009305F030130545C2EF00500B55
:10D1A000130101FD2320210313890500930581004C
:10D1B000232611022324810223229102232E3101EE
:10D1C00093090500EFF09FD6930405001384050032
:10D1D000130509009305C100EFF05FD5032709018E
:10D1E00083A709018326C100B387E7400327810095
:10D1F000939757003307D740B387E700130705001D
:10D20000635EF0029397470133848700938605009D
:10D21000138504009305040013060700EF1090091E
:10D220008320C102032481028324410203290102D5
:10D230008329C1011301010367800000939747010F
:10D24000B385F5406FF09FFC130101FF23202101FE
:10D2500023261100930770011309050063DAA70460
:10D2600083A701F183A541F12324810023229100AA
:10D2700003A481F183A4C1F1138507001306040000
:10D2800093860400EF2000251309F9FF930705009A
:10D29000E31409FE032481008320C100832441009C
:10D2A00003290100138507001301010167800000B5
:10D2B0003737018013193500130707C633072701D5
:10D2C000832707018320C10083254701032901002B
:10D2D0001385070013010101678000008326060102
:10D2E0009385F5FF93D55540938515009307460127
:10D2F0009396260093952500B386D700B305B50015
:10D3000063F8D7021307050003A8070093874700B7
:10D3100013074700232E07FFE3E8D7FEB387C64075
:10D320009387B7FE93F7C7FF938747003305F50050
:10D330006378B50013054500232E05FEE36CB5FEAA
:10D34000678000000327050113D655409306450169
:10D350006352C70213172700B387E60063F2F6048F
:10D3600003A7C7FF9387C7FFE30A07FE1305100053
:10D370006780000093172600B387F600E350E6FEAF
:10D3800093F5F501E38C05FC03A6070013051000D7
:10D390003357B6003317B700E302E6FC678000009E
:10D3A0001305000067800000130101FD2322910294
:10D3B00023261102930406006388051E232481029C
:10D3C0002320210313840500232E3101232A510138
:10D3D000232C410113090500EF708FF50327C4FFCB
:10D3E0009387B40093066001930A84FF9379C7FF83
:10D3F00063F2F61013FA87FF63C2071063609A1096
:10D4000063D24913B737018023248101138C07F7B6
:10D4100003268C00B3863A0183A746006308D61C16
:10D4200013F6E7FF3386C600032646001376160080
:10D43000631A061493F7C7FF3386F9006358460D45
:10D4400013771700631C070223267101832B84FFC7
:10D4500023286101B38B7A4103A74B001377C7FFE1
:10D46000B387E700338B3701635C4B33338BE900C1
:10D4700063584B29032B0101832BC10093850400C2
:10D4800013050900EF60DFEF930405006308054012
:10D490008327C4FF130785FF93F7E7FFB387FA00DD
:10D4A0006386E7241386C9FF9307400263E4C72E0F
:10D4B00013073001636AC7209307050013070400B0
:10D4C0008326070023A0D7008326470023A2D70086
:10D4D0000327870023A4E700930504001305090030
:10D4E000EF805FDF13050900EF70CFE4032C8100AC
:10D4F0006F00C006130A0001E3749AF09307C0009E
:10D500002320F900930400006F00400583A7C600A4
:10D5100003A78600032C8100930906002326F70049
:10D5200023A4E70083A74A00B38649411306F0000D
:10D5300093F7170033873A016362D608B3E73701E0
:10D5400023A2FA008327470093E717002322F7005E
:10D5500013050900EF700FDE930404000324810219
:10D560008320C102032901028329C101032A810109
:10D57000832A41011385040083244102130101031E
:10D580006780000013771700E31A07EE2326710166
:10D59000832B84FF23286101B38B7A4103A74B00BF
:10D5A0001377C7FF6FF09FEC8320C10283244102F1
:10D5B00093050600130101036F609FDCB3E7470189
:10D5C00023A2FA00B3854A0193E6160023A2D500F0
:10D5D00083274700938585001305090093E717000B
:10D5E0002322F700EF801FCF6FF09FF693F7C7FF5E
:10D5F000B386370113060A0163D0C62613771700D6
:10D60000E31E07E623267101832B84FF2328610193
:10D61000B38B7A4103A74B001377C7FFB387E700AB
:10D62000338B3701E344CBE483A7CB0003A78B0004
:10D630001386C9FF930640022326F70023A4E700C0
:10D6400093848B0063E4C62813073001938704009A
:10D650006372C702032704009307B00123A4EB0001
:10D660000327440023A6EB0063EAC72613048400C3
:10D6700093870B010327040023A0E700032744003E
:10D6800023A2E7000327840023A4E70033874B018C
:10D69000330B4B412324EC0093671B002322F7003C
:10D6A00083A74B001305090093F71700B3E7470161
:10D6B00023A2FB00EF700FC8032B0101832BC100D5
:10D6C000032C81006FF09FE9832604001307B0014B
:10D6D0002320D500832644002322D500636EC7147F
:10D6E00013078400930785006FF09FDD8327C5FF34
:10D6F000032C810093F7C7FFB389F9006FF09FE215
:10D7000083A7CB0003A78B001386C9FF93064002B3
:10D710002326F70023A4E70093848B0063E6C6105A
:10D720001307300193870400637CC70203270400BA
:10D730009307B00123A4EB000327440023A6EB00CA
:10D7400063F8C7148327840023A8FB008327C40041
:10D7500023AAFB00630CD60A1304040193878B01F0
:10D760000327040023A0E7000327440023A2E700C7
:10D770000327840023A4E70093090B00938A0B007E
:10D78000032B0101832BC100032C810013840400AF
:10D790006FF05FD993050400EFC09FF16FF0DFD306
:10D7A00083A7C60003A786001386C9FF930640021D
:10D7B0002326F70023A4E70003A78B0083A7CB0051
:10D7C00093848B002326F70023A4E70063EEC604AE
:10D7D0001307300193870400E374C7F8032704009C
:10D7E0009307B00123A4EB000327440023A6EB001A
:10D7F00063F0C70A032784009307400223A8EB00C5
:10D800000327C40023AAEB00E318F6F4032704015E
:10D8100093870B021304840123ACEB000327C4FF9E
:10D8200023AEEB006FF0DFF39305040013850400D3
:10D83000EFC01FE86FF05FF4032784002324E500A6
:10D840000327C4002326E5006304F606130704013A
:10D85000930705016FF0DFC6B38A4A01B3864641DC
:10D8600023245C0193E7160023A2FA008327C4FF58
:10D87000130509009304040093F71700B3E7470169
:10D88000232EF4FEEF700FAB032C81006FF01FCD41
:10D890001304840093870B016FF09FEC13050900BC
:10D8A000EF704FA993040000032C81006FF01FCB91
:10D8B0008326040113078401930785012328D500DB
:10D8C00083264401232AD5006FF09FBF93050400EF
:10D8D00013850400EFC0DFDD6FF05FDB832784007A
:10D8E00023A8FB008327C40023AAFB006308D600FB
:10D8F0001304040193878B016FF0DFD70327040122
:10D9000093870B021304840123ACEB000327C4FFAD
:10D9100023AEEB006FF01FD683A701E467800700FA
:10D92000638405029307F00F63E8C7002380C500F6
:10D9300013051000678000009307A0082320F5005E
:10D940001305F0FF678000001305000067800000EA
:10D95000130101FE232C8100232A9100232E1100A4
:10D9600083A701E413040500938406006382050283
:10D97000E78007009307F0FF6306F5028320C101EB
:10D980000324810183244101130101026780000007
:10D990001306000093054100E78007009307F0FF9E
:10D9A000E31EF5FC23A004009307A0088320C10117
:10D9B0002320F40003248101832441011301010287
:10D9C00067800000130101FE232C8100232A9100AF
:10D9D000232E110083A441F483A701E4130406005D
:10D9E000630A0502138605009306040093050500EB
:10D9F00013850400E78007009307F0FF630AF50230
:10DA00008320C10103248101832441011301010208
:10DA1000678000009306060093054100130600008E
:10DA200013850400E78007009307F0FFE31AF5FC75
:10DA3000232004008320C101032481019307A0084F
:10DA400023A0F40083244101130101026780000038
:10DA500003A741F4130101FF938706001308060092
:10DA6000232611008328C7009306050013870500AD
:10DA70001386070063000802B73701809387C7E861
:10DA8000B73501809385C5E913850800EF00C01400
:10DA9000EF00C01937180180930708E4130808E461
:10DAA0006FF01FFE130101FF93060600130600002E
:10DAB00023261100EFF0DFF9B3B7C502130101FF10
:10DAC0002326110023248100B385C5026390070A31
:10DAD000EF601F8B130405006300050A0326C5FFD2
:10DAE000130740021376C6FF1306C6FF6368C70418
:10DAF000930630019307050063F2C6022320050058
:10DB0000232205009307B00163F8C704232405000E
:10DB10002326050093070501630CE60623A00700F2
:10DB200023A2070023A407008320C10013050400DB
:10DB300003248100130101016780000093050000A8
:10DB4000EF804F988320C100130504000324810057
:10DB500013010101678000009307850023A00700DF
:10DB600023A2070023A407006FF01FFCEF00800B27
:10DB70009307C0002320F500130400008320C10098
:10DB800013050400032481001301010167800000D4
:10DB90002328050093078501232A05006FF01FF84D
:10DBA000130101FC1303C1022326D10293060300D3
:10DBB000232E11002328E102232AF102232C010342
:10DBC000232E110323266100EFA01FB58320C1017E
:10DBD0001301010467800000130E0500130101FC0E
:10DBE00003A541F4130381022324C1022326D10299
:10DBF000138605009306030093050E00232E1100E3
:10DC00002328E102232AF102232C0103232E1103EE
:10DC100023266100EFA05FB08320C101130101043E
:10DC20006780000003A541F467800000130101FF35
:10DC30001305600023261100EF00802A1305100051
:10DC4000EF201FA8832785116386070013050000B6
:10DC500067800000130101FF930500082324810061
:10DC60002326110013040500EF608FF1232CA4106C
:10DC700063040502930705082320050013054500EA
:10DC8000E31CF5FE130500008320C100032481007E
:10DC900013010101678000001305F0FF6FF0DFFE44
:10DCA000130101FE232A9100232E11009307F00196
:10DCB0009304050063ECB70283278511232C8100B0
:10DCC00013840500638C070213142400B3878700B4
:10DCD0000324810103A5070023A0C7008320C101FD
:10DCE0008324410113010102678000009307600152
:10DCF0002320F5001305F0FF6FF05FFE9305000889
:10DD00002326C100EF60CFE723ACA4100326C10097
:10DD1000930705001307050093060508630A05002D
:10DD20002320070013074700E31CD7FE6FF0DFF93D
:10DD3000032481011305F0FF6FF05FFA130101FF67
:10DD400023229100232611009307F001930405007C
:10DD500063E0B70A8327851123248100138405001B
:10DD60006384070413972500B387E70003A7070020
:10DD7000630C070293061000630CD7009306F0FFB4
:10DD80006308D70423A0070013850500E7000700F8
:10DD900003248100130500008320C1008324410077
:10DDA000130101016780000013850400EF00C043E8
:10DDB00013060400032481008320C100930505009D
:10DDC0001385040083244100130101016F00803B8F
:10DDD000032481008320C100930760012320F50004
:10DDE0008324410013051000130101016780000026
:10DDF000930760012320F5001305F0FF6FF0DFF9B2
:10DE00009307F00163EAB70C83278511130101FF23
:10DE1000232481002322910023261100138405006E
:10DE2000930405006380070813172400B387E700F5
:10DE300003A70700630C07029306F0FF6300D706F1
:10DE4000930610006300D7041305040023A0070005
:10DE5000E7000700130500008320C10003248100B0
:10DE60008324410013010101678000008320C10069
:10DE700003248100832441001305100013010101D4
:10DE8000678000008320C1000324810083244100B7
:10DE90001305300013010101678000001305200005
:10DEA0006FF09FFB93050008EF608FCD23ACA410AB
:10DEB00093070500630E0500130705009306050888
:10DEC0002320070013074700E31CD7FE6FF0DFF5A0
:10DED0001305F0FF6FF05FF81305F0FF6780000097
:10DEE000130101FF23229100232611009307F00163
:10DEF00083A441F463EEA70883A78411232481003F
:10DF0000130405006382070413172500B387E70095
:10DF100003A70700630A070293061000630AD700ED
:10DF20009306F0FF6306D70423A00700E70007006D
:10DF300003248100130500008320C10083244100D5
:10DF4000130101016780000013850400EF00C02960
:10DF500013060400032481008320C10093050500FB
:10DF60001385040083244100130101016F00802107
:10DF7000032481008320C1009307600123A0F400E3
:10DF80001305100083244100130101016780000084
:10DF90009307600123A0F4001305F0FF6FF0DFF991
:10DFA000130101FF23202101232611009307F00113
:10DFB00003A941F463E2A7042324810013040500AC
:10DFC000032589112322910093840500630E050225
:10DFD00013142400B307850003A507000324810060
:10DFE00023A09700832441008320C100032901005E
:10DFF0001301010167800000930760012320F900ED
:10E000001305F0FF6FF05FFE93050008130509008C
:10E01000EF600FB7232CA91093070500130705081D
:10E02000630A050023A0070093874700E31CF7FE5F
:10E030006FF01FFA03248100832441001305F0FFD1
:10E040006FF09FFA130101FF2324810003A441F420
:10E050002326110083278411638C07001305000019
:10E060008320C100032481001301010167800000A7
:10E070009305000813050400EF608FB0232CA41053
:10E08000630C0500930705082320050013054500D0
:10E09000E31CF5FE6FF09FFC1305F0FF6FF05FFCD3
:10E0A000130101FF23229100232611009307F001A1
:10E0B00083A441F463E4A70C83A784112324810083
:10E0C000130405006382070813172400B387E700D1
:10E0D00003A70700630C07029306F0FF6300D7064F
:10E0E000930610006300D7041305040023A0070063
:10E0F000E700070003248100130500008320C1000E
:10E100008324410013010101678000000324810082
:10E110008320C10083244100130510001301010175
:10E1200067800000032481008320C1008324410014
:10E1300013053000130101016780000003248100F2
:10E14000130520006FF09FFB930500081385040062
:10E15000EF600FA323ACA41093070500630E050026
:10E16000130705009306050823200700130747003F
:10E17000E39CE6FE6FF05FF5032481001305F0FFDA
:10E180006FF0DFF7130101FF1387050023248100DF
:10E1900023229100130405009305060013050700D0
:10E1A0002326110023AE01F4EF208FDB9307F0FF4D
:10E1B000630CF5008320C100032481008324410007
:10E1C000130101016780000083A7C1F5E38407FE06
:10E1D0008320C1002320F400032481008324410014
:10E1E00013010101678000006F208FD4B707100072
:10E1F000130101FE938EF7FF33F8BE00B3F7DE0084
:10E2000013D346012328210113D9450193973700E1
:10E21000232C81001318380013D4F5011357D501AE
:10E220009358D6011379F97F1373F37F232E1100CE
:10E23000232A91002326310193D6F601B3E8F80092
:10E240003367070193153500131F3600B307694084
:10E250006304D41E6352F016630603289306F07F0E
:10E260006306D942930680031306100063CEF602BC
:10E27000B7068000B3E8D8009306F00163CEF652EB
:10E2800093060002B386F6403396D8003355FF005C
:10E29000B316DF003366A600B336D000B3D8F8005B
:10E2A0003366D600330717413386C540B3B5C50082
:10E2B00093040600B309B7409397890063DA0732E5
:10E2C000B70780009387F7FFB3F9F9006388092C3B
:10E2D00013850900EF201001930785FF93060002C4
:10E2E0003387F64033D7E400B399F9003367370139
:10E2F000B394F40063C8274BB38727419387170073
:10E30000B386F6403396D400B3D9F4003336C00058
:10E3100033663601B316D700B3E4C600B359F7002D
:10E320001309000093F774006380070293F7F40069
:10E3300013074000638AE7009387440033B69700D1
:10E34000B389C900938407009397890063DA076E45
:10E35000930719001307F07F130E04006386E72A62
:10E36000370780FF1307F7FF33F7E90093F7F77FCD
:10E370001318D70113D63400131797003368C80059
:10E380001357C7008320C1010324810193974701DC
:10E39000B3E7E7001317FE01B3E7E7008324410169
:10E3A000032901018329C100130508009385070093
:10E3B0001301010267800000638C0714B307234137
:10E3C0006312093C3365B7006304054C1385F7FFFE
:10E3D000630205601308F07F638607579307800385
:10E3E0001306100063CCA702930705001306F00183
:10E3F000634CF656130500023305F5403316A700AB
:10E4000033D8F5003395A500336606013335A000F7
:10E410003357F7003366A600B388E8403306CF4091
:10E420003337CF0093040600B389E8401309030093
:10E43000138406006FF05FE86350F01E631003144E
:10E44000B3E6E801638C06269386F7FF63800648EF
:10E450001306F07F638CC722930780039309100093
:10E4600063CCD702938706009306F00163C0F64A97
:10E4700093060002B386F640B399D8003356FF00E6
:10E48000B316DF00B3E9C900B336D000B3D8F80043
:10E49000B3E9D90033071701B385B900B3B9350122
:10E4A00093840500B389E9009397890063D2071428
:10E4B000130919009307F07F630CF936B70780FF43
:10E4C0009387F7FF13F61400B3F7F90013D714007E
:10E4D0003367C7001396F701B364E60093D91700BA
:10E4E0006FF05FE4B3E6E801638A061C9386F7FFEA
:10E4F000638006401306F07F638AC7189307800382
:10E5000013061000E3C2D7DA938706006FF0DFD658
:10E51000130819001378E87F631C08223363B700DF
:10E5200033E8E80163100938630E034663060840C8
:10E53000B389E54133B53501330617413306A640AB
:10E5400013158600635E0550B305BF403387E8406E
:10E55000333FBF003307E74113168700938405005C
:10E56000635E0652B70780FF9387F7FF3377F700A4
:10E57000138E0600930710006FF09FDF9306F07F65
:10E580006306D9109306800393091000E3C6F6F0E2
:10E59000B7068000B3E8D8006FF01FED13850400C4
:10E5A000EF204054930785019306F001E3D8F6D29B
:10E5B000130785FF3397E40063C627233389274178
:10E5C0009307190063D6F648130919FE9306000253
:10E5D000B3542701638CD70093060004B387F64039
:10E5E0003317F7003337E000B3E4E4001309000009
:10E5F00093F77400E39C07D29307090013D6340005
:10E60000138709006F00000C9307F07F13070000C9
:10E61000130800006FF01FD7638A070CB30723416C
:10E620006302091E9306F07F6308D33293068003CA
:10E630009309100063CEF602B70680003367D70057
:10E640009306F00163C8F63C93060002B386F640D9
:10E65000B319D70033D6F500B396D500B3E9C90096
:10E66000B336D0003357F700B3E9D900B388E800D8
:10E670003387E901B339370193040700B3891901DE
:10E68000130903006FF05FE26310080213163500F0
:10E69000135636001318D7013368C80013573700D4
:10E6A0003367070163060718130E00009307F07F16
:10E6B00037070800130800006FF0DFCC1316350091
:10E6C000135636001318D7019306F07F3368C8003D
:10E6D00013573700E386D7FC1317C7001357C7003B
:10E6E00093F7F77F130E04006FF0DFC9930619004C
:10E6F00013F8E67F63180814B366B700631C092893
:10E7000063820630B3E6E80163880622B387E50139
:10E71000B3B5B700330717013307B70013D8370075
:10E7200093178700130E040063DE0734B70780FFDA
:10E730009387F7FF3377F7009317D7011357370005
:10E7400033E807013377D701930710006FF09FC3B9
:10E750003388E541B3B70501B3091741B389F940DF
:10E76000939789009304080063C607103368380143
:10E77000E31E08B4130E0000930700001307000007
:10E780006FF05FC01305F07F630EA31A13058003BB
:10E7900013061000E344F5C8370680003367C7004E
:10E7A0006FF0DFC4B70980FF9389F9FF3309F9409F
:10E7B000B37937016FF01FB7938607FE1306000287
:10E7C000B3D6D800638AC70013060004B307F64027
:10E7D000B397F800336FFF003336E0013366D6009D
:10E7E0006FF09FACB70680FF9386F6FFB307F94042
:10E7F0003377D7001318D701336838011357370020
:10E800006FF09FEDB366B7006386061E9386F7FF31
:10E81000638E060A1305F07F6380A71493078003B5
:10E8200093091000E3C6D7E4938706006FF05FE119
:10E83000130E04009307F07F130700001308000075
:10E840006FF05FB49307F07FE384F6FE338FE5014A
:10E85000B335BF00B3071701B387B7001396F701AD
:10E86000135F1F00B364E60193D9170013890600F4
:10E870006FF05FAB3306BF40B387E8403337CF005C
:10E8800093040600B389E740138406006FF01FA4C9
:10E89000131636001356360013840600138708003B
:10E8A0006FF05FE2E31203DE6306081C13D7380043
:10E8B000131636009398D8013367170113563600A4
:10E8C0003367C700138406006FF0DFDD338FE50187
:10E8D000B3081701B335BF00B389B8009397890017
:10E8E00093040F0063D4070E130920006FF01FBDBF
:10E8F000338FE541B3081741B3B5E50193040F0029
:10E90000B389B840130910006FF01F9B938607FE70
:10E9100013060002B3D6D800638AC70013060004AA
:10E92000B307F640B397F800336FFF00B339E00147
:10E93000B3E9D9006FF05FB613163500935936006E
:10E940006FF05FEB13163600135636001384060083
:10E95000138708006FF01FD41316360013563600C5
:10E96000138708006FF01FD3138507FE13060002FC
:10E970003355A700638AC70013060004B307F640A7
:10E98000B317F700B3E5F5003336B0003366A600E1
:10E990006FF0DFA8E38206FC33EFE801E3160FD047
:10E9A0006FF0DFCEE30808DC131836009397D80128
:10E9B0001358380013D738003368F8003377D7017D
:10E9C000138E0600930700006FF0DF9B9307100083
:10E9D0006FF0DFC2B305BF40B388E8403337BF00F4
:10E9E00093840500B389E8401384060013091000DE
:10E9F0006FF09F8C131636001356360013870800ED
:10EA00006FF05FCC13163600935936001387080059
:10EA10006FF05FDE938607FE13060002B356D70041
:10EA2000638AC70013060004B307F640B317F70064
:10EA3000B3E5F500B339B000B3E9D9006FF05FC3B7
:10EA400013D6340093070900138709006FF09FC79E
:10EA500093060002B386F640130600006FF05F8B4A
:10EA600033E8C900E30808D093D93900130706003A
:10EA70006FF05FD8130E00009307F07F3707080090
:10EA80006FF05F909317D7011357370033E80701F2
:10EA90003377D701930700006FF0DF8E1318D7018B
:10EAA00093D535003368B800135737001384060038
:10EAB0006FF09FC2130101FD232E310193D945014F
:10EAC000232481022322910223202103232C4101AC
:10EAD000232671019394C50023261102232A510194
:10EAE000232861012324810193F9F97F1304050090
:10EAF000930B06001389060093D4C40013DAF501C2
:10EB0000638A09189307F07F6388F90893943400A7
:10EB10009357D501B3E7970037078000B3EAE700C2
:10EB2000131B3500938919C093040000130C0000D7
:10EB3000935749011314C90093F7F77F1354C40086
:10EB40001359F901638207081307F07F638AE718F6
:10EB50001314340013D7DB0133678700938717C082
:10EB6000370480003364870093983B00B389F940F1
:10EB7000130600001307F000B3462A0163649724CC
:10EB8000B7370180939424009387C7ECB384F400D3
:10EB900003A7040067000700B3EAA400639E0A1CF1
:10EBA000935749011314C90093F7F77F130B000023
:10EBB000930480009309F07F130C20001354C400C9
:10EBC0001359F901E39207F8B36874016382081CD2
:10EBD000630A044A13050400EF10D0709307050080
:10EBE000930655FF1307D001938887FF3307D7405B
:10EBF0003314140133D7EB0033648700B3981B013F
:10EC0000B38737019389373F130600006FF09FF6F3
:10EC10003307F74013068003635AE64E930700005C
:10EC200013060000130700008320C10203248102A1
:10EC300093974701B3E7C7009396F601B3E7D70070
:10EC400083244102032901028329C101032A81018E
:10EC5000832A4101032B0101832BC100032C810076
:10EC60001305070093850700130101036780000067
:10EC70009307F07F13060000130700006FF0DFFA20
:10EC8000930600009307F07F370608001307000083
:10EC90006FF09FF9B3EAA400638C0A106388044004
:10ECA00013850400EF10106413070500930655FF49
:10ECB0009307D001130B87FFB387D740B394640148
:10ECC000B357F400B3EA9700331B64019309D0C033
:10ECD000B389E94093040000130C00006FF05FE576
:10ECE000B368740193891980639C080A93E4240033
:10ECF00013040000130620006FF0DFE713090A0079
:10ED000013840A0093080B00930720006308FC4E4D
:10ED100093073000E306FCF6930710009306090002
:10ED2000E30EFCEE9387F93F6356F02A13F7780061
:10ED30006316074A13177400635A0700B70700FFEA
:10ED40009387F7FF3374F400938709401307E07F3C
:10ED5000E340F7F293D838001317D4011316940048
:10ED6000336717011356C60093F7F77F6FF0DFEB99
:10ED7000130C06006FF05FF9938A0400130B050073
:10ED80009304C0009309F07F130C30006FF05FDA3A
:10ED900093E4140013040000130610006FF09FDDCD
:10EDA00093E4340093880B00130630006FF09FDC6F
:10EDB000130B00009304400093090000130C100093
:10EDC0006FF01FD76364542B63808A2A13030B00F0
:10EDD0009389F9FF93870A00130B0000131784002F
:10EDE0001355070133D4A70213D688013366E60012
:10EDF000131806011358080193958800135703014F
:10EE0000B3F7A702B308880293970701B367F70027
:10EE100063FA1701B307F6001307F4FF63F0C72E78
:10EE200013040700B3871741B3D8A70213170301D0
:10EE300013570701B3F7A702B30F180393970701FE
:10EE40003367F700637AF7013307E6009387F8FF2B
:10EE5000637EC7289388070013140401B7020100DA
:10EE6000336414011383F2FFB3786400935E0401EA
:10EE700013DE050133F36500330F13033307F74146
:10EE8000B3081E0393570F01B38F6E02B388F801C6
:10EE9000B3871701B38ECE0363F4F701B38E5E0020
:10EEA000B70F0100938FFFFF93D80701B3F7F70166
:10EEB00093970701337FFF01B388D801B387E70138
:10EEC000636E1717630A1717B307FB403307174121
:10EED000333BFB00330767416300E62EB358A702BC
:10EEE00093DE07013377A702330F180313170701C7
:10EEF00033E7EE00637EE7013307E600938EF8FF09
:10EF0000636AC72E6378E72F9388E8FF3307C7004B
:10EF10003307E741B35EA7029397070193D7070131
:10EF20003377A7023308D80313170701B3E7E700C5
:10EF300063FE0701B307F6001387FEFF63E8C72AE5
:10EF400063F6072B938EEEFFB387C70093980801F3
:10EF5000B3E8D8011395080113DF08011355050123
:10EF6000B30E6502B38707413305AE0213D70E0116
:10EF700033036F02330565003307A700330EEE033A
:10EF80006376670037050100330EAE0037080100D5
:10EF90001308F8FF1355070133770701131707010B
:10EFA000B3FE0E013305C5013307D70163F2A71283
:10EFB000B307F6001383F8FF1388070063E4C71C48
:10EFC00063E8A7246386A7269308030093E8180044
:10EFD0006FF05FD513071000E39C07C29389E941E6
:10EFE000B3973801B337F000B3193401B3E73701F1
:10EFF000B3D8E800B3E8F80093F778003354E4009E
:10F000006380070293F7F80013074000638AE70064
:10F0100093874800B3B8170133041401938807009D
:10F0200093158400930710001306000013070000D7
:10F03000E3CC05BE6F004013E378FBE8B30EBB00E2
:10F0400033BF6E01B30FCF003307F701138B0E00F0
:10F05000930FF4FF6374E60863621715638EE8127A
:10F0600013840F006FF05FE6E3621BD713571B009A
:10F070001393FA0193D71A003363E300131BFB01C8
:10F080006FF0DFD513850B00EF10D02593065501E7
:10F090001307C00193070502E356D7B4130585FF94
:10F0A000930800003394AB006FF09FB5EF109023EE
:10F0B000930655019307C00113070502E3DAD7BE93
:10F0C000930785FFB31AF400130B00006FF01FC005
:10F0D000E39EA7EEE30807C46FF09FEDE312E6F8A6
:10F0E000E30C0FF613840F006FF01FDEE374F7D705
:10F0F0009388E8FF3307C7006FF01FD6E3F217D3FA
:10F100001304E4FFB387C7006FF0DFD11306F001EB
:10F11000E356E6EC130610FEB307F64013060002B2
:10F12000B357F4006308C7009389E943B319340166
:10F13000B3E83801B3381001B3E8F80013F77800EA
:10F14000130600006308070293F7F8001307400056
:10F1500013040000638AE70093874800B3B81701DF
:10F160003334100193880700131694001317D40149
:10F170001356C60093D8380033E7E8009307000021
:10F180006FF09FAA93080300E312A8E4E30CB7B85A
:10F1900093E818006FF01FB9E3F4FEECB38ED501CD
:10F1A00033BFBE00330FCF001304E4FF138B0E00F8
:10F1B0003307E7016FF05FD1130720C09387F93F52
:10F1C0009308F0FFE3C8E9E013874800B33817015C
:10F1D00033041401930807006FF0DFB513F7F8004C
:10F1E00013064000E308C7B46FF01FFE930E07003C
:10F1F0006FF0DFD593880E006FF09FD19306090062
:10F200009307F07F13060000130700006FF0DFA1E3
:10F21000139315003338B3003308C800338807014F
:10F220009388E8FF93050300E302A8F66FF01FDA66
:10F23000E3E0E5FE93080300E31CB7F46FF09FAE34
:10F2400013D74501B70710009387F7FF13D846017E
:10F250001377F77F1303F07F33FEB70093080500A1
:10F26000B3F7D70093D5F5011378F87F93D6F6015D
:10F2700013051000630C670063086800631407013E
:10F280006306FE026780000067800000E31CE8FE62
:10F29000B367FE00B3E7C700B3E71701E39407FEC7
:10F2A000B385D5403335B00067800000E39CC8FCCF
:10F2B000638AD500E31807FC336E1E013335C001A5
:10F2C00067800000130500006780000093D84501A7
:10F2D000B70710009387F7FF13D7460193F8F87F1D
:10F2E000130EF07F33F3B70013080500930E0500EB
:10F2F000B3F7D70093D5F501130F06001375F77F09
:10F3000093D6F6016388C8056304C503639A0806AB
:10F31000336803016310050633E6C700630C060873
:10F320006312080A13051000638206086780000054
:10F3300033E6C700631406086396080033630301CD
:10F34000E30203FE6380D5066392050613051000F1
:10F35000678000003363030163120306E31615FFA1
:10F36000B3E7C700639C0704E390D5FE13050000D4
:10F3700067800000E30808FAE398D5FC6F0080027C
:10F38000E30405FCE392D5FCE34015FD63CCA80043
:10F39000E3EC67FA6318F300E368DFFB1305000092
:10F3A000E3F6EEF913051000E39205F81305F0FFFC
:10F3B00067800000E31A08F8678000001305E0FF8B
:10F3C00067800000E386D5FC6FF01FF893D84501F5
:10F3D000B70710009387F7FF13D7460193F8F87F1C
:10F3E0001303F07F33FEB70013080500930E0500EA
:10F3F000B3F7D70093D5F501130F06001375F77F08
:10F4000093D6F601638A680463046502639808066C
:10F4100033680E01631E050833E6C7006304060A5D
:10F420006316080A13051000638006086780000051
:10F4300033E6C70013052000E31A06FE63960800B2
:10F44000336E0E01E3000EFE638CD504639E05044B
:10F450001305100067800000336E0E0163100E0666
:10F46000E31615FFB3E7C70013052000E39007FC80
:10F47000E39ED5FC1305000067800000E30805FC4F
:10F48000E396D5FCE34415FD63CCA800E3E0C7FD9B
:10F490006318FE00E36CDFFB13050000E3F8EEF9F0
:10F4A00013051000E39405F81305F0FF67800000D2
:10F4B000E30A08F6E39CD5F86FF09FFE13052000E1
:10F4C00067800000E31408F867800000E380D5FC43
:10F4D0006FF0DFF7130101FD93D74501232481026B
:10F4E0002322910223202103232E3101232A5101BB
:10F4F0009394C50023261102232C41012328610186
:10F50000232671012324810193F7F77F130405005B
:10F51000930A06009389060093D4C40013D9F50119
:10F52000638407421307F07F6386E70A93963400EB
:10F530001357D5013367D700B7068000B364D700EF
:10F54000131A3500138C17C0130B0000930B000027
:10F5500093D749011397C90093F7F77F138F0A00D8
:10F560001354C70093D9F9016380070A1307F07F8A
:10F57000638EE7141317340093D5DA01B3E5E50081
:10F58000938717C03707800033E4E500139F3A00E4
:10F59000B3888701130300001307A0001385180028
:10F5A000634C670BB34539019307200013880500AE
:10F5B00063C66715130BFBFF130710006360671723
:10F5C000630AF33C93040400130A0F00930B030037
:10F5D0006F00C00933EAA40063180A3C93D74901BD
:10F5E0001397C90093F7F77F93040000130B800073
:10F5F000130CF07F930B2000138F0A001354C700E5
:10F6000093D9F901E39407F6B36754016382073C89
:10F610006300044A13050400EF10C04C9308050072
:10F62000130755FF9307D001138F88FFB387E74077
:10F63000B3D7FA003317E40133E4E700339FEA015C
:10F64000B3081C419388D8C01307A000130300001F
:10F6500013851800E35867F5930509009307200008
:10F66000638AFB3293073000638CFB4893071000DA
:10F6700013880500639AFB46930700009306000079
:10F68000130700008320C1020324810293974701DE
:10F69000B3E7D7009316F801B3E7D70083244102FC
:10F6A000032901028329C101032A8101832A41011F
:10F6B000032B0101832BC100032C810013050700DC
:10F6C000938507001301010367800000336754012D
:10F6D0009308FC7F630A073037170000334839016D
:10F6E00013070780136B3B009306A00093050800E7
:10F6F0003305EC0063C066391303300013061000B5
:10F700003316660113770653E31A07F4937706243A
:10F710006394073C137686086312062EB70F010028
:10F72000938EFFFFB377DA0193560A01B37EDF01B0
:10F73000135E0F013387D7033383D6039355070135
:10F740003306FE0233066600B385C500338FC60359
:10F7500063F46500330FFF01B70301001386F3FF65
:10F7600033F3C500935F04013377C7003374C400DB
:10F7700013130301B38287023303E30093D505011A
:10F780003387860213D60201B387FF02B387E700EF
:10F790003306F600B387F6036374E600B387770099
:10F7A000370901009309F9FF3377360193D3040138
:10F7B000B3F63401B3F2320113170701B384DE024A
:10F7C00033075700135606013306F600B385E500EC
:10F7D000B302DE0293D70401B38ED303B382D20106
:10F7E000B3875700330E7E0263F4D701330E2E0128
:10F7F000B7090100938EF9FFB3F2D70193D7070140
:10F80000B387C701B3FED401939202013309D40236
:10F81000B382D20133848302135E0901B386DF020F
:10F82000B3868600330EDE00B38E7F0263748E00D3
:10F83000B38E3E01B70F0100938FFFFFB376FE0139
:10F84000939606013379F901B385E501B386260164
:10F850003386C60033B7E5003307E600338F550023
:10F86000B307F700B335BF00B385B700B336D60092
:10F870003336C700B3E6C60033B7E700135E0E01A8
:10F88000B3B7F500B386C6013367F70093179F003F
:10F890003307D700B3E767003307D701B337F0006A
:10F8A00013567F011317970093D67501B3E7C7006E
:10F8B0009395950033EAB70093177700B364D700A8
:10F8C00063D0070213571A0093771A009396F40136
:10F8D000B367F70033EAD70093D414009308050008
:10F8E0001386F83F6356C01293777A00638007024D
:10F8F0009377FA0013074000638AE70013074A0072
:10F90000B3374701B384F400130A070093977400D8
:10F9100063DA0700B70700FF9387F7FFB3F4F4003B
:10F92000138608409307E07F63C4C71C93573A00CF
:10F930001397D401939694003367F70093D6C600CB
:10F940009377F67F6FF01FD433EAA40063080A06AA
:10F95000638E041213850400EF10C018130605000F
:10F96000930655FF1307D001930786FF3307D7404F
:10F970003357E400B396F400B364D700331AF400AD
:10F980009307D0C0338CC740130B0000930B0000CB
:10F990006FF01FBC138805009307F07F93060000EB
:10F9A000130700006FF01FCE130A0500130BC000F1
:10F9B000130CF07F930B30006FF09FB9930400009D
:10F9C000130B4000130C0000930B10006FF05FB896
:10F9D000136B1B0093080C0013040000130F0000AE
:10F9E000130310006FF05FBB136B2B0013040000B8
:10F9F000130F0000130320006FF01FBA93040400DC
:10FA0000130A0F00930B0300938509006FF01FC5C5
:10FA100013071000631006109388E84133161A018B
:10FA20003336C000B3981401B357EA0033661601A9
:10FA30003366F60093777600B3D5E400638007025F
:10FA40009377F60013074000638AE70093074600A8
:10FA500033B6C700B385C50013860700139585002C
:10FA6000930710009306000013070000E34C05C045
:10FA70006F00C0101307F0006310EB1213080000B2
:10FA8000B7060800130700006FF0DFBFEF10800516
:10FA9000930655019307C00113060502E3D4D7EC82
:10FAA000130585FF130A0000B314A4006FF05FED87
:10FAB00013850A00EF100003130755019307C001D7
:10FAC00093080502E3D0E7B6130585FF130F000086
:10FAD0003394AA006FF0DFB6130800009307F07F9D
:10FAE000B70608006FF01FBA930805006FF05FDFDC
:10FAF0009307F07F93060000130700006FF09FB894
:10FB0000130800009307F07FB706080013070000F2
:10FB10006FF05FB73307C74093078003E3CEE7B4C6
:10FB20009307F001E3DAE7EE930710FEB387C740CF
:10FB300093060002B3D7F4006308D7009388E84324
:10FB4000B3981401336A1A01333640013366F60064
:10FB50001377760093060000630807029377F60098
:10FB60001307400093050000638AE70093074600EF
:10FB700033B6C700B335C0001386070093969500CF
:10FB80001397D50193D6C600135636003367E600A7
:10FB9000930700006FF01FAF93040400138A0A005C
:10FBA000930B3000938509006FF05FABB70710002F
:10FBB0009387F7FF130101FEB3F8B70033F8D700BE
:10FBC00093D7460193983800232C810023263101D6
:10FBD00013D4F50193D945011357D50113183800F3
:10FBE0009355D601232E1100232A910023282101A9
:10FBF00013FFF77F1303F07F3367170193F9F97F42
:10FC0000130E04009318350093D6F601B3E50501F1
:10FC1000931E3600630C6F2093C61600B387E9412C
:10FC20006302D416E35AF000630A0F246384693C2C
:10FC3000930680031305100063CEF602B70680001A
:10FC4000B3E5D5009306F00163C4F64E93060002B7
:10FC5000B386F6403395D50033D6FE00B396DE006A
:10FC60003365C500B336D000B3D7F5003365D50092
:10FC70003307F7403385A84033B6A8009304050046
:10FC80003309C7409317890063D80734B70780004A
:10FC90009387F7FF3379F9006306092E13050900EE
:10FCA000EF005064930785FF930600023387F64008
:10FCB00033D7E4003319F90033672701B394F40014
:10FCC00063C4373FB387374193871700B386F64045
:10FCD0003396D40033D9F4003336C0003366C900FC
:10FCE000B316D700B3E4C6003359F70093090000F8
:10FCF00093F774006380070293F7F4001307400042
:10FD0000638AE7009387440033B597003309A9005D
:10FD1000938407009317890063D0076C93871900B9
:10FD20001307F07F6386E724370780FF1307F7FF89
:10FD30003377E90093F7F77F1318D70113D5340011
:10FD4000131797003368A8001357C700137E1400D9
:10FD50008320C1010324810193974701B3E7E700A2
:10FD60001317FE01B3E7E7008324410103290101D2
:10FD70008329C100130508009385070013010102C0
:10FD8000678000006352F07063160F1CB3E6D50164
:10FD9000638E06269386F7FF63880646638C672486
:10FDA000930780031309100063CCD70293870600E2
:10FDB0009306F00163CAF64893060002B386F64044
:10FDC0003399D50033D6FE00B396DE003369C900FF
:10FDD000B336D000B3D7F5003369D9003307F70045
:10FDE0003306190133392601930406003309E9006B
:10FDF0009317890063D2071E938919009307F07F38
:10FE00006388F916B70780FF9387F7FF13F514008F
:10FE1000B377F90013D714003367A7001395F701E0
:10FE2000B364E50013D917006FF09FEC33E8D501F8
:10FE30001383198063080806630AD4066304030E5B
:10FE4000638E0926131536001355350013840600FA
:10FE5000138705001318D7013368A800135737001C
:10FE60003367070163060710130E00009307F07F46
:10FE700037070800130800006FF09FEDB3E6D501C7
:10FE8000638606189386F7FF6382063A63846716D3
:10FE90009307800313051000E3CED7DC9387060099
:10FEA0006FF05FDA93C61600E31AD4F863080318FC
:10FEB0006390092C9307F07FB366170163880648A7
:10FEC0009386F7FF638206341305F07F6382A72AC7
:10FED000930780031309100063CAD7029307F00148
:10FEE00063C6D74C93070002B387D7403319F70096
:10FEF00033D6D800B397F8003369C900B337F000A0
:10FF0000B356D7003369F900B385D5003307D9015B
:10FF100033392701930407003309B90093090F000F
:10FF20006FF01FED9387190093F7E77F6394071431
:10FF300033E8D501B36717016394092A638E073844
:10FF40006310083C13153500135935009307000062
:10FF50006F0040116380690A930680031309100043
:10FF6000E3C0F6E8B7068000B3E5D5006FF05FE4C4
:10FF7000137E14009307F07F13070000130800009E
:10FF80006FF01FDD13850400EF00D0359307850166
:10FF90009306F001E3DAF6D0130785FF3397E40008
:10FFA00063CE371BB38937419387190063DEF6426E
:10FFB000938919FE93060002B3543701638CD7006E
:10FFC00093060004B387F6403317F7003337E00099
:10FFD000B3E4E4009309000093F77400E39E07D0B4
:10FFE0009387090013D53400130709006F008002BE
:10FFF000E31C08E6131535001318D7011355350017
:02000004800179
:100000003368A800135737006FF09FE513153500CC
:10001000135535001318D7019306F07F3368A800F5
:1000200013573700E38ED7E21317C7001357C700E3
:1000300093F7F77F137E14006FF09FD1938619001A
:1000400093F7E67F639E0712B3671701639A09244B
:1000500063860730B3E7D501639A0730131535007F
:10006000135935001318D701336828011357370087
:100070006FF09FFB3388D841B3B708013309B7400D
:100080003309F940931789009304080063C20712EB
:1000900033682801E31208C0130E00009307000024
:1000A000130700006FF0DFCA370980FF1309F9FF5B
:1000B000B389F940337927016FF09FC39307F07F2D
:1000C00033651701630405101388F7FF6302081EE8
:1000D0001305F07FE388A7D69307800313840600F7
:1000E0001305100063CA07039307F00163C40719DF
:1000F00093070002B38707413315F700B3D6080111
:10010000B397F8003365D500B337F00033580701D3
:100110003365F500B38505413385AE4033B7AE0096
:10012000930405003389E54093090F006FF09FB5F4
:10013000938607FE13060002B3D6D500638AC70074
:1001400013060004B307F640B397F500B3EEFE00C4
:100150003335D0013365D5006FF0DFB1B70680FFCE
:100160009386F6FFB387F9403377D7006FF09FEFA0
:100170001315360013553500138705006FF09FCD1A
:100180009307F07FE386F6DEB38ED80133B61E0107
:10019000B307B700B387C7001395F70193DE1E00BE
:1001A000B364D50113D91700938906006FF05FB4CB
:1001B00033861E41B387E54033B7CE009304060073
:1001C0003389E740138406006FF01FAD1316360025
:1001D0001355360013840600138705006FF09FE364
:1001E000E39807E06306082213D73500131636009C
:1001F0009395D5013367B700135636003367C700B0
:10020000138406006FF01FC6B38ED801B305B70084
:1002100033B61E013389C5009317890093840E00FD
:1002200063D8070A930920006FF0DFBDB38ED84171
:10023000B305B74033B6D80193840E003389C54067
:10024000930910006FF01FA4938607FE13060002A7
:10025000B3D6D500638AC70013060004B307F6407F
:10026000B397F500B3EEFE003339D0013369D900FE
:100270006FF01FB7930708FE93060002B357F7000D
:10028000630AD80093060004B38606413317D700EB
:10029000B3E8E800333510013365F5006FF0DFE7B0
:1002A000E38807ECB3EED501E3900EBC6FF09FD46A
:1002B00033861E41B385E54033B7CE009304060074
:1002C0003389E54013840600930910006FF09F9B6B
:1002D000930710006FF01FD1E30008DC13163600FF
:1002E000935736001398D501139795003368F8009B
:1002F0001357C700138E0600930700006FF05FA529
:100300003389D841B3B728013306B7403306F640E6
:100310009317860063D2070E33861E413387E5406C
:10032000B3BECE003307D74193178700930406006E
:1003300063DE0712B70780FF9387F7FF3377F70075
:1003400013840600930710006FF01F9F13163600EA
:1003500013553600138705006FF0DFCB13163600F8
:1003600013593600138705006FF0DFCFB386D8012D
:10037000B307B70033B61601B387C70013978700DA
:1003800013D83600635E0708370780FF1307F7FFAF
:10039000B3F7E7001397D7019397970033680701E6
:1003A00013D7C700930710006FF09F9A938706FE3C
:1003B00013060002B357F700638AC6001306000451
:1003C000B306D6403317D700B3E8E800333910013D
:1003D0003369F9006FF09FB313D534009387090098
:1003E000130709006FF01FC393060002B386F6409F
:1003F000130600006FF09F8E3368C900E30E08C833
:100400001359390093070000130706006FF09FC5CA
:10041000130E00009307F07F370708006FF05F931B
:100420001397D701939797003368070113D7C70035
:10043000930700006FF0DF91E38607AE33083F417A
:1004400093070800E38E09C69307800363CA070178
:10045000B70780003367F700138406006FF0DFC82A
:1004600013840600130510006FF01FCB1318D7017B
:10047000135636003368C80013573700930700003F
:10048000138406006FF05FBAE38A07BAB3063F41F0
:1004900063960900938706006FF01FA293078003FD
:1004A00013091000E3C4D7A6B70780003367F7002D
:1004B0006FF0DFA213D74501B70710009387F7FF4E
:1004C0001347F7FF13D84601B3F5B700B3F7D700CA
:1004D000931657011378F87F638006021307F07FA5
:1004E000130500006304E80067800000B3E7C7005D
:1004F0003335F00067800000B3E5A5001305100058
:10050000E38E05FC6780000093D74501B706100015
:100510001387F6FF93F7F77F1306E03F3377B700B3
:1005200093D5F501635EF6001306D041635EF600D5
:10053000370500801305F5FF3385A50067800000AF
:100540001305000067800000130630433306F640B1
:100550001308F0013367D7006350C8029306304197
:10056000B387F6403357F7003305E040E39C05FCC2
:1005700013050700678000009387D7BE3317F70085
:100580003355C5003367A7006FF01FFE130101FF4D
:10059000232611002324810023229100630A0504ED
:1005A0001357F541B344A700B384E4409307050013
:1005B0001385040013D4F701EF00C0529307E04104
:1005C000B387A7401307A00093F7F77F6340A70600
:1005D0001307B0003307A74033D7E40013055501D4
:1005E0001317C700B394A4001357C7006F0040014E
:1005F0001304000093070000130700009304000099
:10060000939747011314F401B3E7E7008320C10077
:10061000B3E7870003248100138504009385070056
:10062000832441001301010167800000130555FF79
:100630003397A4001317C7001357C7009304000093
:100640006FF01FFC130101FF2324810023261100FA
:1006500013040500630C0504EF00C0489307E04154
:10066000B387A7401307A00093F7F77F6344A7065B
:100670001307B0003307A740130555013357E400B3
:100680003314A4008320C100130504001317C7000E
:10069000032481001357C70093974701B3E7E7008E
:1006A0009385070013010101678000008320C100CA
:1006B00013050400930700000324810013070000C2
:1006C00093974701B3E7E700938507001301010102
:1006D00067800000130555FF3317A40013040000C2
:1006E0008320C100130504001317C70003248100F1
:1006F0001357C70093974701B3E7E70093850700B7
:1007000013010101678000008325C5008327850050
:10071000032805008326450013960501130101FEF9
:1007200013971500135606012324F1002326B10068
:10073000232CF100232001012322D10023280101D1
:10074000232AD100232EC1001357170193D5F50199
:10075000930801019307C1011315360003A6C7FFD3
:100760009387C7FF9356D601B3E6A60023A2D7000E
:10077000E394F8FE93061700131838001396160139
:10078000232801011356260163020604B7C6FFFFA2
:10079000938606403307D7009306E07F63D4E610C4
:1007A0009307F07F1306000093060000939747011C
:1007B0009395F501B3E7C700B3E7B70013850600CB
:1007C00093850700130101026780000003264101A1
:1007D000832881010325C101B3661601B3E6A60093
:1007E000B3E60601631407046382061493065000FF
:1007F0001306000093D736009316D601B3E6F60031
:10080000131696009377F77F1356C6009397470108
:100810009395F501B3E7C700B3E7B700138506006A
:1008200093850700130101026780000063840612AC
:1008300093D7C80113154500B3E7A700B70680009A
:10084000B3F6D7006382061C370780FF9356C601B4
:10085000939848001307F7FF33F6E700B3E6160155
:10086000B70740003366F60093F686FF9307000053
:1008700013D736009316D601131696001356C600EA
:10088000939747019395F501B3E7C700B3E6E600F8
:10089000B3E7B70013850600938507001301010233
:1008A00067800000635CE00C832741010325810120
:1008B0000326C10193964700B3E6060193D7C7010B
:1008C00013184500131646001355C501B336D00062
:1008D000B3E707013366A600B3E6F60093F77600A8
:1008E0006380070293F7F60013054000638AA700B0
:1008F00093874600B3B6D7003306D6009386070029
:10090000B7078000B377F600E38607EE13071700FA
:100910009307F07FE306F7E8B70780FF9387F7FFB9
:100920003376F6009377F77F6FF09FF4930700001C
:1009300013060000939747019395F501B3E7C700AD
:10094000B3E7B70013850600938507001301010282
:10095000678000009307F07F13060000939747011C
:100960009395F501B3E7C700B3E7B7001385060019
:100970009385070013010102678000009306C0FC05
:10098000634CD7089306D003B386E6400327C10122
:1009900013DE5640B70E0800B3EEEE0013152E001E
:1009A000232ED10193F6F6013388A80013860800A0
:1009B0001307000003230600130646003367670091
:1009C000E31AC8FE130630003306C641639A0604D4
:1009D00003280800938616009387470023AE07FF7D
:1009E000634ED6003388A7000328080093861600BC
:1009F0009387470023AE07FFE356D6FE93074000D8
:100A0000B387C7416F004008930500009307F07F4C
:100A1000370608006FF09FD9130700006FF01FDD45
:100A20001308050233082800032808FF130F0002EB
:100A3000330FDF403318E80133670701630E060800
:100A400013182600B30FF8003386A800032506000C
:100A500003234600938747003355D5003313E30142
:100A60003365650023AEA7FE13064600E390FFFE44
:100A700093074000B387C7411306080233062600D8
:100A8000B3DEDE002328D6FF93064000B386F6408F
:100A9000939626009397270013068000B388F800EA
:100AA00063EAC60023A0080023A20800938686FFFD
:100AB000938888009307400063E4F60023A00800B1
:100AC000832701013337E00003264101B366F700B5
:100AD000130700006FF09FE0930710001308000059
:100AE0006FF09FF9B7070100637AF502133705101D
:100AF0001337170013173700B72701803355E50068
:100B00009387C776B387A70003C507009306000243
:100B1000B386E6403385A64067800000B707000132
:100B20006374F50213070001B72701803355E50010
:100B30009387C776B387A70003C507009306000114
:100B40003385A6406780000013078001B727018026
:100B50003355E5009387C776B387A70003C5070021
:0C0B6000930680003385A64067800000EB
:100B7000696C6C6567616C20696E737472756374FF
:100B8000696F6E20657863657074696F6E20686147
:100B90006E646C657220656E74657265640A0065CA
:100BA00063616C6C20657863657074696F6E206832
:100BB000616E646C657220656E74657265640A00AE
:100BC00065627265616B20657863657074696F6ECC
:100BD0002068616E646C657220656E746572656410
:100BE0000A00756E6B6E6F776E2065786365707442
:100BF000696F6E2068616E646C657220656E7465E5
:100C00007265640A006E6F20657863657074696F41
:100C10006E2068616E646C657220696E7374616CBD
:100C20006C65640A00000000556E696D706C656D3E
:100C3000656E7465642073797374656D2063616C8F
:100C40006C2063616C6C6564210A000088FDFEFF06
:100C500088FDFEFF04FDFEFF04FDFEFF04FDFEFF18
:100C600004FDFEFF04FDFEFF04FDFEFF88FDFEFF08
:100C700078FDFEFF04FDFEFF04FDFEFF04FDFEFF08
:100C800004FDFEFF78FDFEFF78FDFEFF50FEFEFF37
:100C900004FDFEFF04FDFEFF04FDFEFF04FDFEFF5C
:100CA00004FDFEFF04FDFEFF04FDFEFF04FDFEFF4C
:100CB00004FDFEFF04FDFEFF04FDFEFF04FDFEFF3C
:100CC00004FDFEFF04FDFEFF88FDFEFF00FEFEFFAB
:100CD00004FDFEFF04FDFEFF04FDFEFF04FDFEFF1C
:100CE00004FDFEFF04FDFEFF04FDFEFF04FDFEFF0C
:100CF00004FDFEFF04FDFEFF04FDFEFF04FDFEFFFC
:100D000034FEFEFF04FDFEFF04FDFEFF04FDFEFFBA
:100D100004FDFEFF04FDFEFF04FDFEFF04FDFEFFDB
:100D200004FDFEFF04FDFEFF04FDFEFF04FDFEFFCB
:100D300004FDFEFF04FDFEFF04FDFEFF04FDFEFFBB
:100D400004FDFEFF04FDFEFF04FDFEFF04FDFEFFAB
:100D500004FDFEFF04FDFEFF04FDFEFF04FDFEFF9B
:100D600004FDFEFF04FDFEFF04FDFEFF04FDFEFF8B
:100D700004FDFEFF04FDFEFF04FDFEFF04FDFEFF7B
:100D800004FDFEFF04FDFEFF04FDFEFF04FDFEFF6B
:100D900044FEFEFF30FCFEFFD4FCFEFFE0FCFEFF45
:100DA000BCFBFEFFBCFBFEFFBCFBFEFFBCFBFEFF73
:100DB000BCFBFEFFBCFBFEFF40FCFEFFBCFBFEFFDE
:100DC000BCFBFEFFBCFBFEFFBCFBFEFFB8FCFEFF56
:100DD00040FCFEFF706C656173652E2E2E200000B6
:100DE00046465420616C6C6F63206661696C656473
:100DF000000000004646542072756E6E696E672EC4
:100E00002E2E00004646542066696E69736865643C
:100E1000000000006B6973735F66667420746F6F07
:100E20006B20257520696E737472756374696F6EBB
:100E30007320616E64202575206379636C65730A85
:100E4000000000004641494C203A2066667420723A
:100E50006573756C742076616C75657320696E635B
:100E60006F72726563740A596F7572206F757420A2
:100E700076616C7565733A0A5265616C09496D61FA
:100E80006700000025640925640A000053554343A8
:100E9000455353203A2066667420726573756C74EE
:100EA0002076616C75657320636F72726563740080
:100EB000FF7F0000C679A22A94651B4F93466468A1
:100EC000DF201B7331FF206EC9DFCF5AEEC7AC3C69
:100ED000C6B95B1877B6ECF243BDF4D26BCC77B9E8
:100EE00033E128A904FA02A41C13CFAA47293BBD69
:100EF000023A79D901434CF85E43B819253B58387A
:100F00004A2BB6507015AC60EEFC916690E3AE6172
:100F100034CE5B52D4BF053A8EB91D1BE6BB50FFE1
:100F200037C634E50DD700D16CECBCC38104F4BDE9
:100F3000211CB9BF0B31A2C8EC40E8D7AB4911EC7A
:100F4000C04AEB025D44ED18FE36BC29ED2329357D
:100F50008B0C4D3AB3F3FD38E5DB643150C74B24BD
:100F600072B80312F9B084FFACB1BBEC2DBA76DDD8
:100F700044C95CD348DD89CEF6F2C8CE6508E8D313
:100F8000C61BB3DD222B07EC4D3539FDF439830F39
:100F900059395120E333472D652A5936DD1DA23AD0
:100FA000CB0FB139F7006C3369F25B2814E59E1959
:100FB00084D9310853D075F6ABCAF3E584C826D876
:100FC000FF7F0000C679A22A94651B4F9346646890
:100FD000DF201B7331FF206EC9DFCF5AEEC7AC3C58
:100FE000C6B95B1877B6ECF243BDF4D26BCC77B9D7
:100FF00033E128A904FA02A41C13CFAA47293BBD58
:10100000023A79D901434CF85E43B819253B583868
:101010004A2BB6507015AC60EEFC916690E3AE6161
:1010200034CE5B52D4BF053A8EB91D1BE6BB50FFD0
:1010300037C634E50DD700D16CECBCC38104F4BDD8
:10104000211CB9BF0B31A2C8EC40E8D7AB4911EC69
:10105000C04AEB025D44ED18FE36BC29ED2329356C
:101060008B0C4D3AB3F3FD38E5DB643150C74B24AC
:1010700072B80312F9B084FFACB1BBEC2DBA76DDC7
:1010800044C95CD348DD89CEF6F2C8CE6508E8D302
:10109000C61BB3DD222B07EC4D3539FDF439830F28
:1010A00059395120E333472D652A5936DD1DA23ABF
:1010B000CB0FB139F7006C3369F25B2814E59E1948
:1010C00084D9310853D075F6ABCAF3E584C826D865
:1010D000FF7F0000C679A22A94651B4F934664687F
:1010E000DF201B7331FF206EC9DFCF5AEEC7AC3C47
:1010F000C6B95B1877B6ECF243BDF4D26BCC77B9C6
:1011000033E128A904FA02A41C13CFAA47293BBD46
:10111000023A79D901434CF85E43B819253B583857
:101120004A2BB6507015AC60EEFC916690E3AE6150
:1011300034CE5B52D4BF053A8EB91D1BE6BB50FFBF
:1011400037C634E50DD700D16CECBCC38104F4BDC7
:10115000211CB9BF0B31A2C8EC40E8D7AB4911EC58
:10116000C04AEB025D44ED18FE36BC29ED2329355B
:101170008B0C4D3AB3F3FD38E5DB643150C74B249B
:1011800072B80312F9B084FFACB1BBEC2DBA76DDB6
:1011900044C95CD348DD89CEF6F2C8CE6508E8D3F1
:1011A000C61BB3DD222B07EC4D3539FDF439830F17
:1011B00059395120E333472D652A5936DD1DA23AAE
:1011C000CB0FB139F7006C3369F25B2814E59E1937
:1011D00084D9310853D075F6ABCAF3E584C826D854
:1011E000FF7F0000C679A22A94651B4F934664686E
:1011F000DF201B7331FF206EC9DFCF5AEEC7AC3C36
:10120000C6B95B1877B6ECF243BDF4D26BCC77B9B4
:1012100033E128A904FA02A41C13CFAA47293BBD35
:10122000023A79D901434CF85E43B819253B583846
:101230004A2BB6507015AC60EEFC916690E3AE613F
:1012400034CE5B52D4BF053A8EB91D1BE6BB50FFAE
:1012500037C634E50DD700D16CECBCC38104F4BDB6
:10126000211CB9BF0B31A2C8EC40E8D7AB4911EC47
:10127000C04AEB025D44ED18FE36BC29ED2329354A
:101280008B0C4D3AB3F3FD38E5DB643150C74B248A
:1012900072B80312F9B084FFACB1BBEC2DBA76DDA5
:1012A00044C95CD348DD89CEF6F2C8CE6508E8D3E0
:1012B000C61BB3DD222B07EC4D3539FDF439830F06
:1012C00059395120E333472D652A5936DD1DA23A9D
:1012D000CB0FB139F7006C3369F25B2814E59E1926
:1012E00084D9310853D075F6ABCAF3E584C826D843
:1012F000FF7F0000C679A22A94651B4F934664685D
:10130000DF201B7331FF206EC9DFCF5AEEC7AC3C24
:10131000C6B95B1877B6ECF243BDF4D26BCC77B9A3
:1013200033E128A904FA02A41C13CFAA47293BBD24
:10133000023A79D901434CF85E43B819253B583835
:101340004A2BB6507015AC60EEFC916690E3AE612E
:1013500034CE5B52D4BF053A8EB91D1BE6BB50FF9D
:1013600037C634E50DD700D16CECBCC38104F4BDA5
:10137000211CB9BF0B31A2C8EC40E8D7AB4911EC36
:10138000C04AEB025D44ED18FE36BC29ED23293539
:101390008B0C4D3AB3F3FD38E5DB643150C74B2479
:1013A00072B80312F9B084FFACB1BBEC2DBA76DD94
:1013B00044C95CD348DD89CEF6F2C8CE6508E8D3CF
:1013C000C61BB3DD222B07EC4D3539FDF439830FF5
:1013D00059395120E333472D652A5936DD1DA23A8C
:1013E000CB0FB139F7006C3369F25B2814E59E1915
:1013F00084D9310853D075F6ABCAF3E584C826D832
:10140000FF7F0000C679A22A94651B4F934664684B
:10141000DF201B7331FF206EC9DFCF5AEEC7AC3C13
:10142000C6B95B1877B6ECF243BDF4D26BCC77B992
:1014300033E128A904FA02A41C13CFAA47293BBD13
:10144000023A79D901434CF85E43B819253B583824
:101450004A2BB6507015AC60EEFC916690E3AE611D
:1014600034CE5B52D4BF053A8EB91D1BE6BB50FF8C
:1014700037C634E50DD700D16CECBCC38104F4BD94
:10148000211CB9BF0B31A2C8EC40E8D7AB4911EC25
:10149000C04AEB025D44ED18FE36BC29ED23293528
:1014A0008B0C4D3AB3F3FD38E5DB643150C74B2468
:1014B00072B80312F9B084FFACB1BBEC2DBA76DD83
:1014C00044C95CD348DD89CEF6F2C8CE6508E8D3BE
:1014D000C61BB3DD222B07EC4D3539FDF439830FE4
:1014E00059395120E333472D652A5936DD1DA23A7B
:1014F000CB0FB139F7006C3369F25B2814E59E1904
:1015000084D9310853D075F6ABCAF3E584C826D820
:10151000FF7F0000C679A22A94651B4F934664683A
:10152000DF201B7331FF206EC9DFCF5AEEC7AC3C02
:10153000C6B95B1877B6ECF243BDF4D26BCC77B981
:1015400033E128A904FA02A41C13CFAA47293BBD02
:10155000023A79D901434CF85E43B819253B583813
:101560004A2BB6507015AC60EEFC916690E3AE610C
:1015700034CE5B52D4BF053A8EB91D1BE6BB50FF7B
:1015800037C634E50DD700D16CECBCC38104F4BD83
:10159000211CB9BF0B31A2C8EC40E8D7AB4911EC14
:1015A000C04AEB025D44ED18FE36BC29ED23293517
:1015B0008B0C4D3AB3F3FD38E5DB643150C74B2457
:1015C00072B80312F9B084FFACB1BBEC2DBA76DD72
:1015D00044C95CD348DD89CEF6F2C8CE6508E8D3AD
:1015E000C61BB3DD222B07EC4D3539FDF439830FD3
:1015F00059395120E333472D652A5936DD1DA23A6A
:10160000CB0FB139F7006C3369F25B2814E59E19F2
:1016100084D9310853D075F6ABCAF3E584C826D80F
:10162000FF7F0000C679A22A94651B4F9346646829
:10163000DF201B7331FF206EC9DFCF5AEEC7AC3CF1
:10164000C6B95B1877B6ECF243BDF4D26BCC77B970
:1016500033E128A904FA02A41C13CFAA47293BBDF1
:10166000023A79D901434CF85E43B819253B583802
:101670004A2BB6507015AC60EEFC916690E3AE61FB
:1016800034CE5B52D4BF053A8EB91D1BE6BB50FF6A
:1016900037C634E50DD700D16CECBCC38104F4BD72
:1016A000211CB9BF0B31A2C8EC40E8D7AB4911EC03
:1016B000A002A00A4400FDFF2F00040011000C004E
:1016C000E6FF1C00A2FF39000AFF7E0042FCCA01AF
:1016D000340582FDF40109FF4F014FFF07016DFF43
:1016E000D7007FFFB20093FF8300D0FFFCFD950978
:1016F0009B0067FE620094FE2B0073FED6FF1FFE68
:1017000045FF79FDEFFDF2FBDCF71DF5C90F830FF7
:101710000906830492049E023A04CE0167044B0139
:101720003F05D2000E080100B83C64F3E8F943031A
:101730001AFE510279FF1C0241002A02F5007B02C9
:10174000FC01610369055E074EF657F4B5FD5BFDCC
:10175000EBFEA7FE7CFF20FFE0FF56FF4A005AFF8A
:1017600005010BFF6A08D2F91FFE870139FFE4006B
:101770009CFFC700DBFFD3001600FA006800680179
:1017800054011D038BFC1EF945FF8CFEAFFF3BFF90
:10179000EAFF7AFF1C0097FF5D009BFFE70076FFE2
:1017A0007C0571FD36FEDA003BFF75008AFF65009F
:1017B000B7FF6B00D8FF8100FBFFBA0042008A012F
:1017C000B8FE6AFBC5FF34FFF0FF9AFF0D00C2FFB1
:1017D0002F00D5FF6100DEFFD200DCFF160478FF8A
:1017E0002EFE470037FF2D0082FF2D00A6FF35009B
:1017F000BCFF4600CCFF6400DAFFCD00F3FFA3FC82
:10180000F6FF91FF0300D3FF1000EDFF2600FDFF60
:1018100049000A00990020009E02810071FEC8FF65
:1018200059FFF6FF94FF0800B1FF1200C0FF21002E
:10183000C7FF3400C1FF7000DD0016FD0E00C2FFBF
:101840000C00EDFF1500FFFF25000E003E001F00FD
:101850007C004100DC01EC0095FE62FF72FFCDFFD1
:10186000A4FFE9FFBCFFF7FFC8FF0200D0FF0E0096
:10187000CCFF26006501D5FD0800EDFF0500020044
:101880000C000F0016001C0028002D005500510010
:101890002C010301D8FE21FF92FFB9FFBAFFD9FF47
:1018A000CCFFE9FFD7FFF3FFE0FFFAFFE7FF0100FE
:1018B0009701A1FEEFFF0C00F6FF1300FCFF1B00D9
:1018C000030027001000390028006000970017016E
:1018D00037FFCDFEB8FFA3FFD4FFCCFFE0FFDEFF54
:1018E000E9FFE9FFF4FFEFFF0400F1FFB60139FF64
:1018F000D2FF1400E5FF1700EEFF1A00F5FF2600E7
:10190000FBFF350007005A003100F40096FFAAFEE5
:10191000DCFFA0FFE9FFCBFFF1FFDDFFFBFFE9FFED
:101920000300F0FF1C00F3FFB701CBFFB4FF0D0075
:10193000D5FF0E00E1FF1400E6FF1D00E8FF2C00BC
:10194000ECFF4B00EBFFC20004009DFEFCFFA6FF76
:10195000FEFFD0FF0200E2FF0600EEFF1200F6FFDE
:101960003000020091013F0099FFF3FFC9FF020020
:10197000D7FF0C00DDFF1100DDFF1F00DBFF37008C
:10198000C6FF8D005D00AEFE1000B7FF0700DDFF53
:101990000800ECFF0C00F9FF1700030031001600EF
:1019A0003E019B008BFFCFFFC6FFF0FFD3FFFCFF84
:1019B000D9FF0500DAFF1100D2FF2300B1FF5D005F
:1019C000C500C7FE1E00C9FF1000E8FF0D00F6FFAE
:1019D0000F000100170010002F002900EE00D800B2
:1019E0008DFFA2FFC8FFDAFFD7FFECFFDCFFF9FF96
:1019F000DCFF0200D5FF0F00B8FF2F0006010AFF31
:101A00002000DDFF1000F4FF0C00FFFF0C000900B8
:101A100012001700240035009E00EB009BFF78FFAA
:101A2000D1FFCAFFDBFFDFFFE0FFEDFFE0FFF3FFC9
:101A3000DCFFFDFFC8FF0B0037016EFF1600F2FF51
:101A40000900FEFF05000900050010000800210044
:101A5000110042005200F800B6FF4BFFDEFFBDFF51
:101A6000E7FFD8FFE9FFE4FFEAFFECFFE8FFF2FF42
:101A7000DCFFFAFF4101BBFF0700FCFFFCFF030096
:101A8000FAFF0B00F8FF1200F8FF2100F7FF4100FA
:101A9000F3FFDE00FAFF2FFFF7FFB6FFF7FFD4FFDB
:101AA000F7FFE2FFF6FFEAFFF5FFF1FFF5FFF7FFB3
:101AB00046012000F4FFFFFFF3FF0200F1FF0A00E0
:101AC000EEFF1200ECFF1F00E4FF3C00BAFFC00075
:101AD0003E001EFF0E00B7FF0700D5FF0100E1FF2B
:101AE0000100E9FF0200F3FF0700FAFF2E01830067
:101AF000E3FFF5FFEAFFFEFFE9FF0300E8FF0B004D
:101B0000E3FF1700D7FF2E009CFF8F007D0025FF0D
:101B10001F00BFFF1000DAFF0A00E8FF0900F1FF15
:101B20000B00FAFF14000B00F800DA00D2FFDDFF13
:101B3000E2FFEFFFE3FFFAFFE3FF0200DBFF0B0032
:101B4000CCFF1D0087FF6000CA003BFF2F00CBFFCA
:101B50001900E3FF1000F0FF0C00FAFF0E00060072
:101B600017001B00B0000A01CDFFBDFFE1FFE0FF41
:101B7000E2FFEBFFE1FFF5FFDAFF0000C8FF0A001C
:101B800084FF2D00110174FF3900DEFF1F00EFFFFD
:101B90001200FAFF0E0001000D000F0011002C00D2
:101BA0005C002501DAFF98FFE9FFD1FFE8FFE1FFC4
:101BB000E5FFE9FFDEFFF3FFCDFFFAFF92FF08002C
:101BC0004A01BAFF3900F2FF1C00FAFF11000200BF
:101BD0000B0009000700180006003A001A00340143
:101BE000F0FF6FFFF3FFBFFFF0FFD5FFECFFDFFF5C
:101BF000E8FFE6FFDCFFEAFFB2FFEDFF3F01110067
:101C00002800FFFF0F0001000400050000000F0086
:101C1000F7FF1E00EBFF4000B0FF1B01230052FF47
:101C20000900B6FF0000CEFFF7FFDAFFF2FFDFFF8B
:101C3000E7FFE2FFCFFFDCFF4D017A001A0006004C
:101C400006000500FDFF0700F5FF0E00EAFF1B0080
:101C5000D6FF39006AFFE600610048FF1E00B5FFAD
:101C60000E00CDFF0400D9FFFEFFE0FFF8FFE2FF0A
:101C7000EAFFE0FF3501E10008000300FBFF02007E
:101C8000F2FF0500EAFF0C00DCFF1500C1FF2D008C
:101C900032FFAB00B2004FFF3A00BBFF1E00D3FF84
:101CA0001400DFFF0B00E5FF0400E8FFFFFFEDFF7E
:101CB000E7005F01F5FFF4FFF0FFF7FFEAFFFBFF2E
:101CC000E1FF0300D2FF0B00AEFF1E0011FF730007
:101CD0000B0163FF5200C5FF2E00DCFF1C00E4FF78
:101CE0001300EBFF0C00F3FF0A00010078009F01D6
:101CF000F0FFD4FFEFFFE3FFE6FFECFFDDFFF0FFB7
:101D0000C9FFF7FFA3FFFEFF03FF18006C01B6FF3A
:101D10006800E2FF3900EDFF2700F5FF1900FBFF27
:101D20000F0008000A0021000900F301FAFFA7FFD5
:101D3000F3FFCEFFEBFFDAFFDEFFDFFFCCFFE2FFBA
:101D4000A4FFE3FF0DFFD8FFC401190074000000D9
:101D50003E00FEFF2600020016000A000A001A00DC
:101D6000F8FF44006DFF4902230065FF0900AAFF48
:101D7000FBFFBEFFEFFFC7FFDBFFC7FFB9FFC3FFDE
:101D800046FF99FFCF01A400660017003300090049
:101D90001C0008000A000F00F7FF1B00D3FF4400DF
:101DA000BEFEDB016D0047FF2A009AFF1300B2FF61
:101DB000FFFFB7FFECFFB7FFCEFFA9FF6FFF6DFF7F
:101DC0000102550160002D002C00100011000A00D6
:101DD000FBFF0D00DDFF16009DFF3D00DAFD7401E5
:101DE00005012CFF76008EFF4B00A2FF3600A7FFF7
:101DF0002400A2FF13008FFFF8FF3FFFC0006A021C
:101E000026003300120004000400F3FFF2FFE7FF96
:101E1000DAFFDDFFA4FFD3FF54FEADFF0901EAFFA7
:101E20007100D6FF4900C7FF3800BBFF3200A5FF95
:101E300036007DFF640001FF7FFC820676FF8A008A
:101E40008DFF2C0081FF05005DFFE4FF18FFB9FF47
:101E50006DFE60FF8CFA82FDD003F3016201C900C0
:101E6000CF008600870068005400560020004E0016
:101E7000C2FF4C000509C7FFA500380054003D0013
:101E800024004100F8FF4A00B8FF5D0033FF8D00D9
:101E90009FFC9001A803BDFE75019AFFF900C8FFE1
:101EA000C100DAFF9C00E6FF8300EDFF6D00F3FF49
:101EB000FF7F0000FD7F6EFEF57FDCFCE97F4AFBC3
:101EC000D87FB8F9C17F27F8A67F96F6867F05F5FB
:101ED000617F74F3377FE4F1097F55F0D57EC6EE5C
:101EE0009C7E38ED5F7EABEB1D7E1EEAD57D92E8D1
:101EF000897D07E7397D7EE5E37CF5E3887C6DE24B
:101F0000297CE6E0C57B61DF5C7BDDDDEE7A5ADCB7
:101F10007C7AD8DA057A58D98979DAD709795DD601
:101F20008478E1D4FA7767D36B77EFD1D87679D01C
:101F3000417605CFA57592CD047521CC5F74B3CAE7
:101F4000B57346C90773DCC7547274C69D710EC55C
:101F5000E270AAC3227048C25E6FE9C0966E8DBF60
:101F6000C96D32BEF86CDBBC236C86BB4A6B33BADE
:101F70006D6AE4B88B6997B7A6684CB6BC6705B5BF
:101F8000CF66C1B3DD657FB2E86441B1EE6305B0F1
:101F9000F162CDAEF06198ADEB6065ACE35F37AB5D
:101FA000D75E0BAAC75DE3A8B35CBEA79C5B9CA6EB
:101FB000825A7EA5645964A442584DA31D5739A284
:101FC000F55529A1C9541DA09B53159F6852109E19
:101FD00033510F9DFB4F129CBF4E189B814D239A8E
:101FE0003F4C3199FB4A4498B4495A9769487596D1
:101FF0001C479395CD45B6947A44DD9325430893C9
:10200000CE41379273406A91173FA290B83DDE8F60
:10201000563C1E8FF23A638E8C39AC8D2438F98C85
:10202000BA364B8C4D35A18BDF33FC8A6E325B8A1E
:10203000FB30BF89872F2889112E9588992C068817
:102040001F2B7C87A329F78626287786A826FB8561
:1020500028258485A62312852322A4849F203B84DF
:102060001A1FD783931D78830B1C1D83821AC78286
:10207000F91877826E172B82E215E3815514A1813E
:10208000C81264813A112B81AB0FF7801C0EC980F6
:102090008C0C9F80FB0A7A806A095A80D9073F809E
:1020A00048062880B604178024030B809201038021
:1020B000000001806EFE0380DCFC0B804AFB178071
:1020C000B8F9288027F83F8096F65A8005F57A807F
:1020D00074F39F80E4F1C98055F0F780C6EE2B8140
:1020E00038ED6481ABEBA1811EEAE38192E82B829B
:1020F00007E777827EE5C782F5E31D836DE278838B
:10210000E6E0D78361DF3B84DDDDA4845ADC128501
:10211000D8DA848558D9FB85DAD777865DD6F786F5
:10212000E1D47C8767D30688EFD1958879D0288958
:1021300005CFBF8992CD5B8A21CCFC8AB3CAA18B23
:1021400046C94B8CDCC7F98C74C6AC8D0EC5638E4A
:10215000AAC31E8F48C2DE8FE9C0A2908DBF6A91CC
:1021600032BE3792DBBC089386BBDD9333BAB6949C
:10217000E4B8939597B775964CB65A9705B54498B9
:10218000C1B331997FB2239A41B1189B05B0129C1B
:10219000CDAE0F9D98AD109E65AC159F37AB1DA0C1
:1021A0000BAA29A1E3A839A2BEA74DA39CA664A4AB
:1021B0007EA57EA564A49CA64DA3BEA739A2E3A8D4
:1021C00029A10BAA1DA037AB159F65AC109E98AD39
:1021D0000F9DCDAE129C05B0189B41B1239A7FB2E2
:1021E0003199C1B3449805B55A974CB6759697B7CF
:1021F0009395E4B8B69433BADD9386BB0893DBBC01
:10220000379232BE6A918DBFA290E9C0DE8F48C27C
:102210001E8FAAC3638E0EC5AC8D74C6F98CDCC745
:102220004B8C46C9A18BB3CAFC8A21CC5B8A92CD68
:10223000BF8905CF288979D09588EFD1068867D3E3
:102240007C87E1D4F7865DD67786DAD7FB8558D9C7
:102250008485D8DA12855ADCA484DDDD3B8461DF15
:10226000D783E6E078836DE21D83F5E3C7827EE5E0
:10227000778207E72B8292E8E3811EEAA181ABEB2C
:10228000648138ED2B81C6EEF78055F0C980E4F10A
:102290009F8074F37A8005F55A8096F63F8027F880
:1022A0002880B8F917804AFB0B80DCFC03806EFEA7
:1022B00001800000038092010B8024031780B60484
:1022C000288048063F80D9075A806A097A80FB0A2D
:1022D0009F808C0CC9801C0EF780AB0F2B813A11AC
:1022E0006481C812A1815514E381E2152B826E1717
:1022F0007782F918C782821A1D830B1C7883931D7D
:10230000D7831A1F3B849F20A48423221285A623EF
:1023100084852825FB85A82677862628F786A32985
:102320007C871F2B0688992C9588112E2889872F4A
:10233000BF89FB305B8A6E32FC8ADF33A18B4D355F
:102340004B8CBA36F98C2438AC8D8C39638EF23ACA
:102350001E8F563CDE8FB83DA290173F6A917340A6
:102360003792CE4108932543DD937A44B694CD4508
:1023700093951C47759669485A97B4494498FB4A07
:1023800031993F4C239A814D189BBF4E129CFB4FB5
:102390000F9D3351109E6852159F9B531DA0C95429
:1023A00029A1F55539A21D574DA3425864A464597B
:1023B0007EA5825A9CA69C5BBEA7B35CE3A8C75DC2
:1023C0000BAAD75E37ABE35F65ACEB6098ADF0610D
:1023D000CDAEF16205B0EE6341B1E8647FB2DD6578
:1023E000C1B3CF6605B5BC674CB6A66897B78B6915
:1023F000E4B86D6A33BA4A6B86BB236CDBBCF86CFD
:1024000032BEC96D8DBF966EE9C05E6F48C2227044
:10241000AAC3E2700EC59D7174C65472DCC70773FF
:1024200046C9B573B3CA5F7421CC047592CDA57546
:1024300005CF417679D0D876EFD16B7767D3FA772D
:10244000E1D484785DD60979DAD7897958D9057AC3
:10245000D8DA7C7A5ADCEE7ADDDD5C7B61DFC57B25
:10246000E6E0297C6DE2887CF5E3E37C7EE5397D5E
:1024700007E7897D92E8D57D1EEA1D7EABEB5F7E86
:1024800038ED9C7EC6EED57E55F0097FE4F1377FAE
:1024900074F3617F05F5867F96F6A67F27F8C17FE6
:1024A000B8F9D87F4AFBE97FDCFCF57F6EFEFD7F43
:1024B0000000FF7F9201FD7F2403F57FB604E97FD2
:1024C0004806D87FD907C17F6A09A67FFB0A867FA5
:1024D0008C0C617F1C0E377FAB0F097F3A11D57EC4
:1024E000C8129C7E55145F7EE2151D7E6E17D57D49
:1024F000F918897D821A397D0B1CE37C931D887C39
:102500001A1F297C9F20C57B23225C7BA623EE7AA1
:1025100028257C7AA826057A26288979A32909798D
:102520001F2B8478992CFA77112E6B77872FD8760A
:10253000FB3041766E32A575DF3304754D355F741F
:10254000BA36B573243807738C395472F23A9D71D8
:10255000563CE270B83D2270173F5E6F7340966E36
:10256000CE41C96D2543F86C7A44236CCD454A6B46
:102570001C476D6A69488B69B449A668FB4ABC6709
:102580003F4CCF66814DDD65BF4EE864FB4FEE6387
:102590003351F1626852F0619B53EB60C954E35FC1
:1025A000F555D75E1D57C75D4258B35C64599C5BB7
:1025B000825A825A9C5B6459B35C4258C75D1D576E
:1025C000D75EF555E35FC954EB609B53F0616852E9
:1025D000F1623351EE63FB4FE864BF4EDD65814D20
:1025E000CF663F4CBC67FB4AA668B4498B69694813
:1025F0006D6A1C474A6BCD45236C7A44F86C2543C1
:10260000C96DCE41966E73405E6F173F2270B83D24
:10261000E270563C9D71F23A54728C39077324383B
:10262000B573BA365F744D350475DF33A5756E32F8
:102630004176FB30D876872F6B77112EFA77992C5D
:1026400084781F2B0979A32989792628057AA82659
:102650007C7A2825EE7AA6235C7B2322C57B9F20EB
:10266000297C1A1F887C931DE37C0B1C397D821A00
:10267000897DF918D57D6E171D7EE2155F7E551494
:102680009C7EC812D57E3A11097FAB0F377F1C0E96
:10269000617F8C0C867FFB0AA67F6A09C17FD90700
:1026A000D87F4806E97FB604F57F2403FD7F9201B9
:1026B0000400000080000000040000002000000072
:1026C00004000000080000000400000002000000F8
:1026D00002000000010000005B4552524F525D2095
:1026E0006B6973735F6666742E633A353434200009
:1026F0004D656D6F727920616C6C6F636174696F89
:102700006E206661696C65642E0000005B45525264
:102710004F525D206B6973735F6666742E633A3740
:1027200034372000666F75742062756666657220A6
:102730004E554C4C2E0000005B4552524F525D20CE
:102740006B6973735F6666742E633A3735332000A6
:102750004D656D6F727920616C6C6F636174696F28
:102760006E206572726F722E00000000000102027E
:102770000303030304040404040404040505050519
:1027800005050505050505050505050506060606F5
:1027900006060606060606060606060606060606D9
:1027A00006060606060606060606060607070707C5
:1027B00007070707070707070707070707070707A9
:1027C0000707070707070707070707070707070799
:1027D0000707070707070707070707070707070789
:1027E0000707070707070707070707070808080875
:1027F0000808080808080808080808080808080859
:102800000808080808080808080808080808080848
:102810000808080808080808080808080808080838
:102820000808080808080808080808080808080828
:102830000808080808080808080808080808080818
:102840000808080808080808080808080808080808
:1028500008080808080808080808080808080808F8
:102860000808080808080808080808080A000000FE
:10287000494E4600696E66004E414E006E616E0024
:1028800030313233343536373839414243444546A6
:102890000000000030313233343536373839616268
:1028A0006364656600000000286E756C6C2900008A
:1028B00030000000806D0080BC670080BC67008035
:1028C000746D0080BC670080BC670080BC670080BE
:1028D000BC670080BC670080BC670080786C0080AB
:1028E000646D0080BC670080906C00809C6C0080F0
:1028F000BC670080246D0080886700808867008046
:10290000886700808867008088670080886700800B
:10291000886700808867008088670080BC670080C7
:10292000BC670080BC670080BC670080BC6700801B
:10293000BC670080BC670080BC670080BC6700800B
:10294000BC670080F86C0080E46A0080BC6700808F
:10295000E46A0080BC670080BC670080BC670080C0
:10296000BC670080986D0080BC670080BC670080F9
:102970007C6E0080BC670080BC670080BC67008004
:10298000BC670080BC670080A46D0080BC670080CD
:10299000BC67008090790080BC670080BC670080C5
:1029A000BC670080BC670080BC670080BC6700809B
:1029B000BC670080BC670080BC670080BC6700808B
:1029C0003C6D0080D46B0080E46A0080E46A008083
:1029D000E46A0080306D0080D46B0080BC670080AA
:1029E000BC67008094690080BC670080986F00809D
:1029F000686F0080306F008094690080BC67008041
:102A0000C86E0080BC670080986E0080BC67008044
:102A1000BC670080E8790080202020202020202032
:102A20002020202020202020303030303030303026
:102A30003030303030303030288D00808889008050
:102A4000888900801C8D00808889008088890080AA
:102A50008889008088890080888900808889008032
:102A60007C8C00800C8D0080888900808C8C00809C
:102A7000988C008088890080008D008054890080B7
:102A800054890080548900805489008054890080D2
:102A900054890080548900805489008054890080C2
:102AA00088890080888900808889008088890080E2
:102AB00088890080888900808889008088890080D2
:102AC0008889008088890080EC8C0080888900805B
:102AD00088890080888900808889008088890080B2
:102AE00088890080888900808889008088890080A2
:102AF00088890080AC8D008088890080888900806A
:102B0000888900808889008088890080608D0080A5
:102B100088890080888900804494008088890080AA
:102B20008889008088890080888900808889008061
:102B30008889008088890080888900808889008051
:102B400088890080408D0080D88B00808889008033
:102B50008889008088890080748E0080D88B0080EE
:102B60008889008088890080E08A008088890080C8
:102B70003C8E0080148E0080088F0080E08A0080E8
:102B800088890080A88E008088890080808E0080DF
:102B900088890080888900809894008020202020E7
:102BA00020202020202020202020202030303030E5
:102BB0003030303030303030303030304300000092
:102BC000504F534958000000496E66696E69747928
:102BD000000000004E614E0042616C6C6F63207318
:102BE0007563636565646564000000002E2E2F2EFA
:102BF0002E2F2E2E2F2E2E2F2E2E2F2E2E2F737267
:102C0000632F6E65776C69622F6E65776C69622FD2
:102C10006C6962632F7374646C69622F64746F6192
:102C20002E6300002E2E2F2E2E2F2E2E2F2E2E2FE7
:102C30002E2E2F2E2E2F7372632F6E65776C696286
:102C40002F6E65776C69622F6C6962632F73746491
:102C50006C69622F6D707265632E63000000000066
:102C600005000000190000007D00000000000000C9
:102C7000000000000000F03F0000000000002440C1
:102C800000000000000059400000000000408F409C
:102C9000000000000088C34000000000006AF84007
:102CA0000000000080842E4100000000D01263412B
:102CB0000000000084D797410000000065CDCD41A1
:102CC000000000205FA00242000000E87648374282
:102CD000000000A2941A6D42000040E59C30A24220
:102CE0000000901EC4BCD64200003426F56B0C4395
:102CF0000080E03779C3414300A0D885573476433C
:102D000000C84E676DC1AB43003D9160E458E1439C
:102D1000408CB5781DAF154450EFE2D6E41A4B4411
:102D200092D54D06CFF08044F64AE1C7022DB54456
:102D3000B49DD9794378EA44BC89D897B2D29C3CF7
:102D400033A7A8D523F649393DA7F444FD0FA53292
:102D50009D978CCF08BA5B25436FAC642806C80AE0
:102D60000080E03779C34143176E05B5B5B8934687
:102D7000F5F93FE9034F384D321D30F94877825A53
:102D80003CBF737FDD4F15750020202020202020C0
:102D9000202028282828282020202020202020200B
:102DA000202020202020202020881010101010101B
:102DB0001010101010101010100404040404040467
:102DC0000404041010101010101041414141414101
:102DD00001010101010101010101010101010101E3
:102DE00001010101101010101010424242424242F3
:102DF00002020202020202020202020202020202B3
:102E0000020202021010101020000000000000005A
:102E100000000000000000000000000000000000B2
:102E200000000000000000000000000000000000A2
:102E30000000000000000000000000000000000092
:102E40000000000000000000000000000000000082
:102E50000000000000000000000000000000000072
:102E60000000000000000000000000000000000062
:102E70000000000000000000000000000000000052
:102E80000000000000000000000000002C2066751B
:102E90006E6374696F6E3A200000000061737365A1
:102EA0007274696F6E2022257322206661696C65D9
:102EB000643A2066696C6520222573222C206C6997
:102EC0006E65202564257325730A0000C4ED00801B
:102ED00070EC00801CEC008070ED00801CEC008029
:102EE00080EC00801CEC008070ED008070EC0080B5
:102EF00070EC008080EC008070ED0080FCEC0080C5
:0C2F0000FCEC0080FCEC008080EC008009
:102F0C001000000000000000037A5200017C010157
:102F1C001B0D02001000000018000000940AFFFFB7
:102F2C00DC04000000000000100000002C00000079
:0C2F3C005C0FFFFF90040000000000008C
:102F48000000001000000000000000000000000069
:102F58000000000000000000000000000000000069
:102F68000000000000000000000000000000000059
:102F7800702F0180702F0180782F0180782F0180B9
:102F8800802F0180802F0180882F0180882F018069
:102F9800902F0180902F0180982F0180982F018019
:102FA800A02F0180A02F0180A82F0180A82F0180C9
:102FB800B02F0180B02F0180B82F0180B82F018079
:102FC800C02F0180C02F0180C82F0180C82F018029
:102FD800D02F0180D02F0180D82F0180D82F0180D9
:102FE800E02F0180E02F0180E82F0180E82F018089
:102FF800F02F0180F02F0180F82F0180F82F018039
:1030080000300180003001800830018008300180E4
:103018001030018010300180183001801830018094
:103028002030018020300180283001802830018044
:1030380030300180303001803830018038300180F4
:1030480040300180403001804830018048300180A4
:103058005030018050300180583001805830018054
:103068006030018060300180683001806830018004
:1030780070300180703001807830018078300180B4
:103088008030018080300180883001808830018064
:103098009030018090300180983001809830018014
:1030A800A0300180A0300180A8300180A8300180C4
:1030B800B0300180B0300180B8300180B830018074
:1030C800C0300180C0300180C8300180C830018024
:1030D800D0300180D0300180D8300180D8300180D4
:1030E800E0300180E0300180E8300180E830018084
:1030F800F0300180F0300180F8300180F830018034
:1031080000310180003101800831018008310180DF
:10311800103101801031018018310180183101808F
:10312800203101802031018028310180283101803F
:1031380030310180303101803831018038310180EF
:10314800403101804031018048310180483101809F
:10315800503101805031018058310180583101804F
:1031680060310180603101806831018068310180FF
:1031780070310180703101807831018078310180AF
:10318800803101808031018088310180883101805F
:10319800903101809031018098310180983101800F
:1031A800A0310180A0310180A8310180A8310180BF
:1031B800B0310180B0310180B8310180B83101806F
:1031C800C0310180C0310180C8310180C83101801F
:1031D800D0310180D0310180D8310180D8310180CF
:1031E800E0310180E0310180E8310180E83101807F
:1031F800F0310180F0310180F8310180F83101802F
:1032080000320180003201800832018008320180DA
:10321800103201801032018018320180183201808A
:10322800203201802032018028320180283201803A
:1032380030320180303201803832018038320180EA
:10324800403201804032018048320180483201809A
:10325800503201805032018058320180583201804A
:1032680060320180603201806832018068320180FA
:1032780070320180703201807832018078320180AA
:10328800803201808032018088320180883201805A
:10329800903201809032018098320180983201800A
:1032A800A0320180A0320180A8320180A8320180BA
:1032B800B0320180B0320180B8320180B83201806A
:1032C800C0320180C0320180C8320180C83201801A
:1032D800D0320180D0320180D8320180D8320180CA
:1032E800E0320180E0320180E8320180E83201807A
:1032F800F0320180F0320180F8320180F83201802A
:1033080000330180003301800833018008330180D5
:103318001033018010330180183301801833018085
:103328002033018020330180283301802833018035
:1033380030330180303301803833018038330180E5
:103348004033018040330180483301804833018095
:103358005033018050330180583301805833018045
:1033680060330180603301806833018068330180F5
:103378000000000003000000D836018000000000B3
:1033880000000000D836018040370180A83701804E
:103398000000000000000000000000000000000025
:1033A8000000000000000000000000000000000015
:1033B8000000000000000000000000000000000005
:1033C80000000000000000000000000000000000F5
:1033D80000000000000000000000000000000000E5
:1033E80000000000000000000000000000000000D5
:1033F80000000000000000000000000000000000C5
:1034080000000000000000000000000000000000B4
:1034180000000000000000000100000000000000A3
:103428000E33CDAB34126DE6ECDE05000B00000068
:103438000000000000000000000000000000000084
:103448000000000000000000000000000000000074
:103458000000000000000000000000000000000064
:103468000000000000000000000000000000000054
:103478000000000000000000000000000000000044
:103488000000000000000000000000000000000034
:103498000000000000000000000000000000000024
:1034A80043000000000000000000000000000000D1
:1034B8000000000000000000000000000000000004
:1034C80043000000000000000000000000000000B1
:1034D80000000000000000000000000000000000E4
:1034E8004300000000000000000000000000000091
:1034F80000000000000000000000000000000000C4
:103508004300000000000000000000000000000070
:1035180000000000000000000000000000000000A3
:103528004300000000000000000000000000000050
:103538000000000000000000000000000000000083
:103548004300000000000000000000000000000030
:103558000000000000000000000000000000000063
:103568004300000000000000000000000000000010
:103578000000000000000000000000000000000043
:1035880020D900802CC1008000000000882D018017
:1035980034270180400E0180400E0180400E0180DA
:1035A800400E0180400E0180400E0180400E0180D7
:1035B800400E0180400E0180FFFFFFFFFFFFFFFF6D
:1035C800FFFFFFFFFFFF000001004153434949008F
:1035D80000000000000000000000000000000000E3
:1035E800000000000000000000004153434949006A
:1035F80000000000000000000000000000000000C3
:0C360800000000000000000000000000B6
:10361400FFFFFFFF0000000000000000B01E01805B
:083624008C360180B026018004
:10363000FFFFFFFFFFFFEF7F000000000000F83FEB
:1036400061436F63A787D23FB3C8608B288AC63FA8
:10365000FB799F501344D33F000000000000F03F6F
:1036600000000000000024400000000000001C409A
:103670000000000000001440000000000000E03FD7
:10368000A0390180FFFFFFFF0000020088330180A6
:0400000580000080F7
:00000001FF
